Election Year,State,County,Total Registered Voters,Total Ballots Cast,Vote by Mail Ballots,Vote Center Ballots,Democratic Votes,Republican Votes,Total Voted,Source,Wisdom
2024,AK,District 01,0,8584,0,0,3367,4861,8584,medsl,0
2024,AK,District 02,0,9563,0,0,4571,4534,9563,medsl,0
2024,AK,District 03,0,11107,0,0,6130,4496,11107,medsl,0
2024,AK,District 04,0,9270,0,0,6161,2691,9270,medsl,0
2024,AK,District 05,0,8020,0,0,3328,4351,8020,medsl,0
2024,AK,District 06,0,12000,0,0,4773,6705,12000,medsl,0
2024,AK,District 07,0,9609,0,0,2513,6777,9609,medsl,0
2024,AK,District 08,0,10805,0,0,2576,7950,10805,medsl,0
2024,AK,District 09,0,11836,0,0,5849,5581,11836,medsl,0
2004,AK,District 1,0,10417,0,0,3662,6303,10417,medsl,0
2008,AK,District 1,0,6970,0,0,2597,4149,6970,medsl,0
2012,AK,District 1,0,7722,0,0,1518,5899,7722,medsl,0
2016,AK,District 1,0,6638,0,0,2573,3180,6638,medsl,0
2020,AK,District 1,0,7314,0,0,3477,3511,7314,medsl,0
2004,AK,District 10,0,10750,0,0,3670,6745,10750,medsl,1
2008,AK,District 10,0,5615,0,0,2074,3392,5615,medsl,1
2012,AK,District 10,0,6570,0,0,1344,4928,6570,medsl,1
2016,AK,District 10,0,9040,0,0,1808,6255,9040,medsl,1
2020,AK,District 10,0,11205,0,0,2727,8081,11205,medsl,1
2024,AK,District 10,0,8763,0,0,4070,4357,8763,medsl,1
2004,AK,District 11,0,13025,0,0,3364,9280,13025,medsl,1
2008,AK,District 11,0,9866,0,0,1924,7736,9866,medsl,1
2012,AK,District 11,0,8631,0,0,2222,6057,8631,medsl,1
2016,AK,District 11,0,9689,0,0,2142,6444,9689,medsl,1
2020,AK,District 11,0,10628,0,0,3130,7096,10628,medsl,1
2024,AK,District 11,0,9840,0,0,4633,4864,9840,medsl,1
2004,AK,District 12,0,11845,0,0,3387,8108,11845,medsl,1
2008,AK,District 12,0,7589,0,0,1914,5467,7589,medsl,1
2012,AK,District 12,0,6482,0,0,1901,4300,6482,medsl,1
2016,AK,District 12,0,9543,0,0,1928,6629,9543,medsl,1
2020,AK,District 12,0,11238,0,0,2957,7893,11238,medsl,1
2024,AK,District 12,0,8515,0,0,4169,4059,8515,medsl,1
2004,AK,District 13,0,16012,0,0,4819,10702,16012,medsl,1
2008,AK,District 13,0,11526,0,0,2800,8432,11526,medsl,1
2012,AK,District 13,0,5707,0,0,2425,3078,5707,medsl,1
2016,AK,District 13,0,6533,0,0,1684,4028,6533,medsl,1
2020,AK,District 13,0,7713,0,0,2666,4652,7713,medsl,1
2024,AK,District 13,0,7577,0,0,3682,3589,7577,medsl,1
2004,AK,District 14,0,15548,0,0,4403,10717,15548,medsl,1
2008,AK,District 14,0,10456,0,0,2132,8108,10456,medsl,1
2012,AK,District 14,0,7068,0,0,3340,3453,7068,medsl,1
2016,AK,District 14,0,10420,0,0,3043,5978,10420,medsl,1
2020,AK,District 14,0,11443,0,0,4261,6714,11443,medsl,1
2024,AK,District 14,0,7426,0,0,4346,2768,7426,medsl,1
2004,AK,District 15,0,15400,0,0,4766,10058,15400,medsl,0
2008,AK,District 15,0,11086,0,0,2510,8227,11086,medsl,0
2012,AK,District 15,0,6451,0,0,3283,2875,6451,medsl,0
2016,AK,District 15,0,4982,0,0,1828,2525,4982,medsl,0
2020,AK,District 15,0,5559,0,0,2622,2671,5559,medsl,0
2024,AK,District 15,0,9293,0,0,4364,4594,9293,medsl,0
2004,AK,District 16,0,15840,0,0,4791,10587,15840,medsl,0
2008,AK,District 16,0,10697,0,0,2636,7774,10697,medsl,0
2012,AK,District 16,0,7181,0,0,4013,2876,7181,medsl,0
2016,AK,District 16,0,7436,0,0,3294,3203,7436,medsl,0
2020,AK,District 16,0,8118,0,0,4274,3516,8118,medsl,0
2024,AK,District 16,0,9669,0,0,5344,3929,9669,medsl,0
2004,AK,District 17,0,15510,0,0,4646,10491,15510,medsl,0
2008,AK,District 17,0,9448,0,0,2645,6621,9448,medsl,0
2012,AK,District 17,0,4589,0,0,2853,1542,4589,medsl,0
2016,AK,District 17,0,6788,0,0,3290,2618,6788,medsl,0
2020,AK,District 17,0,7239,0,0,4136,2810,7239,medsl,0
2024,AK,District 17,0,7718,0,0,4990,2407,7718,medsl,0
2004,AK,District 18,0,12887,0,0,4193,8424,12887,medsl,1
2008,AK,District 18,0,6411,0,0,2046,4252,6411,medsl,1
2012,AK,District 18,0,6930,0,0,4247,2369,6930,medsl,1
2016,AK,District 18,0,7402,0,0,3909,2684,7402,medsl,1
2020,AK,District 18,0,7720,0,0,4681,2760,7720,medsl,1
2024,AK,District 18,0,4816,0,0,1928,2686,4816,medsl,1
2004,AK,District 19,0,13458,0,0,5061,8014,13458,medsl,1
2008,AK,District 19,0,7372,0,0,3095,4106,7372,medsl,1
2012,AK,District 19,0,8286,0,0,4126,3855,8286,medsl,1
2016,AK,District 19,0,4792,0,0,2669,1636,4792,medsl,1
2020,AK,District 19,0,5301,0,0,3118,1975,5301,medsl,1
2024,AK,District 19,0,5025,0,0,2825,1971,5025,medsl,1
2004,AK,District 2,0,11402,0,0,4961,5943,11402,medsl,0
2008,AK,District 2,0,7735,0,0,3468,4029,7735,medsl,0
2012,AK,District 2,0,9058,0,0,3096,5509,9058,medsl,0
2016,AK,District 2,0,5492,0,0,1585,3188,5492,medsl,0
2020,AK,District 2,0,6136,0,0,2104,3674,6136,medsl,0
2004,AK,District 20,0,11480,0,0,4465,6632,11480,medsl,1
2008,AK,District 20,0,5138,0,0,2474,2536,5138,medsl,1
2012,AK,District 20,0,7964,0,0,3081,4544,7964,medsl,1
2016,AK,District 20,0,7140,0,0,4151,2187,7140,medsl,1
2020,AK,District 20,0,7497,0,0,4881,2383,7497,medsl,1
2024,AK,District 20,0,7267,0,0,3924,3041,7267,medsl,1
2004,AK,District 21,0,14671,0,0,5488,8818,14671,medsl,1
2008,AK,District 21,0,8675,0,0,3647,4837,8675,medsl,1
2012,AK,District 21,0,8866,0,0,3316,5262,8866,medsl,1
2016,AK,District 21,0,8647,0,0,4224,3479,8647,medsl,1
2020,AK,District 21,0,9429,0,0,5414,3690,9429,medsl,1
2024,AK,District 21,0,9043,0,0,4711,3984,9043,medsl,1
2004,AK,District 22,0,13035,0,0,5426,7207,13035,medsl,1
2008,AK,District 22,0,6634,0,0,3337,3109,6634,medsl,1
2012,AK,District 22,0,6555,0,0,2859,3445,6555,medsl,1
2016,AK,District 22,0,8372,0,0,3270,4203,8372,medsl,1
2020,AK,District 22,0,9520,0,0,4553,4684,9520,medsl,1
2024,AK,District 22,0,5463,0,0,2660,2594,5463,medsl,1
2004,AK,District 23,0,12985,0,0,5991,6576,12985,medsl,0
2008,AK,District 23,0,7082,0,0,4075,2808,7082,medsl,0
2012,AK,District 23,0,8370,0,0,3167,4926,8370,medsl,0
2016,AK,District 23,0,6924,0,0,2894,3246,6924,medsl,0
2020,AK,District 23,0,7739,0,0,3810,3655,7739,medsl,0
2024,AK,District 23,0,10685,0,0,4116,6101,10685,medsl,0
2004,AK,District 24,0,13251,0,0,5226,7622,13251,medsl,1
2008,AK,District 24,0,7688,0,0,3380,4127,7688,medsl,1
2012,AK,District 24,0,7289,0,0,3128,3912,7289,medsl,1
2016,AK,District 24,0,9080,0,0,3578,4709,9080,medsl,1
2020,AK,District 24,0,10428,0,0,4736,5378,10428,medsl,1
2024,AK,District 24,0,10118,0,0,3234,6482,10118,medsl,1
2004,AK,District 25,0,12778,0,0,5435,6892,12778,medsl,1
2008,AK,District 25,0,6443,0,0,3233,3042,6443,medsl,1
2012,AK,District 25,0,8661,0,0,3739,4569,8661,medsl,1
2016,AK,District 25,0,8127,0,0,3378,3816,8127,medsl,1
2020,AK,District 25,0,9325,0,0,4600,4407,9325,medsl,1
2024,AK,District 25,0,10460,0,0,3172,6891,10460,medsl,1
2004,AK,District 26,0,14682,0,0,6476,7776,14682,medsl,1
2008,AK,District 26,0,8695,0,0,4472,4037,8695,medsl,1
2012,AK,District 26,0,10491,0,0,3169,6968,10491,medsl,1
2016,AK,District 26,0,8905,0,0,3374,4548,8905,medsl,1
2020,AK,District 26,0,10111,0,0,4558,5243,10111,medsl,1
2024,AK,District 26,0,9448,0,0,2013,7143,9448,medsl,1
2004,AK,District 27,0,14112,0,0,5212,8500,14112,medsl,1
2008,AK,District 27,0,8498,0,0,3130,5159,8498,medsl,1
2012,AK,District 27,0,10823,0,0,4463,6015,10823,medsl,1
2016,AK,District 27,0,8783,0,0,3729,4085,8783,medsl,1
2020,AK,District 27,0,9506,0,0,4844,4324,9506,medsl,1
2024,AK,District 27,0,8860,0,0,1807,6785,8860,medsl,1
2004,AK,District 28,0,14577,0,0,5141,9073,14577,medsl,1
2008,AK,District 28,0,9792,0,0,3642,5953,9792,medsl,1
2012,AK,District 28,0,8449,0,0,2188,5882,8449,medsl,1
2016,AK,District 28,0,11427,0,0,4749,5423,11427,medsl,1
2020,AK,District 28,0,12749,0,0,6264,6162,12749,medsl,1
2024,AK,District 28,0,9279,0,0,2213,6713,9279,medsl,1
2004,AK,District 29,0,12630,0,0,4546,7743,12630,medsl,1
2008,AK,District 29,0,6962,0,0,2684,4127,6962,medsl,1
2012,AK,District 29,0,8011,0,0,1933,5774,8011,medsl,1
2016,AK,District 29,0,9394,0,0,2101,6347,9394,medsl,1
2020,AK,District 29,0,10747,0,0,2985,7464,10747,medsl,1
2024,AK,District 29,0,10500,0,0,2708,7418,10500,medsl,1
2004,AK,District 3,0,11748,0,0,6513,4790,11748,medsl,0
2008,AK,District 3,0,8767,0,0,5657,2829,8767,medsl,0
2012,AK,District 3,0,6069,0,0,2034,3769,6069,medsl,0
2016,AK,District 3,0,7613,0,0,1241,5403,7613,medsl,0
2020,AK,District 3,0,8385,0,0,1903,6076,8385,medsl,0
2004,AK,District 30,0,14273,0,0,5181,8733,14273,medsl,0
2008,AK,District 30,0,9183,0,0,3486,5500,9183,medsl,0
2012,AK,District 30,0,9505,0,0,3578,5492,9505,medsl,0
2016,AK,District 30,0,8950,0,0,1816,6194,8950,medsl,0
2020,AK,District 30,0,10176,0,0,2638,7180,10176,medsl,0
2024,AK,District 30,0,10306,0,0,2701,7312,10306,medsl,0
2004,AK,District 31,0,15270,0,0,5315,9605,15270,medsl,1
2008,AK,District 31,0,10220,0,0,3596,6419,10220,medsl,1
2012,AK,District 31,0,9335,0,0,4679,4219,9335,medsl,1
2016,AK,District 31,0,10182,0,0,3466,5617,10182,medsl,1
2020,AK,District 31,0,12410,0,0,5037,6971,12410,medsl,1
2024,AK,District 31,0,7003,0,0,3240,3475,7003,medsl,1
2004,AK,District 32,0,16810,0,0,6580,9783,16810,medsl,1
2008,AK,District 32,0,12307,0,0,5176,6867,12307,medsl,1
2012,AK,District 32,0,9528,0,0,5930,3095,9528,medsl,1
2016,AK,District 32,0,7472,0,0,2701,3764,7472,medsl,1
2020,AK,District 32,0,8335,0,0,3506,4440,8335,medsl,1
2024,AK,District 32,0,5864,0,0,1883,3742,5864,medsl,1
2004,AK,District 33,0,10938,0,0,3192,7344,10938,medsl,1
2008,AK,District 33,0,8909,0,0,2089,6571,8909,medsl,1
2012,AK,District 33,0,7471,0,0,2716,4289,7471,medsl,1
2016,AK,District 33,0,9934,0,0,5978,2732,9934,medsl,1
2020,AK,District 33,0,10955,0,0,7535,3059,10955,medsl,1
2024,AK,District 33,0,8859,0,0,2016,6548,8859,medsl,1
2004,AK,District 34,0,11353,0,0,3033,7886,11353,medsl,1
2008,AK,District 34,0,9548,0,0,1920,7358,9548,medsl,1
2012,AK,District 34,0,8637,0,0,4662,3523,8637,medsl,1
2016,AK,District 34,0,9431,0,0,4220,3955,9431,medsl,1
2020,AK,District 34,0,10729,0,0,5763,4543,10729,medsl,1
2024,AK,District 34,0,10012,0,0,3759,5836,10012,medsl,1
2004,AK,District 35,0,11571,0,0,5030,6007,11571,medsl,1
2008,AK,District 35,0,9503,0,0,4254,4959,9503,medsl,1
2012,AK,District 35,0,6932,0,0,2830,3804,6932,medsl,1
2016,AK,District 35,0,9042,0,0,3749,4105,9042,medsl,1
2020,AK,District 35,0,10102,0,0,5011,4769,10102,medsl,1
2024,AK,District 35,0,9732,0,0,4885,4395,9732,medsl,1
2004,AK,District 36,0,9241,0,0,3245,5645,9241,medsl,1
2008,AK,District 36,0,6673,0,0,2264,4201,6673,medsl,1
2012,AK,District 36,0,4972,0,0,3341,1386,4972,medsl,1
2016,AK,District 36,0,8264,0,0,2693,4460,8264,medsl,1
2020,AK,District 36,0,9292,0,0,3796,5114,9292,medsl,1
2024,AK,District 36,0,9598,0,0,3538,5633,9598,medsl,1
2004,AK,District 37,0,5208,0,0,1970,3046,5208,medsl,1
2008,AK,District 37,0,4665,0,0,1868,2661,4665,medsl,1
2012,AK,District 37,0,4335,0,0,2631,1517,4335,medsl,1
2016,AK,District 37,0,5062,0,0,2421,1938,5062,medsl,1
2020,AK,District 37,0,5142,0,0,2560,2358,5142,medsl,1
2024,AK,District 37,0,4350,0,0,1921,2208,4350,medsl,1
2004,AK,District 38,0,5075,0,0,2366,2459,5075,medsl,1
2008,AK,District 38,0,4820,0,0,2549,2056,4820,medsl,1
2012,AK,District 38,0,6814,0,0,4101,2259,6814,medsl,1
2016,AK,District 38,0,5095,0,0,2758,1143,5095,medsl,1
2020,AK,District 38,0,5299,0,0,3202,1737,5299,medsl,1
2024,AK,District 38,0,3994,0,0,2028,1558,3994,medsl,1
2004,AK,District 39,0,5568,0,0,2365,2881,5568,medsl,1
2008,AK,District 39,0,5184,0,0,2695,2323,5184,medsl,1
2012,AK,District 39,0,6560,0,0,3645,2566,6560,medsl,1
2016,AK,District 39,0,5639,0,0,3142,1405,5639,medsl,1
2020,AK,District 39,0,5891,0,0,3580,1939,5891,medsl,1
2024,AK,District 39,0,4206,0,0,2180,1690,4206,medsl,1
2004,AK,District 4,0,10987,0,0,4768,5802,10987,medsl,0
2008,AK,District 4,0,8736,0,0,4161,4302,8736,medsl,0
2012,AK,District 4,0,6787,0,0,2864,3586,6787,medsl,0
2016,AK,District 4,0,9521,0,0,4162,4070,9521,medsl,0
2020,AK,District 4,0,10511,0,0,5345,4690,10511,medsl,0
2004,AK,District 40,0,5788,0,0,2328,3217,5788,medsl,1
2008,AK,District 40,0,5000,0,0,2137,2686,5000,medsl,1
2012,AK,District 40,0,4235,0,0,2717,1347,4235,medsl,1
2016,AK,District 40,0,4610,0,0,2338,1377,4610,medsl,1
2020,AK,District 40,0,4603,0,0,2318,1994,4603,medsl,1
2024,AK,District 40,0,3293,0,0,1362,1688,3293,medsl,1
2004,AK,District 5,0,10609,0,0,4679,5439,10609,medsl,0
2008,AK,District 5,0,7123,0,0,3393,3426,7123,medsl,0
2012,AK,District 5,0,8143,0,0,3644,4027,8143,medsl,0
2016,AK,District 5,0,7906,0,0,3187,3683,7906,medsl,0
2020,AK,District 5,0,8654,0,0,4204,4077,8654,medsl,0
2004,AK,District 6,0,10310,0,0,3728,6177,10310,medsl,0
2008,AK,District 6,0,6824,0,0,2351,4234,6824,medsl,0
2012,AK,District 6,0,7793,0,0,2145,5254,7793,medsl,0
2016,AK,District 6,0,8460,0,0,2536,4929,8460,medsl,0
2020,AK,District 6,0,9460,0,0,3272,5770,9460,medsl,0
2004,AK,District 7,0,13221,0,0,5008,7693,13221,medsl,0
2008,AK,District 7,0,10894,0,0,4283,6297,10894,medsl,0
2012,AK,District 7,0,7575,0,0,1962,5247,7575,medsl,0
2016,AK,District 7,0,8294,0,0,1510,5935,8294,medsl,0
2020,AK,District 7,0,9622,0,0,2215,7027,9622,medsl,0
2004,AK,District 8,0,12942,0,0,5758,6615,12942,medsl,0
2008,AK,District 8,0,10320,0,0,4995,4983,10320,medsl,0
2012,AK,District 8,0,8242,0,0,2083,5826,8242,medsl,0
2016,AK,District 8,0,8073,0,0,1218,6126,8073,medsl,0
2020,AK,District 8,0,9912,0,0,1953,7618,9912,medsl,0
2004,AK,District 9,0,11486,0,0,4177,6934,11486,medsl,0
2008,AK,District 9,0,7143,0,0,2805,4141,7143,medsl,0
2012,AK,District 9,0,7408,0,0,1667,5432,7408,medsl,0
2016,AK,District 9,0,8954,0,0,1843,6100,8954,medsl,0
2020,AK,District 9,0,10993,0,0,2769,7787,10993,medsl,0
2004,AK,District 99,0,0,0,0,0,0,0,medsl,1
2008,AK,District 99,0,0,0,0,0,0,0,medsl,1
2012,AK,District 99,0,0,0,0,0,0,0,medsl,1
2016,AK,District 99,0,342,0,0,274,40,342,medsl,1
2020,AK,District 99,0,433,0,0,373,59,433,medsl,1
2024,AK,District 99,0,401,0,0,336,51,401,medsl,1
2004,AK,Matanuska-Susitna Borough,8525,5836,405,5385,2328,3217,5788,manual,0
2008,AK,Matanuska-Susitna Borough,8666,5029,454,4546,2137,2686,5000,manual,0
2016,AK,Matanuska-Susitna Borough,9412,3816,832,2984,2338,1377,3816,manual,0
2020,AK,Matanuska-Susitna Borough,10118,4677,816,3861,1194,2318,4677,manual,0
2024,AK,Matanuska-Susitna Borough,9108,3362,129,3231,1362,1688,3362,manual,0
2004,AL,Autauga,0,20081,0,0,4758,15196,20081,medsl,1
2008,AL,Autauga,0,23641,0,0,6093,17403,23641,medsl,1
2012,AL,Autauga,0,23932,0,0,6363,17379,23932,medsl,1
2016,AL,Autauga,0,24973,0,0,5936,18172,24973,medsl,1
2020,AL,Autauga,0,27770,0,0,7503,19838,27770,medsl,1
2024,AL,Autauga,0,28281,0,0,7439,20484,28281,medsl,1
2004,AL,Baldwin,0,69320,0,0,15599,52971,69320,medsl,0
2008,AL,Baldwin,0,81413,0,0,19386,61271,81413,medsl,0
2012,AL,Baldwin,0,85338,0,0,18424,66016,85338,medsl,0
2016,AL,Baldwin,0,95215,0,0,18458,72883,95215,medsl,0
2020,AL,Baldwin,0,109679,0,0,24578,83544,109679,medsl,0
2024,AL,Baldwin,0,122249,0,0,24934,95798,122249,medsl,0
2004,AL,Barbour,0,10777,0,0,4832,5899,10777,medsl,1
2008,AL,Barbour,0,11630,0,0,5697,5866,11630,medsl,1
2012,AL,Barbour,0,11509,0,0,5912,5550,11509,medsl,1
2016,AL,Barbour,0,10469,0,0,4871,5454,10469,medsl,1
2020,AL,Barbour,0,10518,0,0,4816,5622,10518,medsl,1
2024,AL,Barbour,0,9855,0,0,4158,5606,9855,medsl,1
2004,AL,Bibb,0,7600,0,0,2089,5472,7600,medsl,1
2008,AL,Bibb,0,8644,0,0,2299,6262,8644,medsl,1
2012,AL,Bibb,0,8420,0,0,2202,6132,8420,medsl,1
2016,AL,Bibb,0,8819,0,0,1874,6738,8819,medsl,1
2020,AL,Bibb,0,9595,0,0,1986,7525,9595,medsl,1
2024,AL,Bibb,0,9257,0,0,1619,7572,9257,medsl,1
2004,AL,Blount,0,21504,0,0,3938,17386,21504,medsl,1
2008,AL,Blount,0,24267,0,0,3522,20389,24267,medsl,1
2012,AL,Blount,0,24006,0,0,2970,20757,24006,medsl,1
2016,AL,Blount,0,25588,0,0,2156,22859,25588,medsl,1
2020,AL,Blount,0,27588,0,0,2640,24711,27588,medsl,1
2024,AL,Blount,0,28163,0,0,2576,25354,28163,medsl,1
2004,AL,Bullock,0,4717,0,0,3210,1494,4717,medsl,1
2008,AL,Bullock,0,5415,0,0,4011,1391,5415,medsl,1
2012,AL,Bullock,0,5322,0,0,4061,1251,5322,medsl,1
2016,AL,Bullock,0,4710,0,0,3530,1140,4710,medsl,1
2020,AL,Bullock,0,4613,0,0,3446,1146,4613,medsl,1
2024,AL,Bullock,0,4111,0,0,2983,1101,4111,medsl,1
2004,AL,Butler,0,8416,0,0,3413,4979,8416,medsl,1
2008,AL,Butler,0,9709,0,0,4188,5485,9709,medsl,1
2012,AL,Butler,0,9496,0,0,4374,5087,9496,medsl,1
2016,AL,Butler,0,8732,0,0,3726,4901,8732,medsl,1
2020,AL,Butler,0,9488,0,0,3965,5458,9488,medsl,1
2024,AL,Butler,0,8480,0,0,3251,5172,8480,medsl,1
2004,AL,Calhoun,0,45249,0,0,15083,29814,45249,medsl,1
2008,AL,Calhoun,0,49242,0,0,16334,32348,49242,medsl,1
2012,AL,Calhoun,0,46257,0,0,15511,30278,46257,medsl,1
2016,AL,Calhoun,0,47864,0,0,13242,32865,47864,medsl,1
2020,AL,Calhoun,0,50983,0,0,15216,35101,50983,medsl,1
2024,AL,Calhoun,0,48653,0,0,13194,34912,48653,medsl,1
2004,AL,Chambers,0,13032,0,0,5347,7622,13032,medsl,1
2008,AL,Chambers,0,14956,0,0,6799,8067,14956,medsl,1
2012,AL,Chambers,0,14611,0,0,6871,7626,14611,medsl,1
2016,AL,Chambers,0,13900,0,0,5784,7843,13900,medsl,1
2020,AL,Chambers,0,15284,0,0,6365,8753,15284,medsl,1
2024,AL,Chambers,0,14245,0,0,5405,8711,14245,medsl,1
2004,AL,Cherokee,0,9049,0,0,3040,5923,9049,medsl,1
2008,AL,Cherokee,0,9745,0,0,2306,7298,9745,medsl,1
2012,AL,Cherokee,0,9779,0,0,2132,7506,9779,medsl,1
2016,AL,Cherokee,0,10733,0,0,1547,8953,10733,medsl,1
2020,AL,Cherokee,0,12301,0,0,1624,10583,12301,medsl,1
2024,AL,Cherokee,0,13006,0,0,1553,11358,13006,medsl,1
2004,AL,Chilton,0,16693,0,0,3778,12829,16693,medsl,1
2008,AL,Chilton,0,17785,0,0,3674,13960,17785,medsl,1
2012,AL,Chilton,0,17462,0,0,3397,13932,17462,medsl,1
2016,AL,Chilton,0,18369,0,0,2911,15081,18369,medsl,1
2020,AL,Chilton,0,19310,0,0,3073,16085,19310,medsl,1
2024,AL,Chilton,0,19763,0,0,2698,16920,19763,medsl,1
2004,AL,Choctaw,0,7227,0,0,3303,3897,7227,medsl,1
2008,AL,Choctaw,0,7894,0,0,3636,4223,7894,medsl,1
2012,AL,Choctaw,0,7968,0,0,3786,4152,7968,medsl,1
2016,AL,Choctaw,0,7292,0,0,3109,4106,7292,medsl,1
2020,AL,Choctaw,0,7464,0,0,3127,4296,7464,medsl,1
2024,AL,Choctaw,0,6656,0,0,2515,4103,6656,medsl,1
2004,AL,Clarke,0,11394,0,0,4627,6730,11394,medsl,1
2008,AL,Clarke,0,13435,0,0,5914,7466,13435,medsl,1
2012,AL,Clarke,0,13851,0,0,6334,7470,13851,medsl,1
2016,AL,Clarke,0,13031,0,0,5749,7140,13031,medsl,1
2020,AL,Clarke,0,13135,0,0,5755,7324,13135,medsl,1
2024,AL,Clarke,0,11958,0,0,4927,6965,11958,medsl,1
2004,AL,Clay,0,6576,0,0,1893,4624,6576,medsl,1
2008,AL,Clay,0,6819,0,0,1760,4984,6819,medsl,1
2012,AL,Clay,0,6662,0,0,1777,4817,6662,medsl,1
2016,AL,Clay,0,6624,0,0,1237,5245,6624,medsl,1
2020,AL,Clay,0,6930,0,0,1267,5601,6930,medsl,1
2024,AL,Clay,0,6767,0,0,993,5734,6767,medsl,1
2004,AL,Cleburne,0,5798,0,0,1391,4370,5798,medsl,0
2008,AL,Cleburne,0,6492,0,0,1168,5216,6492,medsl,0
2012,AL,Cleburne,0,6305,0,0,971,5272,6305,medsl,0
2016,AL,Cleburne,0,6593,0,0,684,5764,6593,medsl,0
2020,AL,Cleburne,0,7227,0,0,675,6484,7227,medsl,0
2024,AL,Cleburne,0,7651,0,0,605,6988,7651,medsl,0
2004,AL,Coffee,0,17616,0,0,4480,13019,17616,medsl,1
2008,AL,Coffee,0,20128,0,0,5079,14919,20128,medsl,1
2012,AL,Coffee,0,19770,0,0,4925,14666,19770,medsl,1
2016,AL,Coffee,0,20767,0,0,4221,15875,20767,medsl,1
2020,AL,Coffee,0,22275,0,0,5076,16899,22275,medsl,1
2024,AL,Coffee,0,22319,0,0,4601,17495,22319,medsl,1
2004,AL,Colbert,0,23935,0,0,10598,13188,23935,medsl,1
2008,AL,Colbert,0,24843,0,0,9703,14739,24843,medsl,1
2012,AL,Colbert,0,23385,0,0,9166,13936,23385,medsl,1
2016,AL,Colbert,0,24915,0,0,7312,16746,24915,medsl,1
2020,AL,Colbert,0,27886,0,0,8343,19203,27886,medsl,1
2024,AL,Colbert,0,27160,0,0,7137,19714,27160,medsl,1
2004,AL,Conecuh,0,6021,0,0,2719,3271,6021,medsl,1
2008,AL,Conecuh,0,6943,0,0,3429,3470,6943,medsl,1
2012,AL,Conecuh,0,7022,0,0,3555,3439,7022,medsl,1
2016,AL,Conecuh,0,6585,0,0,3080,3420,6585,medsl,1
2020,AL,Conecuh,0,6441,0,0,2966,3442,6441,medsl,1
2024,AL,Conecuh,0,6051,0,0,2580,3423,6051,medsl,1
2004,AL,Coosa,0,5001,0,0,2055,2905,5001,medsl,1
2008,AL,Coosa,0,5563,0,0,2273,3248,5563,medsl,1
2012,AL,Coosa,0,5269,0,0,2191,3049,5269,medsl,1
2016,AL,Coosa,0,5252,0,0,1782,3381,5252,medsl,1
2020,AL,Coosa,0,5479,0,0,1796,3631,5479,medsl,1
2024,AL,Coosa,0,5268,0,0,1478,3758,5268,medsl,1
2004,AL,Covington,0,14627,0,0,3423,11119,14627,medsl,1
2008,AL,Covington,0,15787,0,0,3240,12444,15787,medsl,1
2012,AL,Covington,0,15423,0,0,3158,12153,15423,medsl,1
2016,AL,Covington,0,15940,0,0,2387,13267,15940,medsl,1
2020,AL,Covington,0,17430,0,0,2721,14586,17430,medsl,1
2024,AL,Covington,0,17095,0,0,2314,14677,17095,medsl,1
2004,AL,Crenshaw,0,5500,0,0,1698,3777,5500,medsl,1
2008,AL,Crenshaw,0,6291,0,0,1938,4319,6291,medsl,1
2012,AL,Crenshaw,0,6418,0,0,2050,4331,6418,medsl,1
2016,AL,Crenshaw,0,6267,0,0,1664,4513,6267,medsl,1
2020,AL,Crenshaw,0,6617,0,0,1700,4864,6617,medsl,1
2024,AL,Crenshaw,0,6486,0,0,1457,5000,6486,medsl,1
2004,AL,Cullman,0,35191,0,0,8045,26818,35191,medsl,1
2008,AL,Cullman,0,35305,0,0,5864,28896,35305,medsl,1
2012,AL,Cullman,0,34457,0,0,5052,28999,34457,medsl,1
2016,AL,Cullman,0,37873,0,0,3798,32989,37873,medsl,1
2020,AL,Cullman,0,41851,0,0,4478,36880,41851,medsl,1
2024,AL,Cullman,0,43146,0,0,4039,38704,43146,medsl,1
2004,AL,Dale,0,18231,0,0,4484,13621,18231,medsl,1
2008,AL,Dale,0,19320,0,0,5270,13886,19320,medsl,1
2012,AL,Dale,0,18557,0,0,5286,13108,18557,medsl,1
2016,AL,Dale,0,18749,0,0,4413,13808,18749,medsl,1
2020,AL,Dale,0,19738,0,0,5170,14303,19738,medsl,1
2024,AL,Dale,0,19139,0,0,4484,14476,19139,medsl,1
2004,AL,Dallas,0,18573,0,0,11175,7335,18573,medsl,1
2008,AL,Dallas,0,20852,0,0,13986,6798,20852,medsl,1
2012,AL,Dallas,0,20953,0,0,14612,6288,20953,medsl,1
2016,AL,Dallas,0,18792,0,0,12836,5789,18792,medsl,1
2020,AL,Dallas,0,17864,0,0,12230,5524,17864,medsl,1
2024,AL,Dallas,0,15547,0,0,10236,5190,15547,medsl,1
2004,AL,Dekalb,0,24135,0,0,7092,16904,24135,medsl,1
2008,AL,Dekalb,0,24015,0,0,5658,17957,24015,medsl,1
2012,AL,Dekalb,0,23863,0,0,5239,18331,23863,medsl,1
2016,AL,Dekalb,0,25826,0,0,3622,21405,25826,medsl,1
2020,AL,Dekalb,0,29356,0,0,4281,24767,29356,medsl,1
2024,AL,Dekalb,0,29660,0,0,3758,25633,29660,medsl,1
2004,AL,Elmore,0,28680,0,0,6471,22056,28680,medsl,1
2008,AL,Elmore,0,34315,0,0,8301,25777,34315,medsl,1
2012,AL,Elmore,0,35485,0,0,8954,26253,35485,medsl,1
2016,AL,Elmore,0,37260,0,0,8443,27634,37260,medsl,1
2020,AL,Elmore,0,41030,0,0,10367,30164,41030,medsl,1
2024,AL,Elmore,0,41624,0,0,9774,31374,41624,medsl,1
2004,AL,Escambia,0,12395,0,0,3814,8513,12395,medsl,1
2008,AL,Escambia,0,14674,0,0,5188,9375,14674,medsl,1
2012,AL,Escambia,0,14869,0,0,5489,9287,14869,medsl,1
2016,AL,Escambia,0,14845,0,0,4605,9935,14845,medsl,1
2020,AL,Escambia,0,15910,0,0,4918,10869,15910,medsl,1
2024,AL,Escambia,0,14957,0,0,3964,10884,14957,medsl,1
2004,AL,Etowah,0,42680,0,0,15328,26999,42680,medsl,1
2008,AL,Etowah,0,44737,0,0,13497,30595,44737,medsl,1
2012,AL,Etowah,0,42530,0,0,12803,29130,42530,medsl,1
2016,AL,Etowah,0,44164,0,0,10442,32353,44164,medsl,1
2020,AL,Etowah,0,47728,0,0,11567,35528,47728,medsl,1
2024,AL,Etowah,0,46137,0,0,10027,35653,46137,medsl,1
2004,AL,Fayette,0,8002,0,0,2408,5534,8002,medsl,1
2008,AL,Fayette,0,7957,0,0,1994,5883,7957,medsl,1
2012,AL,Fayette,0,7946,0,0,1817,6054,7946,medsl,1
2016,AL,Fayette,0,8249,0,0,1362,6712,8249,medsl,1
2020,AL,Fayette,0,8766,0,0,1395,7300,8766,medsl,1
2024,AL,Fayette,0,8369,0,0,1142,7158,8369,medsl,1
2004,AL,Franklin,0,12269,0,0,4514,7690,12269,medsl,1
2008,AL,Franklin,0,11693,0,0,3469,8048,11693,medsl,1
2012,AL,Franklin,0,10859,0,0,3171,7567,10859,medsl,1
2016,AL,Franklin,0,12040,0,0,2197,9466,12040,medsl,1
2020,AL,Franklin,0,12578,0,0,2086,10376,12578,medsl,1
2024,AL,Franklin,0,12097,0,0,1568,10417,12097,medsl,1
2004,AL,Geneva,0,10520,0,0,2113,8342,10520,medsl,1
2008,AL,Geneva,0,11657,0,0,2134,9417,11657,medsl,1
2012,AL,Geneva,0,11320,0,0,2039,9175,11320,medsl,1
2016,AL,Geneva,0,11758,0,0,1525,9994,11758,medsl,1
2020,AL,Geneva,0,12545,0,0,1595,10848,12545,medsl,1
2024,AL,Geneva,0,12401,0,0,1391,10929,12401,medsl,1
2004,AL,Greene,0,4748,0,0,3764,958,4748,medsl,1
2008,AL,Greene,0,5305,0,0,4408,876,5305,medsl,1
2012,AL,Greene,0,5340,0,0,4521,804,5340,medsl,1
2016,AL,Greene,0,4880,0,0,4013,838,4880,medsl,1
2020,AL,Greene,0,4775,0,0,3884,875,4775,medsl,1
2024,AL,Greene,0,4039,0,0,3133,885,4039,medsl,1
2004,AL,Hale,0,7945,0,0,4631,3281,7945,medsl,1
2008,AL,Hale,0,8214,0,0,4982,3200,8214,medsl,1
2012,AL,Hale,0,8643,0,0,5411,3210,8643,medsl,1
2016,AL,Hale,0,8040,0,0,4775,3173,8040,medsl,1
2020,AL,Hale,0,7900,0,0,4663,3192,7900,medsl,1
2024,AL,Hale,0,7305,0,0,3868,3369,7305,medsl,1
2004,AL,Henry,0,7361,0,0,2452,4881,7361,medsl,1
2008,AL,Henry,0,8648,0,0,3018,5585,8648,medsl,1
2012,AL,Henry,0,8760,0,0,3083,5628,8760,medsl,1
2016,AL,Henry,0,8072,0,0,2292,5632,8072,medsl,1
2020,AL,Henry,0,9298,0,0,2606,6607,9298,medsl,1
2024,AL,Henry,0,9320,0,0,2263,6989,9320,medsl,1
2004,AL,Houston,0,36201,0,0,9144,26874,36201,medsl,1
2008,AL,Houston,0,41735,0,0,12225,29254,41735,medsl,1
2012,AL,Houston,0,41918,0,0,12367,29270,41918,medsl,1
2016,AL,Houston,0,42639,0,0,10664,30728,42639,medsl,1
2020,AL,Houston,0,46173,0,0,12917,32618,46173,medsl,1
2024,AL,Houston,0,44349,0,0,11352,32469,44349,medsl,1
2004,AL,Jackson,0,20321,0,0,8635,11534,20321,medsl,1
2008,AL,Jackson,0,20874,0,0,6374,14083,20874,medsl,1
2012,AL,Jackson,0,20577,0,0,5822,14439,20577,medsl,1
2016,AL,Jackson,0,20984,0,0,3673,16672,20984,medsl,1
2020,AL,Jackson,0,23636,0,0,3717,19670,23636,medsl,1
2024,AL,Jackson,0,23556,0,0,3276,20073,23556,medsl,1
2004,AL,Jefferson,0,292967,0,0,132286,158680,292967,medsl,1
2008,AL,Jefferson,0,318524,0,0,166121,149921,318524,medsl,1
2012,AL,Jefferson,0,303918,0,0,159876,141683,303918,medsl,1
2016,AL,Jefferson,0,304191,0,0,156873,134768,304191,medsl,1
2020,AL,Jefferson,0,325848,0,0,181688,138843,325848,medsl,1
2024,AL,Jefferson,0,298704,0,0,162112,131123,298704,medsl,1
2004,AL,Lamar,0,6885,0,0,1956,4894,6885,medsl,1
2008,AL,Lamar,0,7075,0,0,1614,5419,7075,medsl,1
2012,AL,Lamar,0,7166,0,0,1646,5457,7166,medsl,1
2016,AL,Lamar,0,6966,0,0,1036,5823,6966,medsl,1
2020,AL,Lamar,0,7193,0,0,978,6174,7193,medsl,1
2024,AL,Lamar,0,6890,0,0,806,6033,6890,medsl,1
2004,AL,Lauderdale,0,37107,0,0,14628,22161,37107,medsl,1
2008,AL,Lauderdale,0,38104,0,0,13329,24068,38104,medsl,1
2012,AL,Lauderdale,0,36924,0,0,12511,23911,36924,medsl,1
2016,AL,Lauderdale,0,39525,0,0,9952,27899,39525,medsl,1
2020,AL,Lauderdale,0,44339,0,0,11915,31721,44339,medsl,1
2024,AL,Lauderdale,0,43637,0,0,10326,32708,43637,medsl,1
2004,AL,Lawrence,0,14001,0,0,6155,7730,14001,medsl,0
2008,AL,Lawrence,0,14680,0,0,5164,9277,14680,medsl,0
2012,AL,Lawrence,0,14112,0,0,5069,8874,14112,medsl,0
2016,AL,Lawrence,0,14829,0,0,3627,10833,14829,medsl,0
2020,AL,Lawrence,0,16031,0,0,3562,12322,16031,medsl,0
2024,AL,Lawrence,0,16122,0,0,2983,13024,16122,medsl,0
2004,AL,Lee,0,44610,0,0,16227,27972,44610,medsl,1
2008,AL,Lee,0,54325,0,0,21498,32230,54325,medsl,1
2012,AL,Lee,0,54359,0,0,21381,32194,54359,medsl,1
2016,AL,Lee,0,59191,0,0,21230,34617,59191,medsl,1
2020,AL,Lee,0,71449,0,0,27860,42221,71449,medsl,1
2024,AL,Lee,0,73127,0,0,25798,46020,73127,medsl,1
2004,AL,Limestone,0,29073,0,0,9126,19702,29073,medsl,0
2008,AL,Limestone,0,33551,0,0,9536,23598,33551,medsl,0
2012,AL,Limestone,0,35459,0,0,9829,25295,35459,medsl,0
2016,AL,Limestone,0,40294,0,0,9468,29067,40294,medsl,0
2020,AL,Limestone,0,49235,0,0,13672,34640,49235,medsl,0
2024,AL,Limestone,0,53332,0,0,14581,37887,53332,medsl,0
2004,AL,Lowndes,0,6021,0,0,4233,1786,6021,medsl,1
2008,AL,Lowndes,0,7278,0,0,5449,1809,7278,medsl,1
2012,AL,Lowndes,0,7521,0,0,5747,1756,7521,medsl,1
2016,AL,Lowndes,0,6684,0,0,4883,1751,6684,medsl,1
2020,AL,Lowndes,0,6835,0,0,4972,1836,6835,medsl,1
2024,AL,Lowndes,0,5655,0,0,3867,1758,5655,medsl,1
2004,AL,Macon,0,9407,0,0,7800,1570,9407,medsl,1
2008,AL,Macon,0,10877,0,0,9450,1396,10877,medsl,1
2012,AL,Macon,0,10394,0,0,9045,1331,10394,medsl,1
2016,AL,Macon,0,9140,0,0,7566,1431,9140,medsl,1
2020,AL,Macon,0,8723,0,0,7108,1541,8723,medsl,1
2024,AL,Macon,0,7834,0,0,6084,1682,7834,medsl,1
2004,AL,Madison,0,131062,0,0,52644,77173,131062,medsl,0
2008,AL,Madison,0,152899,0,0,64117,86965,152899,medsl,0
2012,AL,Madison,0,155059,0,0,62015,90884,155059,medsl,0
2016,AL,Madison,0,163389,0,0,62822,89520,163389,medsl,0
2020,AL,Madison,0,194767,0,0,87286,102780,194767,medsl,0
2024,AL,Madison,0,197617,0,0,87824,105430,197617,medsl,0
2004,AL,Marengo,0,10322,0,0,5037,5255,10322,medsl,1
2008,AL,Marengo,0,11471,0,0,5926,5516,11471,medsl,1
2012,AL,Marengo,0,11537,0,0,6167,5336,11537,medsl,1
2016,AL,Marengo,0,10994,0,0,5615,5233,10994,medsl,1
2020,AL,Marengo,0,10900,0,0,5488,5343,10900,medsl,1
2024,AL,Marengo,0,9682,0,0,4631,4995,9682,medsl,1
2004,AL,Marengo County,14817,10363,520,9843,5037,5255,10322,manual,1
2008,AL,Marengo County,15298,11502,2365,9137,5926,5516,11471,manual,1
2012,AL,Marengo County,16199,11591,607,10984,6158,5332,11524,manual,1
2016,AL,Marengo County,16504,11063,736,10327,5615,5233,10994,manual,1
2020,AL,Marengo County,16322,10942,9802,1140,5488,5343,10900,manual,1
2024,AL,Marengo County,15710,9703,678,9041,4631,4995,9682,manual,1
2004,AL,Marion,0,12875,0,0,3808,8983,12875,medsl,1
2008,AL,Marion,0,12355,0,0,2600,9536,12355,medsl,1
2012,AL,Marion,0,12105,0,0,2249,9697,12105,medsl,1
2016,AL,Marion,0,12984,0,0,1432,11274,12984,medsl,1
2020,AL,Marion,0,13807,0,0,1463,12205,13807,medsl,1
2024,AL,Marion,0,13543,0,0,1197,12245,13543,medsl,1
2004,AL,Marshall,0,31491,0,0,8452,22783,31491,medsl,1
2008,AL,Marshall,0,33166,0,0,7038,25727,33166,medsl,1
2012,AL,Marshall,0,32566,0,0,6299,25867,32566,medsl,1
2016,AL,Marshall,0,35316,0,0,4917,29233,35316,medsl,1
2020,AL,Marshall,0,39655,0,0,5943,33191,39655,medsl,1
2024,AL,Marshall,0,40288,0,0,5553,34434,40288,medsl,1
2004,AL,Mobile,0,156771,0,0,63732,92014,156771,medsl,1
2008,AL,Mobile,0,181424,0,0,82181,98049,181424,medsl,1
2012,AL,Mobile,0,174864,0,0,78760,94893,174864,medsl,1
2016,AL,Mobile,0,172737,0,0,72186,95116,172737,medsl,1
2020,AL,Mobile,0,183164,0,0,79474,101243,183164,medsl,1
2024,AL,Mobile,0,175164,0,0,72055,100759,175164,medsl,1
2004,AL,Monroe,0,9534,0,0,3666,5831,9534,medsl,1
2008,AL,Monroe,0,11252,0,0,5025,6175,11252,medsl,1
2012,AL,Monroe,0,10708,0,0,4914,5741,10708,medsl,1
2016,AL,Monroe,0,10271,0,0,4332,5795,10271,medsl,1
2020,AL,Monroe,0,10668,0,0,4455,6147,10668,medsl,1
2024,AL,Monroe,0,9815,0,0,3740,6007,9815,medsl,1
2004,AL,Montgomery,0,89650,0,0,45160,44097,89650,medsl,1
2008,AL,Montgomery,0,104743,0,0,62166,42031,104743,medsl,1
2012,AL,Montgomery,0,101924,0,0,63085,38332,101924,medsl,1
2016,AL,Montgomery,0,95878,0,0,58916,34003,95878,medsl,1
2020,AL,Montgomery,0,99139,0,0,64529,33311,99139,medsl,1
2024,AL,Montgomery,0,89798,0,0,57946,30477,89798,medsl,1
2004,AL,Montgomery County,134643,92633,8829,83804,45160,44097,92633,manual,1
2008,AL,Montgomery County,147012,104743,6181,98562,62166,42031,104743,manual,1
2012,AL,Montgomery County,155950,102123,4699,97082,62993,38283,101781,manual,1
2016,AL,Montgomery County,154502,96381,3971,92410,58916,34003,96457,manual,1
2020,AL,Montgomery County,165231,99326,24204,75122,64529,33311,99139,manual,1
2024,AL,Montgomery County,163649,90268,6818,83450,57946,30477,89798,manual,1
2004,AL,Morgan,0,47007,0,0,14131,32477,47007,medsl,1
2008,AL,Morgan,0,50542,0,0,13895,36014,50542,medsl,1
2012,AL,Morgan,0,49323,0,0,13439,35391,49323,medsl,1
2016,AL,Morgan,0,50644,0,0,11254,37486,50644,medsl,1
2020,AL,Morgan,0,53722,0,0,13234,39664,53722,medsl,1
2024,AL,Morgan,0,53543,0,0,12392,40449,53543,medsl,1
2004,AL,Perry,0,5523,0,0,3767,1738,5523,medsl,1
2008,AL,Perry,0,6159,0,0,4457,1679,6159,medsl,1
2012,AL,Perry,0,6099,0,0,4568,1506,6099,medsl,1
2016,AL,Perry,0,5278,0,0,3824,1407,5278,medsl,1
2020,AL,Perry,0,5230,0,0,3860,1339,5230,medsl,1
2024,AL,Perry,0,4465,0,0,3174,1269,4465,medsl,1
2004,AL,Pickens,0,9132,0,0,3915,5170,9132,medsl,1
2008,AL,Pickens,0,10067,0,0,4594,5434,10067,medsl,1
2012,AL,Pickens,0,9611,0,0,4455,5124,9611,medsl,1
2016,AL,Pickens,0,9542,0,0,3972,5456,9542,medsl,1
2020,AL,Pickens,0,9668,0,0,4022,5594,9668,medsl,1
2024,AL,Pickens,0,8912,0,0,3388,5465,8912,medsl,1
2004,AL,Pike,0,11883,0,0,4334,7483,11883,medsl,1
2008,AL,Pike,0,13955,0,0,5879,8004,13955,medsl,1
2012,AL,Pike,0,14107,0,0,6035,7963,14107,medsl,1
2016,AL,Pike,0,13168,0,0,5056,7693,13168,medsl,1
2020,AL,Pike,0,13841,0,0,5636,8042,13841,medsl,1
2024,AL,Pike,0,13216,0,0,4899,8224,13216,medsl,1
2004,AL,Randolph,0,9001,0,0,2817,6127,9001,medsl,0
2008,AL,Randolph,0,10384,0,0,3064,7175,10384,medsl,0
2012,AL,Randolph,0,10398,0,0,3078,7224,10398,medsl,0
2016,AL,Randolph,0,10187,0,0,2291,7705,10187,medsl,0
2020,AL,Randolph,0,10837,0,0,2203,8559,10837,medsl,0
2024,AL,Randolph,0,11091,0,0,1920,9102,11091,medsl,0
2004,AL,Russell,0,16809,0,0,8375,8337,16809,medsl,1
2008,AL,Russell,0,18915,0,0,10085,8705,18915,medsl,1
2012,AL,Russell,0,18879,0,0,10500,8278,18879,medsl,1
2016,AL,Russell,0,19256,0,0,9579,9210,19256,medsl,1
2020,AL,Russell,0,21329,0,0,11228,9864,21329,medsl,1
2024,AL,Russell,0,20718,0,0,10422,10078,20718,medsl,1
2004,AL,Shelby,0,78906,0,0,14850,63435,78906,medsl,1
2008,AL,Shelby,0,90643,0,0,20625,69060,90643,medsl,1
2012,AL,Shelby,0,92507,0,0,20051,71436,92507,medsl,1
2016,AL,Shelby,0,101254,0,0,22977,73020,101254,medsl,1
2020,AL,Shelby,0,114950,0,0,33268,79700,114950,medsl,1
2024,AL,Shelby,0,114698,0,0,33087,79666,114698,medsl,1
2004,AL,St. Clair,0,29161,0,0,5456,23500,29161,medsl,1
2008,AL,St. Clair,0,34088,0,0,6091,27649,34088,medsl,1
2012,AL,St. Clair,0,35148,0,0,5801,29031,35148,medsl,1
2016,AL,St. Clair,0,38400,0,0,5589,31651,38400,medsl,1
2020,AL,St. Clair,0,44441,0,0,7744,36166,44441,medsl,1
2024,AL,St. Clair,0,43526,0,0,7640,35501,43526,medsl,1
2004,AL,Sumter,0,6433,0,0,4527,1880,6433,medsl,1
2008,AL,Sumter,0,7020,0,0,5264,1731,7020,medsl,1
2012,AL,Sumter,0,7027,0,0,5421,1586,7027,medsl,1
2016,AL,Sumter,0,6411,0,0,4746,1581,6411,medsl,1
2020,AL,Sumter,0,6291,0,0,4648,1598,6291,medsl,1
2024,AL,Sumter,0,5307,0,0,3725,1542,5307,medsl,1
2004,AL,Talladega,0,29898,0,0,11374,18331,29898,medsl,1
2008,AL,Talladega,0,34204,0,0,13779,20112,34204,medsl,1
2012,AL,Talladega,0,33373,0,0,13905,19246,33373,medsl,1
2016,AL,Talladega,0,33407,0,0,12121,20614,33407,medsl,1
2020,AL,Talladega,0,35663,0,0,13138,22235,35663,medsl,1
2024,AL,Talladega,0,33250,0,0,10898,22100,33250,medsl,1
2004,AL,Tallapoosa,0,17952,0,0,5451,12392,17952,medsl,1
2008,AL,Tallapoosa,0,19311,0,0,6063,13116,19311,medsl,1
2012,AL,Tallapoosa,0,18829,0,0,6319,12396,18829,medsl,1
2016,AL,Tallapoosa,0,19486,0,0,5519,13594,19486,medsl,1
2020,AL,Tallapoosa,0,20991,0,0,5859,14963,20991,medsl,1
2024,AL,Tallapoosa,0,20023,0,0,4975,14884,20023,medsl,1
2004,AL,Tuscaloosa,0,69830,0,0,26447,42877,69830,medsl,1
2008,AL,Tuscaloosa,0,78912,0,0,32796,45405,78912,medsl,1
2012,AL,Tuscaloosa,0,78590,0,0,32048,45748,78590,medsl,1
2016,AL,Tuscaloosa,0,82700,0,0,31762,47723,82700,medsl,1
2020,AL,Tuscaloosa,0,90172,0,0,37765,51117,90172,medsl,1
2024,AL,Tuscaloosa,0,85256,0,0,33399,50724,85256,medsl,1
2004,AL,Walker,0,28367,0,0,9016,19167,28367,medsl,1
2008,AL,Walker,0,28652,0,0,7420,20722,28652,medsl,1
2012,AL,Walker,0,28521,0,0,6557,21651,28521,medsl,1
2016,AL,Walker,0,29472,0,0,4497,24266,29472,medsl,1
2020,AL,Walker,0,31170,0,0,4834,26002,31170,medsl,1
2024,AL,Walker,0,29786,0,0,4102,25464,29786,medsl,1
2004,AL,Washington,0,8247,0,0,3145,5060,8247,medsl,1
2008,AL,Washington,0,8775,0,0,3067,5654,8775,medsl,1
2012,AL,Washington,0,8778,0,0,2976,5761,8778,medsl,1
2016,AL,Washington,0,8533,0,0,2374,6042,8533,medsl,1
2020,AL,Washington,0,8876,0,0,2258,6564,8876,medsl,1
2024,AL,Washington,0,8441,0,0,1863,6534,8441,medsl,1
2004,AL,Wilcox,0,5682,0,0,3838,1834,5682,medsl,1
2008,AL,Wilcox,0,6494,0,0,4612,1868,6494,medsl,1
2012,AL,Wilcox,0,6551,0,0,4868,1679,6551,medsl,1
2016,AL,Wilcox,0,6118,0,0,4339,1737,6118,medsl,1
2020,AL,Wilcox,0,5903,0,0,4048,1833,5903,medsl,1
2024,AL,Wilcox,0,5263,0,0,3449,1793,5263,medsl,1
2004,AL,Winston,0,10423,0,0,2236,8130,10423,medsl,1
2008,AL,Winston,0,10031,0,0,1757,8103,10031,medsl,1
2012,AL,Winston,0,9714,0,0,1286,8312,9714,medsl,1
2016,AL,Winston,0,10313,0,0,872,9228,10313,medsl,1
2020,AL,Winston,0,11284,0,0,974,10195,11284,medsl,1
2024,AL,Winston,0,11149,0,0,884,10191,11149,medsl,1
2004,AR,Arkansas,0,6946,0,0,3110,3789,6946,medsl,1
2008,AR,Arkansas,0,6978,0,0,2619,4185,6978,medsl,1
2012,AR,Arkansas,0,6494,0,0,2455,3897,6494,medsl,1
2016,AR,Arkansas,0,6212,0,0,1939,3826,6212,medsl,1
2020,AR,Arkansas,0,6292,0,0,1818,4304,6292,medsl,1
2024,AR,Arkansas,0,5547,0,0,1503,3951,5547,medsl,1
2004,AR,Ashley,0,8512,0,0,3881,4567,8512,medsl,1
2008,AR,Ashley,0,8642,0,0,2976,5406,8642,medsl,1
2012,AR,Ashley,0,7921,0,0,2859,4867,7921,medsl,1
2016,AR,Ashley,0,8083,0,0,2408,5338,8083,medsl,1
2020,AR,Ashley,0,7926,0,0,2125,5548,7926,medsl,1
2024,AR,Ashley,0,7030,0,0,1774,5145,7030,medsl,1
2004,AR,Baxter,0,18530,0,0,7129,11128,18530,medsl,1
2008,AR,Baxter,0,19981,0,0,6539,12852,19981,medsl,1
2012,AR,Baxter,0,19339,0,0,5172,13688,19339,medsl,1
2016,AR,Baxter,0,19766,0,0,4169,14682,19766,medsl,1
2020,AR,Baxter,0,21007,0,0,4635,15836,21007,medsl,1
2024,AR,Baxter,0,20954,0,0,4341,16253,20954,medsl,1
2004,AR,Benton,0,68121,0,0,20756,46571,68121,medsl,0
2008,AR,Benton,0,76073,0,0,23331,51124,76073,medsl,0
2012,AR,Benton,0,79257,0,0,22636,54646,79257,medsl,0
2016,AR,Benton,0,96824,0,0,28005,60871,96824,medsl,0
2020,AR,Benton,0,119912,0,0,42249,73965,119912,medsl,0
2024,AR,Benton,0,128595,0,0,45231,79907,128595,medsl,0
2004,AR,Boone,0,14777,0,0,4640,9793,14777,medsl,1
2008,AR,Boone,0,15474,0,0,4435,10575,15474,medsl,1
2012,AR,Boone,0,15391,0,0,3772,11159,15391,medsl,1
2016,AR,Boone,0,16111,0,0,2926,12235,16111,medsl,1
2020,AR,Boone,0,17114,0,0,3064,13652,17114,medsl,1
2024,AR,Boone,0,17112,0,0,2854,13968,17112,medsl,1
2004,AR,Bradley,0,4249,0,0,2206,2011,4249,medsl,1
2008,AR,Bradley,0,4041,0,0,1680,2262,4041,medsl,1
2012,AR,Bradley,0,3652,0,0,1449,2134,3652,medsl,1
2016,AR,Bradley,0,3653,0,0,1317,2164,3653,medsl,1
2020,AR,Bradley,0,3654,0,0,1214,2335,3654,medsl,1
2024,AR,Bradley,0,3209,0,0,961,2213,3209,medsl,1
2004,AR,Calhoun,0,2303,0,0,942,1341,2303,medsl,1
2008,AR,Calhoun,0,2217,0,0,691,1462,2217,medsl,1
2012,AR,Calhoun,0,2174,0,0,660,1458,2174,medsl,1
2016,AR,Calhoun,0,2269,0,0,639,1556,2269,medsl,1
2020,AR,Calhoun,0,2182,0,0,479,1636,2182,medsl,1
2024,AR,Calhoun,0,2092,0,0,379,1674,2092,medsl,1
2004,AR,Carroll,0,10481,0,0,4161,6184,10481,medsl,1
2008,AR,Carroll,0,10579,0,0,4172,6083,10579,medsl,1
2012,AR,Carroll,0,10183,0,0,3696,6125,10183,medsl,1
2016,AR,Carroll,0,10758,0,0,3342,6786,10758,medsl,1
2020,AR,Carroll,0,11797,0,0,4023,7424,11797,medsl,1
2024,AR,Carroll,0,11538,0,0,3812,7470,11538,medsl,1
2004,AR,Chicot,0,4757,0,0,2993,1725,4757,medsl,1
2008,AR,Chicot,0,5208,0,0,3043,2119,5208,medsl,1
2012,AR,Chicot,0,4361,0,0,2649,1670,4361,medsl,1
2016,AR,Chicot,0,4176,0,0,2350,1716,4176,medsl,1
2020,AR,Chicot,0,4103,0,0,2260,1752,4103,medsl,1
2024,AR,Chicot,0,3490,0,0,1796,1658,3490,medsl,1
2004,AR,Clark,0,9189,0,0,4985,4127,9189,medsl,1
2008,AR,Clark,0,9094,0,0,4267,4608,9094,medsl,1
2012,AR,Clark,0,8409,0,0,3811,4343,8409,medsl,1
2016,AR,Clark,0,8526,0,0,3620,4404,8526,medsl,1
2020,AR,Clark,0,8395,0,0,3438,4616,8395,medsl,1
2024,AR,Clark,0,7657,0,0,2959,4526,7657,medsl,1
2004,AR,Clay,0,6096,0,0,3264,2759,6096,medsl,1
2008,AR,Clay,0,5511,0,0,2244,3032,5511,medsl,1
2012,AR,Clay,0,5110,0,0,1738,3225,5110,medsl,1
2016,AR,Clay,0,5200,0,0,1199,3781,5200,medsl,1
2020,AR,Clay,0,5183,0,0,962,4086,5183,medsl,1
2024,AR,Clay,0,4967,0,0,907,3968,4967,medsl,1
2004,AR,Cleburne,0,11835,0,0,4702,7001,11835,medsl,0
2008,AR,Cleburne,0,11338,0,0,2951,7962,11338,medsl,0
2012,AR,Cleburne,0,11647,0,0,2620,8693,11647,medsl,0
2016,AR,Cleburne,0,12085,0,0,2101,9458,12085,medsl,0
2020,AR,Cleburne,0,12680,0,0,1988,10328,12680,medsl,0
2024,AR,Cleburne,0,12739,0,0,1941,10595,12739,medsl,0
2004,AR,Cleveland,0,3496,0,0,1450,2009,3496,medsl,1
2008,AR,Cleveland,0,3505,0,0,911,2451,3505,medsl,1
2012,AR,Cleveland,0,3266,0,0,845,2313,3266,medsl,1
2016,AR,Cleveland,0,3354,0,0,723,2462,3354,medsl,1
2020,AR,Cleveland,0,3600,0,0,651,2867,3600,medsl,1
2024,AR,Cleveland,0,3374,0,0,524,2804,3374,medsl,1
2004,AR,Columbia,0,9909,0,0,4108,5729,9909,medsl,1
2008,AR,Columbia,0,9558,0,0,3554,5861,9558,medsl,1
2012,AR,Columbia,0,9455,0,0,3557,5790,9455,medsl,1
2016,AR,Columbia,0,8887,0,0,3140,5456,8887,medsl,1
2020,AR,Columbia,0,8616,0,0,2814,5500,8616,medsl,1
2024,AR,Columbia,0,7940,0,0,2466,5367,7940,medsl,1
2004,AR,Conway,0,8649,0,0,4259,4293,8649,medsl,1
2008,AR,Conway,0,8138,0,0,3149,4691,8138,medsl,1
2012,AR,Conway,0,7730,0,0,3005,4514,7730,medsl,1
2016,AR,Conway,0,7927,0,0,2656,4849,7927,medsl,1
2020,AR,Conway,0,8685,0,0,2615,5694,8685,medsl,1
2024,AR,Conway,0,8541,0,0,2449,5893,8541,medsl,1
2004,AR,Craighead,0,29801,0,0,13665,15818,29801,medsl,1
2008,AR,Craighead,0,30968,0,0,11294,18881,30968,medsl,1
2012,AR,Craighead,0,31700,0,0,10527,20350,31700,medsl,1
2016,AR,Craighead,0,35573,0,0,10538,22892,35573,medsl,1
2020,AR,Craighead,0,38511,0,0,11921,25558,38511,medsl,1
2024,AR,Craighead,0,37242,0,0,11210,25152,37242,medsl,1
2004,AR,Crawford,0,20401,0,0,6764,13391,20401,medsl,1
2008,AR,Crawford,0,20532,0,0,5238,14688,20532,medsl,1
2012,AR,Crawford,0,20591,0,0,4881,15145,20591,medsl,1
2016,AR,Crawford,0,22450,0,0,4488,16686,22450,medsl,1
2020,AR,Crawford,0,24091,0,0,4959,18607,24091,medsl,1
2024,AR,Crawford,0,23834,0,0,4753,18615,23834,medsl,1
2004,AR,Crittenden,0,15300,0,0,8277,6930,15300,medsl,1
2008,AR,Crittenden,0,18255,0,0,10330,7650,18255,medsl,1
2012,AR,Crittenden,0,16716,0,0,9487,6998,16716,medsl,1
2016,AR,Crittenden,0,15952,0,0,8410,6964,15952,medsl,1
2020,AR,Crittenden,0,16367,0,0,8514,7333,16367,medsl,1
2024,AR,Crittenden,0,14681,0,0,7362,7028,14681,medsl,1
2004,AR,Cross,0,7074,0,0,3135,3864,7074,medsl,1
2008,AR,Cross,0,7130,0,0,2580,4393,7130,medsl,1
2012,AR,Cross,0,6681,0,0,2279,4269,6681,medsl,1
2016,AR,Cross,0,6874,0,0,1999,4584,6874,medsl,1
2020,AR,Cross,0,6942,0,0,1772,4946,6942,medsl,1
2024,AR,Cross,0,6534,0,0,1642,4753,6534,medsl,1
2004,AR,Dallas,0,3383,0,0,1667,1699,3383,medsl,1
2008,AR,Dallas,0,3318,0,0,1471,1757,3318,medsl,1
2012,AR,Dallas,0,3084,0,0,1337,1665,3084,medsl,1
2016,AR,Dallas,0,2771,0,0,1165,1509,2771,medsl,1
2020,AR,Dallas,0,2649,0,0,963,1573,2649,medsl,1
2024,AR,Dallas,0,2324,0,0,798,1482,2324,medsl,1
2004,AR,Desha,0,4647,0,0,2851,1729,4647,medsl,1
2008,AR,Desha,0,4678,0,0,2569,1999,4678,medsl,1
2012,AR,Desha,0,4420,0,0,2443,1896,4420,medsl,1
2016,AR,Desha,0,4257,0,0,2228,1919,4257,medsl,1
2020,AR,Desha,0,4164,0,0,2016,1921,4164,medsl,1
2024,AR,Desha,0,3505,0,0,1638,1805,3505,medsl,1
2004,AR,Drew,0,6249,0,0,2952,3262,6249,medsl,1
2008,AR,Drew,0,6610,0,0,2598,3860,6610,medsl,1
2012,AR,Drew,0,6633,0,0,2630,3887,6633,medsl,1
2016,AR,Drew,0,6595,0,0,2365,3968,6595,medsl,1
2020,AR,Drew,0,6908,0,0,2426,4349,6908,medsl,1
2024,AR,Drew,0,6365,0,0,2050,4203,6365,medsl,1
2004,AR,Faulkner,0,36686,0,0,14538,21514,36686,medsl,1
2008,AR,Faulkner,0,41179,0,0,14955,25362,41179,medsl,1
2012,AR,Faulkner,0,41460,0,0,13621,26722,41460,medsl,1
2016,AR,Faulkner,0,47527,0,0,14629,29346,47527,medsl,1
2020,AR,Faulkner,0,54428,0,0,18347,34421,54428,medsl,1
2024,AR,Faulkner,0,54465,0,0,17752,35357,54465,medsl,1
2004,AR,Franklin,0,7289,0,0,3008,4181,7289,medsl,1
2008,AR,Franklin,0,6475,0,0,1869,4411,6475,medsl,1
2012,AR,Franklin,0,6540,0,0,1726,4631,6540,medsl,1
2016,AR,Franklin,0,6770,0,0,1376,5039,6770,medsl,1
2020,AR,Franklin,0,7129,0,0,1300,5677,7129,medsl,1
2024,AR,Franklin,0,6971,0,0,1232,5582,6971,medsl,1
2004,AR,Fulton,0,4955,0,0,2370,2522,4955,medsl,1
2008,AR,Fulton,0,4676,0,0,1819,2702,4676,medsl,1
2012,AR,Fulton,0,4522,0,0,1452,2949,4522,medsl,1
2016,AR,Fulton,0,4772,0,0,1067,3471,4772,medsl,1
2020,AR,Fulton,0,5119,0,0,1035,3961,5119,medsl,1
2024,AR,Fulton,0,5043,0,0,906,4040,5043,medsl,1
2004,AR,Garland,0,40154,0,0,18040,21734,40154,medsl,1
2008,AR,Garland,0,43719,0,0,15899,26825,43719,medsl,1
2012,AR,Garland,0,40728,0,0,13804,26014,40728,medsl,1
2016,AR,Garland,0,40805,0,0,12311,26087,40805,medsl,1
2020,AR,Garland,0,44199,0,0,14045,29069,44199,medsl,1
2024,AR,Garland,0,42327,0,0,13015,28359,42327,medsl,1
2004,AR,Grant,0,6770,0,0,2524,4205,6770,medsl,1
2008,AR,Grant,0,6793,0,0,1562,5023,6793,medsl,1
2012,AR,Grant,0,6479,0,0,1468,4829,6479,medsl,1
2016,AR,Grant,0,7445,0,0,1373,5725,7445,medsl,1
2020,AR,Grant,0,8200,0,0,1268,6794,8200,medsl,1
2024,AR,Grant,0,8078,0,0,1192,6755,8078,medsl,1
2004,AR,Greene,0,13947,0,0,6561,7232,13947,medsl,1
2008,AR,Greene,0,13612,0,0,4541,8578,13612,medsl,1
2012,AR,Greene,0,13761,0,0,4000,9071,13761,medsl,1
2016,AR,Greene,0,14600,0,0,3071,10720,14600,medsl,1
2020,AR,Greene,0,16100,0,0,3058,12670,16100,medsl,1
2024,AR,Greene,0,15820,0,0,2935,12617,15820,medsl,1
2004,AR,Hempstead,0,7452,0,0,3817,3580,7452,medsl,1
2008,AR,Hempstead,0,7349,0,0,2869,4273,7349,medsl,1
2012,AR,Hempstead,0,6921,0,0,2468,4284,6921,medsl,1
2016,AR,Hempstead,0,7049,0,0,2377,4401,7049,medsl,1
2020,AR,Hempstead,0,6848,0,0,2138,4470,6848,medsl,1
2024,AR,Hempstead,0,6089,0,0,1776,4193,6089,medsl,1
2004,AR,Hot Spring,0,12068,0,0,5903,5962,12068,medsl,1
2008,AR,Hot Spring,0,11955,0,0,4288,7209,11955,medsl,1
2012,AR,Hot Spring,0,11260,0,0,3830,7097,11260,medsl,1
2016,AR,Hot Spring,0,11944,0,0,3149,8172,11944,medsl,1
2020,AR,Hot Spring,0,12557,0,0,3082,9202,12557,medsl,1
2024,AR,Hot Spring,0,12283,0,0,2818,9226,12283,medsl,1
2004,AR,Howard,0,4943,0,0,2166,2736,4943,medsl,1
2008,AR,Howard,0,4846,0,0,1746,2957,4846,medsl,1
2012,AR,Howard,0,4462,0,0,1471,2892,4462,medsl,1
2016,AR,Howard,0,4674,0,0,1351,3157,4674,medsl,1
2020,AR,Howard,0,4834,0,0,1340,3367,4834,medsl,1
2024,AR,Howard,0,4473,0,0,1158,3246,4473,medsl,1
2004,AR,Independence,0,13011,0,0,5443,7430,13011,medsl,1
2008,AR,Independence,0,12299,0,0,3688,8255,12299,medsl,1
2012,AR,Independence,0,12397,0,0,3281,8728,12397,medsl,1
2016,AR,Independence,0,13614,0,0,2881,9936,13614,medsl,1
2020,AR,Independence,0,14512,0,0,2806,11250,14512,medsl,1
2024,AR,Independence,0,14011,0,0,2689,11023,14011,medsl,1
2004,AR,Izard,0,5493,0,0,2586,2833,5493,medsl,0
2008,AR,Izard,0,5218,0,0,1792,3193,5218,medsl,0
2012,AR,Izard,0,5278,0,0,1524,3575,5278,medsl,0
2016,AR,Izard,0,5448,0,0,1113,4042,5448,medsl,0
2020,AR,Izard,0,5810,0,0,1021,4631,5810,medsl,0
2024,AR,Izard,0,5925,0,0,949,4854,5925,medsl,0
2004,AR,Jackson,0,6219,0,0,3515,2624,6219,medsl,1
2008,AR,Jackson,0,5582,0,0,2207,3118,5582,medsl,1
2012,AR,Jackson,0,5347,0,0,2095,3072,5347,medsl,1
2016,AR,Jackson,0,5156,0,0,1583,3267,5156,medsl,1
2020,AR,Jackson,0,5091,0,0,1365,3593,5091,medsl,1
2024,AR,Jackson,0,4775,0,0,1183,3509,4775,medsl,1
2004,AR,Jefferson,0,30493,0,0,19675,10218,30493,medsl,1
2008,AR,Jefferson,0,29689,0,0,18465,10655,29689,medsl,1
2012,AR,Jefferson,0,27383,0,0,17470,9520,27383,medsl,1
2016,AR,Jefferson,0,25894,0,0,15772,9250,25894,medsl,1
2020,AR,Jefferson,0,25158,0,0,14981,9521,25158,medsl,1
2024,AR,Jefferson,0,21608,0,0,12802,8468,21608,medsl,1
2004,AR,Johnson,0,8044,0,0,3622,4311,8044,medsl,1
2008,AR,Johnson,0,8180,0,0,3034,4922,8180,medsl,1
2012,AR,Johnson,0,8098,0,0,2799,5064,8098,medsl,1
2016,AR,Johnson,0,9112,0,0,2427,6091,9112,medsl,1
2020,AR,Johnson,0,9498,0,0,2283,6938,9498,medsl,1
2024,AR,Johnson,0,9059,0,0,2107,6766,9059,medsl,1
2004,AR,Lafayette,0,3191,0,0,1567,1604,3191,medsl,1
2008,AR,Lafayette,0,2902,0,0,1133,1685,2902,medsl,1
2012,AR,Lafayette,0,2929,0,0,1173,1713,2929,medsl,1
2016,AR,Lafayette,0,2860,0,0,1032,1758,2860,medsl,1
2020,AR,Lafayette,0,2679,0,0,839,1757,2679,medsl,1
2024,AR,Lafayette,0,2325,0,0,698,1589,2325,medsl,1
2004,AR,Lawrence,0,6615,0,0,3544,2951,6615,medsl,1
2008,AR,Lawrence,0,5830,0,0,2138,3357,5830,medsl,1
2012,AR,Lawrence,0,5540,0,0,1788,3536,5540,medsl,1
2016,AR,Lawrence,0,5685,0,0,1263,4064,5685,medsl,1
2020,AR,Lawrence,0,5857,0,0,1080,4569,5857,medsl,1
2024,AR,Lawrence,0,5692,0,0,965,4608,5692,medsl,1
2004,AR,Lee,0,4080,0,0,2548,1492,4080,medsl,1
2008,AR,Lee,0,3763,0,0,2263,1454,3763,medsl,1
2012,AR,Lee,0,3424,0,0,2107,1280,3424,medsl,1
2016,AR,Lee,0,3026,0,0,1735,1229,3026,medsl,1
2020,AR,Lee,0,2848,0,0,1423,1286,2848,medsl,1
2024,AR,Lee,0,2520,0,0,1270,1181,2520,medsl,1
2004,AR,Lincoln,0,4109,0,0,2149,1921,4109,medsl,1
2008,AR,Lincoln,0,4406,0,0,1710,2513,4406,medsl,1
2012,AR,Lincoln,0,3726,0,0,1425,2199,3726,medsl,1
2016,AR,Lincoln,0,3826,0,0,1252,2455,3826,medsl,1
2020,AR,Lincoln,0,3875,0,0,1032,2729,3875,medsl,1
2024,AR,Lincoln,0,3372,0,0,813,2502,3372,medsl,1
2004,AR,Little River,0,5294,0,0,2677,2575,5294,medsl,1
2008,AR,Little River,0,5152,0,0,1753,3247,5152,medsl,1
2012,AR,Little River,0,5051,0,0,1552,3385,5051,medsl,1
2016,AR,Little River,0,5227,0,0,1397,3605,5227,medsl,1
2020,AR,Little River,0,5177,0,0,1226,3715,5177,medsl,1
2024,AR,Little River,0,4899,0,0,1084,3744,4899,medsl,1
2004,AR,Logan,0,8551,0,0,3361,5076,8551,medsl,1
2008,AR,Logan,0,7907,0,0,2286,5350,7907,medsl,1
2012,AR,Logan,0,7331,0,0,2009,5079,7331,medsl,1
2016,AR,Logan,0,7921,0,0,1715,5746,7921,medsl,1
2020,AR,Logan,0,8225,0,0,1544,6441,8225,medsl,1
2024,AR,Logan,0,8205,0,0,1464,6567,8205,medsl,1
2004,AR,Lonoke,0,22030,0,0,7454,14398,22030,medsl,1
2008,AR,Lonoke,0,23741,0,0,5968,17242,23741,medsl,1
2012,AR,Lonoke,0,24114,0,0,5625,17880,24114,medsl,1
2016,AR,Lonoke,0,27100,0,0,5664,19958,27100,medsl,1
2020,AR,Lonoke,0,30662,0,0,6686,22884,30662,medsl,1
2024,AR,Lonoke,0,30620,0,0,6790,23225,30620,medsl,1
2004,AR,Madison,0,6384,0,0,2421,3873,6384,medsl,0
2008,AR,Madison,0,6328,0,0,2144,3972,6328,medsl,0
2012,AR,Madison,0,6568,0,0,2099,4263,6568,medsl,0
2016,AR,Madison,0,6841,0,0,1588,4928,6841,medsl,0
2020,AR,Madison,0,7351,0,0,1563,5658,7351,medsl,0
2024,AR,Madison,0,7501,0,0,1491,5885,7501,medsl,0
2004,AR,Marion,0,6867,0,0,2602,4127,6867,medsl,1
2008,AR,Marion,0,7162,0,0,2384,4524,7162,medsl,1
2012,AR,Marion,0,7051,0,0,2037,4774,7051,medsl,1
2016,AR,Marion,0,7107,0,0,1434,5336,7107,medsl,1
2020,AR,Marion,0,7503,0,0,1531,5783,7503,medsl,1
2024,AR,Marion,0,7851,0,0,1501,6230,7851,medsl,1
2004,AR,Miller,0,14678,0,0,6139,8448,14678,medsl,1
2008,AR,Miller,0,15063,0,0,4869,9913,15063,medsl,1
2012,AR,Miller,0,15329,0,0,4518,10622,15329,medsl,1
2016,AR,Miller,0,16091,0,0,4273,11294,16091,medsl,1
2020,AR,Miller,0,16529,0,0,4245,11920,16529,medsl,1
2024,AR,Miller,0,15803,0,0,3769,11842,15803,medsl,1
2004,AR,Mississippi,0,14153,0,0,7593,6121,14153,medsl,1
2008,AR,Mississippi,0,14010,0,0,6667,6976,14010,medsl,1
2012,AR,Mississippi,0,13375,0,0,6467,6603,13375,medsl,1
2016,AR,Mississippi,0,13204,0,0,5670,7061,13204,medsl,1
2020,AR,Mississippi,0,12342,0,0,4558,7296,12342,medsl,1
2024,AR,Mississippi,0,10717,0,0,3574,6963,10717,medsl,1
2004,AR,Monroe,0,3667,0,0,2049,1586,3667,medsl,1
2008,AR,Monroe,0,3449,0,0,1615,1754,3449,medsl,1
2012,AR,Monroe,0,3230,0,0,1583,1585,3230,medsl,1
2016,AR,Monroe,0,2884,0,0,1312,1489,2884,medsl,1
2020,AR,Monroe,0,2816,0,0,1147,1545,2816,medsl,1
2024,AR,Monroe,0,2433,0,0,1002,1385,2433,medsl,1
2004,AR,Montgomery,0,3958,0,0,1524,2367,3958,medsl,1
2008,AR,Montgomery,0,3622,0,0,1092,2365,3622,medsl,1
2012,AR,Montgomery,0,3404,0,0,920,2369,3404,medsl,1
2016,AR,Montgomery,0,3559,0,0,748,2643,3559,medsl,1
2020,AR,Montgomery,0,3873,0,0,731,3046,3873,medsl,1
2024,AR,Montgomery,0,3707,0,0,645,2987,3707,medsl,1
2004,AR,Nevada,0,3477,0,0,1694,1752,3477,medsl,1
2008,AR,Nevada,0,3635,0,0,1474,2062,3635,medsl,1
2012,AR,Nevada,0,3384,0,0,1314,1996,3384,medsl,1
2016,AR,Nevada,0,3246,0,0,1157,2000,3246,medsl,1
2020,AR,Nevada,0,3358,0,0,1076,2133,3358,medsl,1
2024,AR,Nevada,0,2907,0,0,849,2002,2907,medsl,1
2004,AR,Newton,0,4378,0,0,1506,2779,4378,medsl,1
2008,AR,Newton,0,3960,0,0,1182,2588,3960,medsl,1
2012,AR,Newton,0,3661,0,0,993,2508,3661,medsl,1
2016,AR,Newton,0,3753,0,0,699,2875,3753,medsl,1
2020,AR,Newton,0,3998,0,0,709,3192,3998,medsl,1
2024,AR,Newton,0,3770,0,0,644,3063,3770,medsl,1
2004,AR,Ouachita,0,10650,0,0,5188,5345,10650,medsl,1
2008,AR,Ouachita,0,9960,0,0,4346,5427,9960,medsl,1
2012,AR,Ouachita,0,10315,0,0,4633,5521,10315,medsl,1
2016,AR,Ouachita,0,9935,0,0,4321,5351,9935,medsl,1
2020,AR,Ouachita,0,9629,0,0,3995,5294,9629,medsl,1
2024,AR,Ouachita,0,8626,0,0,3412,5056,8626,medsl,1
2004,AR,Perry,0,4431,0,0,1921,2435,4431,medsl,1
2008,AR,Perry,0,4279,0,0,1352,2743,4279,medsl,1
2012,AR,Perry,0,3938,0,0,1187,2581,3938,medsl,1
2016,AR,Perry,0,4306,0,0,1049,3008,4306,medsl,1
2020,AR,Perry,0,4627,0,0,1012,3479,4627,medsl,1
2024,AR,Perry,0,4584,0,0,923,3559,4584,medsl,1
2004,AR,Phillips,0,8868,0,0,5642,3161,8868,medsl,1
2008,AR,Phillips,0,8969,0,0,5695,3097,8969,medsl,1
2012,AR,Phillips,0,7930,0,0,5202,2598,7930,medsl,1
2016,AR,Phillips,0,6953,0,0,4310,2446,6953,medsl,1
2020,AR,Phillips,0,6242,0,0,3623,2417,6242,medsl,1
2024,AR,Phillips,0,4938,0,0,2754,2098,4938,medsl,1
2004,AR,Pike,0,3367,0,0,1310,2013,3367,medsl,0
2008,AR,Pike,0,3966,0,0,1089,2727,3966,medsl,0
2012,AR,Pike,0,3788,0,0,851,2847,3788,medsl,0
2016,AR,Pike,0,3981,0,0,685,3150,3981,medsl,0
2020,AR,Pike,0,4246,0,0,644,3519,4246,medsl,0
2024,AR,Pike,0,4358,0,0,560,3746,4358,medsl,0
2004,AR,Poinsett,0,7723,0,0,4069,3555,7723,medsl,1
2008,AR,Poinsett,0,7928,0,0,2742,4903,7928,medsl,1
2012,AR,Poinsett,0,7560,0,0,2390,4974,7560,medsl,1
2016,AR,Poinsett,0,7722,0,0,1880,5502,7722,medsl,1
2020,AR,Poinsett,0,7521,0,0,1424,5918,7521,medsl,1
2024,AR,Poinsett,0,7079,0,0,1235,5731,7079,medsl,1
2004,AR,Polk,0,7799,0,0,2473,5192,7799,medsl,1
2008,AR,Polk,0,7681,0,0,1957,5473,7681,medsl,1
2012,AR,Polk,0,7726,0,0,1556,5955,7726,medsl,1
2016,AR,Polk,0,8231,0,0,1212,6618,8231,medsl,1
2020,AR,Polk,0,8490,0,0,1246,7035,8490,medsl,1
2024,AR,Polk,0,8288,0,0,1145,6987,8288,medsl,1
2004,AR,Pope,0,20902,0,0,7100,13614,20902,medsl,1
2008,AR,Pope,0,22079,0,0,6002,15568,22079,medsl,1
2012,AR,Pope,0,20439,0,0,5126,14763,20439,medsl,1
2016,AR,Pope,0,22569,0,0,5000,16256,22569,medsl,1
2020,AR,Pope,0,24432,0,0,5772,18081,24432,medsl,1
2024,AR,Pope,0,24191,0,0,5487,18118,24191,medsl,1
2004,AR,Prairie,0,3624,0,0,1562,2030,3624,medsl,1
2008,AR,Prairie,0,3381,0,0,1048,2223,3381,medsl,1
2012,AR,Prairie,0,3141,0,0,880,2153,3141,medsl,1
2016,AR,Prairie,0,3444,0,0,814,2505,3444,medsl,1
2020,AR,Prairie,0,3495,0,0,654,2786,3495,medsl,1
2024,AR,Prairie,0,3200,0,0,524,2628,3200,medsl,1
2004,AR,Pulaski,0,151758,0,0,82755,67617,151758,medsl,1
2008,AR,Pulaski,0,161343,0,0,88854,70212,161343,medsl,1
2012,AR,Pulaski,0,159381,0,0,87248,68984,159381,medsl,1
2016,AR,Pulaski,0,159776,0,0,89574,61257,159776,medsl,1
2020,AR,Pulaski,0,169956,0,0,101947,63687,169956,medsl,1
2024,AR,Pulaski,0,153924,0,0,92038,57977,153924,medsl,1
2004,AR,Randolph,0,6667,0,0,3412,3158,6667,medsl,1
2008,AR,Randolph,0,6319,0,0,2469,3615,6319,medsl,1
2012,AR,Randolph,0,5956,0,0,2046,3701,5956,medsl,1
2016,AR,Randolph,0,6379,0,0,1425,4509,6379,medsl,1
2020,AR,Randolph,0,6812,0,0,1215,5355,6812,medsl,1
2024,AR,Randolph,0,6636,0,0,1138,5367,6636,medsl,1
2004,AR,Saline,0,39376,0,0,14153,24864,39376,medsl,0
2008,AR,Saline,0,44653,0,0,12695,30981,44653,medsl,0
2012,AR,Saline,0,47062,0,0,12869,32963,47062,medsl,0
2016,AR,Saline,0,52100,0,0,13256,35863,52100,medsl,0
2020,AR,Saline,0,56959,0,0,16060,39556,56959,medsl,0
2024,AR,Saline,0,57609,0,0,16609,39736,57609,medsl,0
2004,AR,Scott,0,4038,0,0,1473,2514,4038,medsl,1
2008,AR,Scott,0,3995,0,0,1053,2791,3995,medsl,1
2012,AR,Scott,0,3640,0,0,897,2631,3640,medsl,1
2016,AR,Scott,0,3510,0,0,602,2731,3510,medsl,1
2020,AR,Scott,0,3551,0,0,483,2962,3551,medsl,1
2024,AR,Scott,0,3384,0,0,425,2913,3384,medsl,1
2004,AR,Searcy,0,3992,0,0,1370,2565,3992,medsl,1
2008,AR,Searcy,0,3847,0,0,961,2726,3847,medsl,1
2012,AR,Searcy,0,3694,0,0,814,2699,3694,medsl,1
2016,AR,Searcy,0,3728,0,0,601,2955,3728,medsl,1
2020,AR,Searcy,0,4019,0,0,588,3365,4019,medsl,1
2024,AR,Searcy,0,3869,0,0,511,3305,3869,medsl,1
2004,AR,Sebastian,0,44211,0,0,16479,27303,44211,medsl,1
2008,AR,Sebastian,0,43212,0,0,13673,28637,43212,medsl,1
2012,AR,Sebastian,0,43362,0,0,13092,29169,43362,medsl,1
2016,AR,Sebastian,0,44637,0,0,12300,29127,44637,medsl,1
2020,AR,Sebastian,0,47140,0,0,14487,31198,47140,medsl,1
2024,AR,Sebastian,0,45452,0,0,13652,30719,45452,medsl,1
2004,AR,Sevier,0,4601,0,0,2035,2516,4601,medsl,1
2008,AR,Sevier,0,4580,0,0,1291,3125,4580,medsl,1
2012,AR,Sevier,0,4330,0,0,1042,3136,4330,medsl,1
2016,AR,Sevier,0,4562,0,0,1075,3282,4562,medsl,1
2020,AR,Sevier,0,5202,0,0,1116,3884,5202,medsl,1
2024,AR,Sevier,0,4714,0,0,862,3772,4714,medsl,1
2004,AR,Sharp,0,7470,0,0,3265,4097,7470,medsl,1
2008,AR,Sharp,0,7252,0,0,2436,4535,7252,medsl,1
2012,AR,Sharp,0,7283,0,0,2092,4921,7283,medsl,1
2016,AR,Sharp,0,7249,0,0,1472,5407,7249,medsl,1
2020,AR,Sharp,0,7566,0,0,1398,5938,7566,medsl,1
2024,AR,Sharp,0,7437,0,0,1316,5978,7437,medsl,1
2024,AR,St Francis,0,5979,0,0,2953,2909,5979,medsl,0
2004,AR,St. Francis,0,9588,0,0,5684,3815,9588,medsl,0
2008,AR,St. Francis,0,9505,0,0,5486,3917,9505,medsl,0
2012,AR,St. Francis,0,8362,0,0,4910,3368,8362,medsl,0
2016,AR,St. Francis,0,7430,0,0,4031,3195,7430,medsl,0
2020,AR,St. Francis,0,7108,0,0,3604,3242,7108,medsl,0
2004,AR,Stone,0,5549,0,0,2255,3188,5549,medsl,0
2008,AR,Stone,0,5324,0,0,1598,3534,5324,medsl,0
2012,AR,Stone,0,5354,0,0,1356,3776,5354,medsl,0
2016,AR,Stone,0,5618,0,0,1203,4113,5618,medsl,0
2020,AR,Stone,0,5938,0,0,1180,4616,5938,medsl,0
2024,AR,Stone,0,6030,0,0,1089,4808,6030,medsl,0
2004,AR,Union,0,17832,0,0,7071,10502,17832,medsl,1
2008,AR,Union,0,17179,0,0,6190,10677,17179,medsl,1
2012,AR,Union,0,17177,0,0,6196,10699,17177,medsl,1
2016,AR,Union,0,16894,0,0,5855,10456,16894,medsl,1
2020,AR,Union,0,16607,0,0,5584,10478,16607,medsl,1
2024,AR,Union,0,15448,0,0,5019,10196,15448,medsl,1
2004,AR,Van Buren,0,7374,0,0,3310,3988,7374,medsl,1
2008,AR,Van Buren,0,6703,0,0,2151,4276,6703,medsl,1
2012,AR,Van Buren,0,6430,0,0,1832,4365,6430,medsl,1
2016,AR,Van Buren,0,7339,0,0,1549,5382,7339,medsl,1
2020,AR,Van Buren,0,7807,0,0,1593,6034,7807,medsl,1
2024,AR,Van Buren,0,7621,0,0,1437,6023,7621,medsl,1
2004,AR,Washington,0,64103,0,0,27597,35726,64103,medsl,1
2008,AR,Washington,0,68380,0,0,29021,37963,68380,medsl,1
2012,AR,Washington,0,70460,0,0,28236,39688,70460,medsl,1
2016,AR,Washington,0,81861,0,0,33366,41476,81861,medsl,1
2020,AR,Washington,0,94266,0,0,43824,47504,94266,medsl,1
2024,AR,Washington,0,97158,0,0,43779,50243,97158,medsl,1
2004,AR,White,0,26425,0,0,9129,17001,26425,medsl,1
2008,AR,White,0,26955,0,0,6732,19467,26955,medsl,1
2012,AR,White,0,26514,0,0,5765,20011,26514,medsl,1
2016,AR,White,0,27219,0,0,5170,21077,27219,medsl,1
2020,AR,White,0,30885,0,0,5978,24182,30885,medsl,1
2024,AR,White,0,30837,0,0,5641,24514,30837,medsl,1
2004,AR,Woodruff,0,3026,0,0,1972,1021,3026,medsl,1
2008,AR,Woodruff,0,2761,0,0,1412,1206,2761,medsl,1
2012,AR,Woodruff,0,2685,0,0,1340,1227,2685,medsl,1
2016,AR,Woodruff,0,2571,0,0,1118,1347,2571,medsl,1
2020,AR,Woodruff,0,2476,0,0,856,1543,2476,medsl,1
2024,AR,Woodruff,0,2318,0,0,760,1513,2318,medsl,1
2004,AR,Yell,0,6659,0,0,2913,3678,6659,medsl,1
2008,AR,Yell,0,6036,0,0,2003,3808,6036,medsl,1
2012,AR,Yell,0,5974,0,0,1722,4042,5974,medsl,1
2016,AR,Yell,0,6439,0,0,1480,4608,6439,medsl,1
2020,AR,Yell,0,6741,0,0,1284,5226,6741,medsl,1
2024,AR,Yell,0,6477,0,0,1213,5147,6477,medsl,1
2004,AZ,Apache,0,24198,0,0,15658,8384,24198,medsl,1
2008,AZ,Apache,0,24262,0,0,15390,8551,24262,medsl,1
2012,AZ,Apache,0,25848,0,0,17147,8250,25848,medsl,1
2016,AZ,Apache,0,27661,0,0,17083,8240,27661,medsl,1
2020,AZ,Apache,0,35172,0,0,23293,11442,35172,medsl,1
2024,AZ,Apache,0,32685,0,0,18872,12795,32685,medsl,1
2004,AZ,Cochise,0,44483,0,0,17514,26556,44483,medsl,1
2008,AZ,Cochise,0,48820,0,0,18943,29026,48820,medsl,1
2012,AZ,Cochise,0,49003,0,0,18546,29497,49003,medsl,1
2016,AZ,Cochise,0,50015,0,0,17450,28092,50015,medsl,1
2020,AZ,Cochise,0,60442,0,0,23732,35557,60442,medsl,1
2024,AZ,Cochise,0,59501,0,0,22296,35936,59501,medsl,1
2004,AZ,Coconino,0,52267,0,0,29243,22526,52267,medsl,1
2008,AZ,Coconino,0,54344,0,0,31433,22186,54344,medsl,1
2012,AZ,Coconino,0,51731,0,0,29257,21220,51731,medsl,1
2016,AZ,Coconino,0,59784,0,0,32404,21108,59784,medsl,1
2020,AZ,Coconino,0,73272,0,0,44698,27052,73272,medsl,1
2024,AZ,Coconino,0,70993,0,0,41504,27576,70993,medsl,1
2004,AZ,Gila,0,20843,0,0,8314,12343,20843,medsl,1
2008,AZ,Gila,0,22333,0,0,7884,14095,22333,medsl,1
2012,AZ,Gila,0,21528,0,0,7697,13455,21528,medsl,1
2016,AZ,Gila,0,22312,0,0,7003,14182,22312,medsl,1
2020,AZ,Gila,0,27662,0,0,8943,18377,27662,medsl,1
2024,AZ,Gila,0,27979,0,0,8504,18901,27979,medsl,1
2004,AZ,Graham,0,10720,0,0,3185,7467,10720,medsl,1
2008,AZ,Graham,0,12007,0,0,3487,8376,12007,medsl,1
2012,AZ,Graham,0,11855,0,0,3609,8076,11855,medsl,1
2016,AZ,Graham,0,12134,0,0,3301,8025,12134,medsl,1
2020,AZ,Graham,0,14995,0,0,4034,10749,14995,medsl,1
2024,AZ,Graham,0,15327,0,0,3867,11177,15327,medsl,1
2004,AZ,Greenlee,0,3067,0,0,1146,1899,3067,medsl,1
2008,AZ,Greenlee,0,2913,0,0,1165,1712,2913,medsl,1
2012,AZ,Greenlee,0,2974,0,0,1310,1592,2974,medsl,1
2016,AZ,Greenlee,0,3270,0,0,1092,1892,3270,medsl,1
2020,AZ,Greenlee,0,3685,0,0,1182,2433,3685,medsl,1
2024,AZ,Greenlee,0,3341,0,0,954,2308,3341,medsl,1
2004,AZ,La Paz,0,5055,0,0,1849,3158,5055,medsl,1
2008,AZ,La Paz,0,5552,0,0,1929,3509,5552,medsl,1
2012,AZ,La Paz,0,5717,0,0,1880,3714,5717,medsl,1
2016,AZ,La Paz,0,5951,0,0,1575,4003,5951,medsl,1
2020,AZ,La Paz,0,7458,0,0,2236,5129,7458,medsl,1
2024,AZ,La Paz,0,7700,0,0,2101,5470,7700,medsl,1
2004,AZ,Maricopa,0,1192751,0,0,504849,679455,1192751,medsl,1
2008,AZ,Maricopa,0,1364962,0,0,602166,746448,1364962,medsl,1
2012,AZ,Maricopa,0,1376558,0,0,602288,749885,1376558,medsl,1
2016,AZ,Maricopa,0,1567834,0,0,702907,747361,1567834,medsl,1
2020,AZ,Maricopa,0,2068144,0,0,1040774,995665,2068144,medsl,1
2024,AZ,Maricopa,0,2061574,0,0,980016,1051531,2061574,medsl,1
2004,AZ,Maricopa County,1552421,1211963,567431,627529,504849,679455,1194961,manual,1
2008,AZ,Maricopa County,1730886,1380571,689150,682220,602166,746448,1371370,manual,1
2012,AZ,Maricopa County,1817832,1390836,690519,690740,602288,749885,1380959,manual,1
2016,AZ,Maricopa County,2161716,1608875,785065,782405,702907,747361,1567834,manual,1
2020,AZ,Maricopa County,2595272,2089563,1915487,174076,1040774,995665,2076086,manual,1
2024,AZ,Maricopa County,2587197,2078460,1822403,256057,980016,1051531,2061574,manual,1
2004,AZ,Mohave,0,57807,0,0,20503,36794,57807,medsl,1
2008,AZ,Mohave,0,67605,0,0,22092,44333,67605,medsl,1
2012,AZ,Mohave,0,70010,0,0,19533,49168,70010,medsl,1
2016,AZ,Mohave,0,79943,0,0,17455,58282,79943,medsl,1
2020,AZ,Mohave,0,104668,0,0,24831,78535,104668,medsl,1
2024,AZ,Mohave,0,111355,0,0,24081,85683,111355,medsl,1
2004,AZ,Navajo,0,32343,0,0,14815,17277,32343,medsl,1
2008,AZ,Navajo,0,35800,0,0,15579,19761,35800,medsl,1
2012,AZ,Navajo,0,37335,0,0,16945,19884,37335,medsl,1
2016,AZ,Navajo,0,40294,0,0,16459,20577,40294,medsl,1
2020,AZ,Navajo,0,51767,0,0,23383,27657,51767,medsl,1
2024,AZ,Navajo,0,51386,0,0,20754,29480,51386,medsl,1
2004,AZ,Pima,0,366907,0,0,193128,171109,366907,medsl,1
2008,AZ,Pima,0,393428,0,0,206254,182406,393428,medsl,1
2012,AZ,Pima,0,382250,0,0,201251,174779,382250,medsl,1
2016,AZ,Pima,0,421640,0,0,224661,167428,421640,medsl,1
2020,AZ,Pima,0,520397,0,0,304981,207758,520397,medsl,1
2024,AZ,Pima,0,520317,0,0,292450,214669,520317,medsl,1
2004,AZ,Pima County,448050,369321,0,0,193128,171109,364237,manual,1
2008,AZ,Pima County,496667,397503,0,0,206254,182406,388660,manual,1
2012,AZ,Pima County,494630,385725,259654,100123,201251,174779,383173,manual,1
2016,AZ,Pima County,327504,202934,159143,38113,109237,93391,202628,manual,1
2020,AZ,Pima County,638355,526319,456172,49943,304981,207758,522174,manual,1
2024,AZ,Pima County,662357,518466,442281,72633,292450,214669,515027,manual,1
2004,AZ,Pinal,0,64622,0,0,27252,37006,64622,medsl,0
2008,AZ,Pinal,0,104883,0,0,44254,59421,104883,medsl,0
2012,AZ,Pinal,0,108315,0,0,44306,62079,108315,medsl,0
2016,AZ,Pinal,0,129546,0,0,47892,72819,129546,medsl,0
2020,AZ,Pinal,0,184974,0,0,75106,107077,184974,medsl,0
2024,AZ,Pinal,0,211595,0,0,80656,126926,211595,medsl,0
2004,AZ,Santa Cruz,0,11668,0,0,6909,4668,11668,medsl,1
2008,AZ,Santa Cruz,0,13303,0,0,8683,4518,13303,medsl,1
2012,AZ,Santa Cruz,0,13894,0,0,9486,4235,13894,medsl,1
2016,AZ,Santa Cruz,0,16433,0,0,11690,3897,16433,medsl,1
2020,AZ,Santa Cruz,0,19556,0,0,13138,6194,19556,medsl,1
2024,AZ,Santa Cruz,0,19428,0,0,11265,7699,19428,medsl,1
2004,AZ,Yavapai,0,87389,0,0,33127,53468,87389,medsl,1
2008,AZ,Yavapai,0,99648,0,0,36889,61192,99648,medsl,1
2012,AZ,Yavapai,0,100283,0,0,33918,64468,100283,medsl,1
2016,AZ,Yavapai,0,114450,0,0,35590,71330,114450,medsl,1
2020,AZ,Yavapai,0,143221,0,0,49602,91527,143221,medsl,1
2024,AZ,Yavapai,0,150862,0,0,48717,99346,150862,medsl,1
2004,AZ,Yuma,0,38465,0,0,16032,22184,38465,medsl,1
2008,AZ,Yuma,0,43615,0,0,18559,24577,43615,medsl,1
2012,AZ,Yuma,0,41953,0,0,18059,23352,41953,medsl,1
2016,AZ,Yuma,0,53010,0,0,24605,25165,53010,medsl,1
2020,AZ,Yuma,0,69881,0,0,32210,36534,69881,medsl,1
2024,AZ,Yuma,0,68910,0,0,26823,40745,68910,medsl,1
2004,CA,Alameda,0,560742,0,0,422585,130911,560742,medsl,1
2008,CA,Alameda,0,621029,0,0,489106,119555,621029,medsl,1
2012,CA,Alameda,0,595642,0,0,469684,108182,595642,medsl,1
2016,CA,Alameda,0,654266,0,0,514842,95922,654266,medsl,1
2020,CA,Alameda,0,770070,0,0,617659,136309,770070,medsl,1
2024,CA,Alameda,0,669907,0,0,499551,140789,669907,medsl,1
2004,CA,Alpine,0,699,0,0,373,311,699,medsl,1
2008,CA,Alpine,0,692,0,0,422,252,692,medsl,1
2012,CA,Alpine,0,653,0,0,389,236,653,medsl,1
2016,CA,Alpine,0,602,0,0,334,217,602,medsl,1
2020,CA,Alpine,0,741,0,0,476,244,741,medsl,1
2024,CA,Alpine,0,738,0,0,479,243,738,medsl,1
2004,CA,Amador,0,16879,0,0,6211,10479,16879,medsl,1
2008,CA,Amador,0,18810,0,0,7813,10561,18810,medsl,1
2012,CA,Amador,0,17649,0,0,6830,10281,17649,medsl,1
2016,CA,Amador,0,17734,0,0,6004,10485,17734,medsl,1
2020,CA,Amador,0,22304,0,0,8153,13585,22304,medsl,1
2024,CA,Amador,0,22403,0,0,7783,14018,22403,medsl,1
2004,CA,Butte,0,95735,0,0,42448,51662,95735,medsl,1
2008,CA,Butte,0,98325,0,0,49013,46706,98325,medsl,1
2012,CA,Butte,0,90752,0,0,42669,44479,90752,medsl,1
2016,CA,Butte,0,95564,0,0,41567,45144,95564,medsl,1
2020,CA,Butte,0,102066,0,0,50426,48730,102066,medsl,1
2024,CA,Butte,0,94556,0,0,44228,47179,94556,medsl,1
2004,CA,Calaveras,0,22306,0,0,8286,13601,22306,medsl,1
2008,CA,Calaveras,0,23306,0,0,9813,12835,23306,medsl,1
2012,CA,Calaveras,0,21786,0,0,8670,12365,21786,medsl,1
2016,CA,Calaveras,0,23136,0,0,7944,13511,23136,medsl,1
2020,CA,Calaveras,0,27164,0,0,10046,16518,27164,medsl,1
2024,CA,Calaveras,0,26480,0,0,9181,16625,26480,medsl,1
2004,CA,Colusa,0,6166,0,0,1947,4142,6166,medsl,1
2008,CA,Colusa,0,6429,0,0,2569,3733,6429,medsl,1
2012,CA,Colusa,0,6034,0,0,2314,3601,6034,medsl,1
2016,CA,Colusa,0,6632,0,0,2661,3551,6632,medsl,1
2020,CA,Colusa,0,7961,0,0,3239,4559,7961,medsl,1
2024,CA,Colusa,0,7021,0,0,2431,4414,7021,medsl,1
2004,CA,Contra Costa,0,412139,0,0,257254,150608,412139,medsl,1
2008,CA,Contra Costa,0,451650,0,0,306983,136436,451650,medsl,1
2012,CA,Contra Costa,0,438226,0,0,290824,136517,438226,medsl,1
2016,CA,Contra Costa,0,466175,0,0,319287,115956,466175,medsl,1
2020,CA,Contra Costa,0,581316,0,0,416386,152877,581316,medsl,1
2024,CA,Contra Costa,0,528904,0,0,356008,155308,528904,medsl,1
2004,CA,Del Norte,0,9421,0,0,3892,5356,9421,medsl,1
2008,CA,Del Norte,0,9531,0,0,4323,4967,9531,medsl,1
2012,CA,Del Norte,0,8770,0,0,3791,4614,8770,medsl,1
2016,CA,Del Norte,0,9558,0,0,3485,5134,9558,medsl,1
2020,CA,Del Norte,0,11453,0,0,4677,6461,11453,medsl,1
2024,CA,Del Norte,0,10564,0,0,4266,5999,10564,medsl,1
2004,CA,El Dorado,0,86278,0,0,32242,52878,86278,medsl,1
2008,CA,El Dorado,0,92926,0,0,40529,50314,92926,medsl,1
2012,CA,El Dorado,0,88774,0,0,35166,50973,88774,medsl,1
2016,CA,El Dorado,0,93591,0,0,36404,49247,93591,medsl,1
2020,CA,El Dorado,0,116159,0,0,51621,61838,116159,medsl,1
2024,CA,El Dorado,0,111890,0,0,47703,61109,111890,medsl,1
2004,CA,Fresno,0,247160,0,0,103154,141988,247160,medsl,1
2008,CA,Fresno,0,272289,0,0,136706,131015,272289,medsl,1
2012,CA,Fresno,0,258827,0,0,129129,124490,258827,medsl,1
2016,CA,Fresno,0,282319,0,0,141341,124049,282319,medsl,1
2020,CA,Fresno,0,364917,0,0,193025,164464,364917,medsl,1
2024,CA,Fresno,0,325994,0,0,151628,165924,325994,medsl,1
2004,CA,Glenn,0,9435,0,0,2995,6308,9435,medsl,1
2008,CA,Glenn,0,9879,0,0,3734,5910,9879,medsl,1
2012,CA,Glenn,0,9211,0,0,3301,5632,9211,medsl,1
2016,CA,Glenn,0,9470,0,0,3065,5788,9470,medsl,1
2020,CA,Glenn,0,11297,0,0,3995,7063,11297,medsl,1
2024,CA,Glenn,0,10442,0,0,3260,6904,10442,medsl,1
2004,CA,Humboldt,0,65510,0,0,37988,25714,65510,medsl,1
2008,CA,Humboldt,0,63727,0,0,39692,21713,63727,medsl,1
2012,CA,Humboldt,0,57470,0,0,34457,18825,57470,medsl,1
2016,CA,Humboldt,0,59246,0,0,33200,18373,59246,medsl,1
2020,CA,Humboldt,0,68843,0,0,44768,21770,68843,medsl,1
2024,CA,Humboldt,0,64228,0,0,39800,21559,64228,medsl,1
2004,CA,Imperial,0,25902,0,0,13955,11628,25902,medsl,1
2008,CA,Imperial,0,38820,0,0,24162,14008,38820,medsl,1
2012,CA,Imperial,0,38565,0,0,25136,12777,38565,medsl,1
2016,CA,Imperial,0,48091,0,0,32667,12704,48091,medsl,1
2020,CA,Imperial,0,56743,0,0,34678,20847,56743,medsl,1
2024,CA,Imperial,0,54025,0,0,26083,26546,54025,medsl,1
2004,CA,Inyo,0,7718,0,0,3021,4559,7718,medsl,1
2008,CA,Inyo,0,8533,0,0,3743,4523,8533,medsl,1
2012,CA,Inyo,0,8036,0,0,3422,4340,8036,medsl,1
2016,CA,Inyo,0,8086,0,0,3155,4248,8086,medsl,1
2020,CA,Inyo,0,9484,0,0,4634,4620,9484,medsl,1
2024,CA,Inyo,0,8951,0,0,4201,4468,8951,medsl,1
2004,CA,Kern,0,210858,0,0,68603,140417,210858,medsl,1
2008,CA,Kern,0,232850,0,0,93457,134793,232850,medsl,1
2012,CA,Kern,0,221472,0,0,89495,126618,221472,medsl,1
2016,CA,Kern,0,244163,0,0,98689,129584,244163,medsl,1
2020,CA,Kern,0,305292,0,0,133366,164484,305292,medsl,1
2024,CA,Kern,0,283246,0,0,108241,167879,283246,medsl,1
2004,CA,Kings,0,32093,0,0,10833,21003,32093,medsl,1
2008,CA,Kings,0,35108,0,0,14747,19710,35108,medsl,1
2012,CA,Kings,0,31418,0,0,12979,17671,31418,medsl,1
2016,CA,Kings,0,33915,0,0,13617,18093,33915,medsl,1
2020,CA,Kings,0,43861,0,0,18699,24072,43861,medsl,1
2024,CA,Kings,0,41501,0,0,15519,25074,41501,medsl,1
2004,CA,Lake,0,18166,0,0,9679,8185,18166,medsl,1
2008,CA,Lake,0,25542,0,0,14854,9935,25542,medsl,1
2012,CA,Lake,0,23391,0,0,13163,9200,23391,medsl,1
2016,CA,Lake,0,24496,0,0,11496,10599,24496,medsl,1
2020,CA,Lake,0,28812,0,0,14941,13123,28812,medsl,1
2024,CA,Lake,0,26759,0,0,12794,13161,26759,medsl,1
2004,CA,Lassen,0,11437,0,0,3158,8126,11437,medsl,1
2008,CA,Lassen,0,11387,0,0,3586,7483,11387,medsl,1
2012,CA,Lassen,0,10683,0,0,3053,7296,10683,medsl,1
2016,CA,Lassen,0,10524,0,0,2224,7574,10524,medsl,1
2020,CA,Lassen,0,11987,0,0,2799,8970,11987,medsl,1
2024,CA,Lassen,0,11371,0,0,2478,8619,11371,medsl,1
2004,CA,Los Angeles,0,3021647,0,0,1907736,1076225,3021647,medsl,1
2008,CA,Los Angeles,0,3318248,0,0,2295853,956425,3318248,medsl,1
2012,CA,Los Angeles,0,3181067,0,0,2216903,885333,3181067,medsl,1
2016,CA,Los Angeles,0,3434308,0,0,2464364,769743,3434308,medsl,1
2020,CA,Los Angeles,0,4264365,0,0,3028885,1145530,4264365,medsl,1
2024,CA,Los Angeles,0,3728427,0,0,2417109,1189862,3728427,medsl,1
2004,CA,Madera,0,38780,0,0,13481,24871,38780,medsl,1
2008,CA,Madera,0,42355,0,0,17952,23583,42355,medsl,1
2012,CA,Madera,0,39866,0,0,16018,22852,39866,medsl,1
2016,CA,Madera,0,43112,0,0,17029,23357,43112,medsl,1
2020,CA,Madera,0,53732,0,0,23168,29378,53732,medsl,1
2024,CA,Madera,0,54624,0,0,20981,32344,54624,medsl,1
2004,CA,Marin,0,134919,0,0,99070,34378,134919,medsl,1
2008,CA,Marin,0,140197,0,0,109320,28384,140197,medsl,1
2012,CA,Marin,0,134516,0,0,99896,30880,134516,medsl,1
2016,CA,Marin,0,139273,0,0,108707,21771,139273,medsl,1
2020,CA,Marin,0,155830,0,0,128288,24612,155830,medsl,1
2024,CA,Marin,0,144113,0,0,116152,24054,144113,medsl,1
2004,CA,Mariposa,0,8638,0,0,3251,5215,8638,medsl,1
2008,CA,Mariposa,0,9651,0,0,4100,5298,9651,medsl,1
2012,CA,Mariposa,0,9000,0,0,3498,5140,9000,medsl,1
2016,CA,Mariposa,0,8877,0,0,3122,5185,8877,medsl,1
2020,CA,Mariposa,0,10280,0,0,4088,5950,10280,medsl,1
2024,CA,Mariposa,0,9509,0,0,3622,5625,9509,medsl,1
2004,CA,Mendocino,0,38179,0,0,24385,12955,38179,medsl,1
2008,CA,Mendocino,0,40016,0,0,27843,10721,40016,medsl,1
2012,CA,Mendocino,0,35017,0,0,23193,9658,35017,medsl,1
2016,CA,Mendocino,0,37477,0,0,22079,10888,37477,medsl,1
2020,CA,Mendocino,0,43340,0,0,28782,13267,43340,medsl,1
2024,CA,Mendocino,0,39216,0,0,24049,13528,39216,medsl,1
2004,CA,Merced,0,57945,0,0,24491,32773,57945,medsl,1
2008,CA,Merced,0,63808,0,0,34031,28704,63808,medsl,1
2012,CA,Merced,0,62057,0,0,33005,27581,62057,medsl,1
2016,CA,Merced,0,70789,0,0,37317,28725,70789,medsl,1
2020,CA,Merced,0,90554,0,0,48991,39397,90554,medsl,1
2024,CA,Merced,0,86392,0,0,40190,43955,86392,medsl,1
2004,CA,Modoc,0,4456,0,0,1149,3235,4456,medsl,1
2008,CA,Modoc,0,4420,0,0,1313,2981,4420,medsl,1
2012,CA,Modoc,0,3986,0,0,1111,2777,3986,medsl,1
2016,CA,Modoc,0,3788,0,0,877,2696,3788,medsl,1
2020,CA,Modoc,0,4343,0,0,1150,3109,4343,medsl,1
2024,CA,Modoc,0,4016,0,0,1008,2884,4016,medsl,1
2004,CA,Mono,0,5330,0,0,2628,2621,5330,medsl,1
2008,CA,Mono,0,5571,0,0,3093,2354,5571,medsl,1
2012,CA,Mono,0,5181,0,0,2733,2285,5181,medsl,1
2016,CA,Mono,0,5276,0,0,2773,2111,5276,medsl,1
2020,CA,Mono,0,6738,0,0,4013,2513,6738,medsl,1
2024,CA,Mono,0,6064,0,0,3522,2294,6064,medsl,1
2004,CA,Monterey,0,124544,0,0,75241,47838,124544,medsl,1
2008,CA,Monterey,0,129783,0,0,88453,38797,129783,medsl,1
2012,CA,Monterey,0,123518,0,0,82920,37390,123518,medsl,1
2016,CA,Monterey,0,133408,0,0,89088,34895,133408,medsl,1
2020,CA,Monterey,0,163923,0,0,113953,46299,163923,medsl,1
2024,CA,Monterey,0,146718,0,0,93060,49226,146718,medsl,1
2004,CA,Napa,0,56465,0,0,33666,22059,56465,medsl,1
2008,CA,Napa,0,59642,0,0,38849,19484,59642,medsl,1
2012,CA,Napa,0,56968,0,0,35870,19526,56968,medsl,1
2016,CA,Napa,0,61372,0,0,39199,17411,61372,medsl,1
2020,CA,Napa,0,72150,0,0,49817,20676,72150,medsl,1
2024,CA,Napa,0,65549,0,0,43212,20357,65549,medsl,1
2004,CA,Nevada,0,53739,0,0,24220,28790,53739,medsl,1
2008,CA,Nevada,0,55647,0,0,28617,25663,55647,medsl,1
2012,CA,Nevada,0,51676,0,0,24663,24986,51676,medsl,1
2016,CA,Nevada,0,54935,0,0,26053,23365,54935,medsl,1
2020,CA,Nevada,0,64750,0,0,36359,26779,64750,medsl,1
2024,CA,Nevada,0,62132,0,0,33784,26177,62132,medsl,1
2004,CA,Orange,0,1073296,0,0,419239,641832,1073296,medsl,1
2008,CA,Orange,0,1153687,0,0,549558,579064,1153687,medsl,1
2012,CA,Orange,0,1122664,0,0,512440,582332,1122664,medsl,1
2016,CA,Orange,0,1197521,0,0,609961,507148,1197521,medsl,1
2020,CA,Orange,0,1522113,0,0,814009,676498,1522113,medsl,1
2024,CA,Orange,0,1390965,0,0,691731,654815,1390965,medsl,1
2004,CA,Orange County,1495824,1094405,397844,667257,419239,641832,1094405,manual,1
2008,CA,Orange County,1607989,1167657,521348,624181,549558,579064,1167657,manual,1
2012,CA,Orange County,1683001,1133204,575843,552018,512440,582332,1133204,manual,1
2016,CA,Orange County,1535967,1239405,695050,516801,609961,507148,1239405,manual,1
2020,CA,Orange County,1771537,1546570,1285661,260909,814009,676498,1546570,manual,1
2024,CA,Orange County,1861450,1417397,1179542,239855,691731,654815,1417397,manual,1
2004,CA,Placer,0,152945,0,0,55573,95969,152945,medsl,1
2008,CA,Placer,0,173107,0,0,75112,94647,173107,medsl,1
2012,CA,Placer,0,171322,0,0,66818,99921,171322,medsl,1
2016,CA,Placer,0,182839,0,0,73509,95138,182839,medsl,1
2020,CA,Placer,0,235084,0,0,106869,122488,235084,medsl,1
2024,CA,Placer,0,234809,0,0,103958,123941,234809,medsl,1
2004,CA,Plumas,0,11178,0,0,4129,6905,11178,medsl,1
2008,CA,Plumas,0,11028,0,0,4715,6035,11028,medsl,1
2012,CA,Plumas,0,10047,0,0,4026,5721,10047,medsl,1
2016,CA,Plumas,0,9676,0,0,3459,5420,9676,medsl,1
2020,CA,Plumas,0,11260,0,0,4561,6445,11260,medsl,1
2024,CA,Plumas,0,10067,0,0,4020,5725,10067,medsl,1
2004,CA,Riverside,0,556882,0,0,228806,322473,556882,medsl,1
2008,CA,Riverside,0,647299,0,0,325017,310041,647299,medsl,1
2012,CA,Riverside,0,661907,0,0,329063,318127,661907,medsl,1
2016,CA,Riverside,0,751391,0,0,373695,333243,751391,medsl,1
2020,CA,Riverside,0,997156,0,0,528340,449144,997156,medsl,1
2024,CA,Riverside,0,940405,0,0,451782,463677,940405,medsl,1
2004,CA,Sacramento,0,476765,0,0,236657,235539,476765,medsl,1
2008,CA,Sacramento,0,541101,0,0,316506,213583,541101,medsl,1
2012,CA,Sacramento,0,516809,0,0,300503,202514,516809,medsl,1
2016,CA,Sacramento,0,559330,0,0,326023,189789,559330,medsl,1
2020,CA,Sacramento,0,718440,0,0,440808,259405,718440,medsl,1
2024,CA,Sacramento,0,656626,0,0,381564,252140,656626,medsl,1
2004,CA,San Benito,0,18725,0,0,9851,8698,18725,medsl,1
2008,CA,San Benito,0,19705,0,0,11917,7425,19705,medsl,1
2012,CA,San Benito,0,19044,0,0,11276,7343,19044,medsl,1
2016,CA,San Benito,0,21924,0,0,12521,7841,21924,medsl,1
2020,CA,San Benito,0,28830,0,0,17628,10590,28830,medsl,1
2024,CA,San Benito,0,27649,0,0,15179,11702,27649,medsl,1
2004,CA,San Bernardino,0,522777,0,0,227789,289306,522777,medsl,1
2008,CA,San Bernardino,0,606334,0,0,315720,277408,606334,medsl,1
2012,CA,San Bernardino,0,581517,0,0,305109,262358,581517,medsl,1
2016,CA,San Bernardino,0,653983,0,0,340833,271240,653983,medsl,1
2020,CA,San Bernardino,0,841130,0,0,455859,366257,841130,medsl,1
2024,CA,San Bernardino,0,761714,0,0,362114,378416,761714,medsl,1
2004,CA,San Diego,0,1133584,0,0,526437,596033,1133584,medsl,1
2008,CA,San Diego,0,1231047,0,0,666581,541032,1231047,medsl,1
2012,CA,San Diego,0,1192282,0,0,626957,536726,1192282,medsl,1
2016,CA,San Diego,0,1306400,0,0,735476,477766,1306400,medsl,1
2020,CA,San Diego,0,1602143,0,0,964650,600094,1602143,medsl,1
2024,CA,San Diego,0,1477786,0,0,841372,593270,1477786,medsl,1
2004,CA,San Diego County,1513300,1138797,0,0,526437,596033,1138797,manual,1
2008,CA,San Diego County,1488157,1235503,0,0,666581,541032,1228419,manual,1
2012,CA,San Diego County,1563093,1193949,0,0,626957,536726,1188971,manual,1
2016,CA,San Diego County,1652875,1311618,0,0,735476,477766,1291078,manual,1
2020,CA,San Diego County,1949073,1627753,1438160,189593,964650,600094,1602143,manual,1
2024,CA,San Diego County,1983767,1503018,1275304,227714,841372,593270,1478028,manual,1
2004,CA,San Francisco,0,355929,0,0,296772,54355,355929,medsl,1
2008,CA,San Francisco,0,382865,0,0,322220,52292,382865,medsl,1
2012,CA,San Francisco,0,361209,0,0,301723,47076,361209,medsl,1
2016,CA,San Francisco,0,405792,0,0,345084,37688,405792,medsl,1
2020,CA,San Francisco,0,443553,0,0,378156,56417,443553,medsl,1
2024,CA,San Francisco,0,402964,0,0,323719,62594,402964,medsl,1
2004,CA,San Joaquin,0,189505,0,0,87012,100978,189505,medsl,1
2008,CA,San Joaquin,0,209349,0,0,113974,91607,209349,medsl,1
2012,CA,San Joaquin,0,204697,0,0,114121,86071,204697,medsl,1
2016,CA,San Joaquin,0,224166,0,0,121124,88936,224166,medsl,1
2020,CA,San Joaquin,0,288492,0,0,161137,121098,288492,medsl,1
2024,CA,San Joaquin,0,263671,0,0,126647,128996,263671,medsl,1
2004,CA,San Luis Obispo,0,128647,0,0,58742,67995,128647,medsl,1
2008,CA,San Luis Obispo,0,132653,0,0,68176,61055,132653,medsl,1
2012,CA,San Luis Obispo,0,125638,0,0,61258,59967,125638,medsl,1
2016,CA,San Luis Obispo,0,135009,0,0,67107,56164,135009,medsl,1
2020,CA,San Luis Obispo,0,159714,0,0,88310,67436,159714,medsl,1
2024,CA,San Luis Obispo,0,150766,0,0,81314,64932,150766,medsl,1
2004,CA,San Mateo,0,284077,0,0,197922,83315,284077,medsl,1
2008,CA,San Mateo,0,303292,0,0,222826,75057,303292,medsl,1
2012,CA,San Mateo,0,285720,0,0,206085,72756,285720,medsl,1
2016,CA,San Mateo,0,314384,0,0,237882,57929,314384,medsl,1
2020,CA,San Mateo,0,374251,0,0,291496,75584,374251,medsl,1
2024,CA,San Mateo,0,330510,0,0,242957,76616,330510,medsl,1
2004,CA,Santa Barbara,0,169125,0,0,90314,76806,169125,medsl,1
2008,CA,Santa Barbara,0,174912,0,0,105614,65585,174912,medsl,1
2012,CA,Santa Barbara,0,163320,0,0,94129,64606,163320,medsl,1
2016,CA,Santa Barbara,0,176786,0,0,107142,56365,176786,medsl,1
2020,CA,Santa Barbara,0,200339,0,0,129963,65736,200339,medsl,1
2024,CA,Santa Barbara,0,184715,0,0,114149,64870,184715,medsl,1
2004,CA,Santa Clara,0,602614,0,0,386100,209094,602614,medsl,1
2008,CA,Santa Clara,0,665589,0,0,462241,190039,665589,medsl,1
2012,CA,Santa Clara,0,643091,0,0,450818,174843,643091,medsl,1
2016,CA,Santa Clara,0,703709,0,0,511684,144826,703709,medsl,1
2020,CA,Santa Clara,0,850741,0,0,617967,214612,850741,medsl,1
2024,CA,Santa Clara,0,750433,0,0,510744,210924,750433,medsl,1
2004,CA,Santa Cruz,0,121733,0,0,89102,30354,121733,medsl,1
2008,CA,Santa Cruz,0,127483,0,0,98745,25244,127483,medsl,1
2012,CA,Santa Cruz,0,120095,0,0,90805,24047,120095,medsl,1
2016,CA,Santa Cruz,0,128821,0,0,95249,22438,128821,medsl,1
2020,CA,Santa Cruz,0,144837,0,0,114246,26937,144837,medsl,1
2024,CA,Santa Cruz,0,134135,0,0,100998,27978,134135,medsl,1
2004,CA,Shasta,0,77571,0,0,24339,52249,77571,medsl,1
2008,CA,Shasta,0,80390,0,0,28867,49588,80390,medsl,1
2012,CA,Shasta,0,76335,0,0,25819,48067,76335,medsl,1
2016,CA,Shasta,0,80053,0,0,22301,51778,80053,medsl,1
2020,CA,Shasta,0,92930,0,0,30000,60789,92930,medsl,1
2024,CA,Shasta,0,88900,0,0,27130,59539,88900,medsl,1
2004,CA,Sierra,0,1945,0,0,646,1249,1945,medsl,1
2008,CA,Sierra,0,1991,0,0,743,1158,1991,medsl,1
2012,CA,Sierra,0,1795,0,0,653,1056,1795,medsl,1
2016,CA,Sierra,0,1830,0,0,601,1048,1830,medsl,1
2020,CA,Sierra,0,1931,0,0,730,1142,1931,medsl,1
2024,CA,Sierra,0,1754,0,0,641,1066,1754,medsl,1
2004,CA,Siskiyou,0,20863,0,0,7880,12673,20863,medsl,1
2008,CA,Siskiyou,0,21470,0,0,9292,11520,21470,medsl,1
2012,CA,Siskiyou,0,19910,0,0,8046,11077,19910,medsl,1
2016,CA,Siskiyou,0,20492,0,0,7234,11341,20492,medsl,1
2020,CA,Siskiyou,0,23472,0,0,9593,13290,23472,medsl,1
2024,CA,Siskiyou,0,21489,0,0,8329,12461,21489,medsl,1
2004,CA,Solano,0,148746,0,0,85096,62301,148746,medsl,1
2008,CA,Solano,0,160973,0,0,102095,56035,160973,medsl,1
2012,CA,Solano,0,152444,0,0,96783,52092,152444,medsl,1
2016,CA,Solano,0,166113,0,0,102360,51920,166113,medsl,1
2020,CA,Solano,0,205877,0,0,131639,69306,205877,medsl,1
2024,CA,Solano,0,189834,0,0,113997,70345,189834,medsl,1
2004,CA,Sonoma,0,220077,0,0,148261,68204,220077,medsl,1
2008,CA,Sonoma,0,229351,0,0,168888,55127,229351,medsl,1
2012,CA,Sonoma,0,216508,0,0,153942,54784,216508,medsl,1
2016,CA,Sonoma,0,231253,0,0,160435,51408,231253,medsl,1
2020,CA,Sonoma,0,268317,0,0,199938,61825,268317,medsl,1
2024,CA,Sonoma,0,251426,0,0,179600,63426,251426,medsl,1
2004,CA,Stanislaus,0,145514,0,0,58829,85407,145514,medsl,1
2008,CA,Stanislaus,0,161015,0,0,80279,77497,161015,medsl,1
2012,CA,Stanislaus,0,155369,0,0,77724,73459,155369,medsl,1
2016,CA,Stanislaus,0,172146,0,0,81647,78494,172146,medsl,1
2020,CA,Stanislaus,0,214954,0,0,105841,104145,214954,medsl,1
2024,CA,Stanislaus,0,197472,0,0,85347,106986,197472,medsl,1
2004,CA,Sutter,0,30145,0,0,9602,20254,30145,medsl,1
2008,CA,Sutter,0,32941,0,0,13412,18911,32941,medsl,1
2012,CA,Sutter,0,31026,0,0,12192,18122,31026,medsl,1
2016,CA,Sutter,0,33523,0,0,13076,18176,33523,medsl,1
2020,CA,Sutter,0,42644,0,0,17367,24375,42644,medsl,1
2024,CA,Sutter,0,39336,0,0,13016,25372,39336,medsl,1
2004,CA,Tehama,0,23405,0,0,7504,15572,23405,medsl,1
2008,CA,Tehama,0,24436,0,0,8945,14843,24436,medsl,1
2012,CA,Tehama,0,22977,0,0,7934,14235,22977,medsl,1
2016,CA,Tehama,0,23908,0,0,6809,15494,23908,medsl,1
2020,CA,Tehama,0,28731,0,0,8911,19141,28731,medsl,1
2024,CA,Tehama,0,26532,0,0,7415,18503,26532,medsl,1
2004,CA,Trinity,0,6479,0,0,2782,3560,6479,medsl,1
2008,CA,Trinity,0,6374,0,0,3233,2940,6374,medsl,1
2012,CA,Trinity,0,5674,0,0,2674,2716,5674,medsl,1
2016,CA,Trinity,0,5686,0,0,2214,2812,5686,medsl,1
2020,CA,Trinity,0,6259,0,0,2851,3188,6259,medsl,1
2024,CA,Trinity,0,5645,0,0,2449,2979,5645,medsl,1
2004,CA,Tulare,0,98739,0,0,32494,65399,98739,medsl,1
2008,CA,Tulare,0,105206,0,0,43634,59765,105206,medsl,1
2012,CA,Tulare,0,101100,0,0,41752,56956,101100,medsl,1
2016,CA,Tulare,0,112334,0,0,47585,58299,112334,medsl,1
2020,CA,Tulare,0,146885,0,0,66105,77579,146885,medsl,1
2024,CA,Tulare,0,138271,0,0,53221,81854,138271,medsl,1
2004,CA,Tuolumne,0,26188,0,0,10104,15745,26188,medsl,1
2008,CA,Tuolumne,0,27181,0,0,11532,14988,27181,medsl,1
2012,CA,Tuolumne,0,24687,0,0,9998,13880,24687,medsl,1
2016,CA,Tuolumne,0,25529,0,0,9123,14551,25529,medsl,1
2020,CA,Tuolumne,0,30408,0,0,11978,17689,30408,medsl,1
2024,CA,Tuolumne,0,28810,0,0,10909,17210,28810,medsl,1
2004,CA,Ventura,0,312909,0,0,148859,160314,312909,medsl,1
2008,CA,Ventura,0,339800,0,0,187601,145853,339800,medsl,1
2012,CA,Ventura,0,326974,0,0,170929,147958,326974,medsl,1
2016,CA,Ventura,0,351726,0,0,194402,132323,351726,medsl,1
2020,CA,Ventura,0,422825,0,0,251388,162207,422825,medsl,1
2024,CA,Ventura,0,387595,0,0,217424,158901,387595,medsl,1
2004,CA,Yolo,0,72009,0,0,42885,28005,72009,medsl,1
2008,CA,Yolo,0,79749,0,0,53488,24592,79749,medsl,1
2012,CA,Yolo,0,74475,0,0,48715,23368,74475,medsl,1
2016,CA,Yolo,0,82090,0,0,54752,20739,82090,medsl,1
2020,CA,Yolo,0,97294,0,0,67598,27292,97294,medsl,1
2024,CA,Yolo,0,92589,0,0,61405,27844,92589,medsl,1
2004,CA,Yuba,0,18020,0,0,5687,12076,18020,medsl,1
2008,CA,Yuba,0,21401,0,0,8866,12007,21401,medsl,1
2012,CA,Yuba,0,19700,0,0,7711,11275,19700,medsl,1
2016,CA,Yuba,0,22998,0,0,7910,13170,22998,medsl,1
2020,CA,Yuba,0,29796,0,0,11230,17676,29796,medsl,1
2024,CA,Yuba,0,30070,0,0,10725,18491,30070,medsl,1
2004,CO,Adams,0,136672,0,0,69122,65912,136672,medsl,1
2008,CO,Adams,0,160499,0,0,93443,63976,160499,medsl,1
2012,CO,Adams,0,176230,0,0,100649,70972,176230,medsl,1
2016,CO,Adams,0,193665,0,0,96558,80082,193665,medsl,1
2020,CO,Adams,0,236740,0,0,134202,95657,236740,medsl,1
2024,CO,Adams,0,233336,0,0,124056,103024,233336,medsl,1
2004,CO,Alamosa,0,6269,0,0,3017,3179,6269,medsl,1
2008,CO,Alamosa,0,6286,0,0,3521,2635,6286,medsl,1
2012,CO,Alamosa,0,6715,0,0,3811,2705,6715,medsl,1
2016,CO,Alamosa,0,6939,0,0,3189,3046,6939,medsl,1
2020,CO,Alamosa,0,7808,0,0,3759,3813,7808,medsl,1
2024,CO,Alamosa,0,7519,0,0,3244,4057,7519,medsl,1
2004,CO,Arapahoe,0,232171,0,0,110262,119475,232171,medsl,1
2008,CO,Arapahoe,0,266148,0,0,148218,113866,266148,medsl,1
2012,CO,Arapahoe,0,285516,0,0,153905,125588,285516,medsl,1
2016,CO,Arapahoe,0,303046,0,0,159885,117053,303046,medsl,1
2020,CO,Arapahoe,0,350183,0,0,213607,127323,350183,medsl,1
2024,CO,Arapahoe,0,325451,0,0,190725,125311,325451,medsl,1
2004,CO,Archuleta,0,5839,0,0,2141,3601,5839,medsl,0
2008,CO,Archuleta,0,6625,0,0,2836,3638,6625,medsl,0
2012,CO,Archuleta,0,6734,0,0,2679,3872,6734,medsl,0
2016,CO,Archuleta,0,7339,0,0,2500,4264,7339,medsl,0
2020,CO,Archuleta,0,9144,0,0,3738,5189,9144,medsl,0
2024,CO,Archuleta,0,9355,0,0,3904,5218,9355,medsl,0
2004,CO,Baca,0,2186,0,0,483,1680,2186,medsl,1
2008,CO,Baca,0,2175,0,0,536,1572,2175,medsl,1
2012,CO,Baca,0,2106,0,0,467,1559,2106,medsl,1
2016,CO,Baca,0,2153,0,0,283,1753,2153,medsl,1
2020,CO,Baca,0,2225,0,0,317,1867,2225,medsl,1
2024,CO,Baca,0,2004,0,0,275,1686,2004,medsl,1
2004,CO,Bent,0,2155,0,0,785,1338,2155,medsl,1
2008,CO,Bent,0,1920,0,0,799,1077,1920,medsl,1
2012,CO,Bent,0,1942,0,0,815,1075,1942,medsl,1
2016,CO,Bent,0,1927,0,0,590,1188,1927,medsl,1
2020,CO,Bent,0,2274,0,0,732,1503,2274,medsl,1
2024,CO,Bent,0,2189,0,0,645,1496,2189,medsl,1
2004,CO,Boulder,0,159257,0,0,105564,51586,159257,medsl,1
2008,CO,Boulder,0,171763,0,0,124159,44904,171763,medsl,1
2012,CO,Boulder,0,179499,0,0,125091,49981,179499,medsl,1
2016,CO,Boulder,0,188142,0,0,132334,41396,188142,medsl,1
2020,CO,Boulder,0,206111,0,0,159089,42501,206111,medsl,1
2024,CO,Boulder,0,196150,0,0,150149,40758,196150,medsl,1
2004,CO,Broomfield,0,23235,0,0,10935,12007,23235,medsl,0
2008,CO,Broomfield,0,29453,0,0,16168,12757,29453,medsl,0
2012,CO,Broomfield,0,32777,0,0,16966,15008,32777,medsl,0
2016,CO,Broomfield,0,37689,0,0,19731,14367,37689,medsl,0
2020,CO,Broomfield,0,46632,0,0,29077,16295,46632,medsl,0
2024,CO,Broomfield,0,46817,0,0,29426,16071,46817,medsl,0
2004,CO,Chaffee,0,8769,0,0,3766,4875,8769,medsl,0
2008,CO,Chaffee,0,9920,0,0,4861,4873,9920,medsl,0
2012,CO,Chaffee,0,10462,0,0,5086,5070,10462,medsl,0
2016,CO,Chaffee,0,11250,0,0,4888,5391,11250,medsl,0
2020,CO,Chaffee,0,13718,0,0,7160,6222,13718,medsl,0
2024,CO,Chaffee,0,14416,0,0,7992,6034,14416,medsl,0
2004,CO,Cheyenne,0,1134,0,0,198,923,1134,medsl,1
2008,CO,Cheyenne,0,1111,0,0,198,890,1111,medsl,1
2012,CO,Cheyenne,0,1093,0,0,172,889,1093,medsl,1
2016,CO,Cheyenne,0,1102,0,0,132,925,1102,medsl,1
2020,CO,Cheyenne,0,1136,0,0,131,993,1136,medsl,1
2024,CO,Cheyenne,0,1055,0,0,108,930,1055,medsl,1
2004,CO,Clear Creek,0,5613,0,0,2989,2522,5613,medsl,1
2008,CO,Clear Creek,0,5767,0,0,3332,2300,5767,medsl,1
2012,CO,Clear Creek,0,5743,0,0,3119,2430,5743,medsl,1
2016,CO,Clear Creek,0,5866,0,0,2729,2575,5866,medsl,1
2020,CO,Clear Creek,0,6548,0,0,3604,2754,6548,medsl,1
2024,CO,Clear Creek,0,6101,0,0,3464,2452,6101,medsl,1
2004,CO,Conejos,0,3800,0,0,1894,1864,3800,medsl,1
2008,CO,Conejos,0,3874,0,0,2154,1653,3874,medsl,1
2012,CO,Conejos,0,4101,0,0,2213,1835,4101,medsl,1
2016,CO,Conejos,0,4022,0,0,1771,1914,4022,medsl,1
2020,CO,Conejos,0,4333,0,0,1959,2286,4333,medsl,1
2024,CO,Conejos,0,4104,0,0,1627,2358,4104,medsl,1
2004,CO,Costilla,0,1759,0,0,1170,566,1759,medsl,1
2008,CO,Costilla,0,1697,0,0,1245,415,1697,medsl,1
2012,CO,Costilla,0,1837,0,0,1340,446,1837,medsl,1
2016,CO,Costilla,0,1848,0,0,1125,588,1848,medsl,1
2020,CO,Costilla,0,2094,0,0,1311,741,2094,medsl,1
2024,CO,Costilla,0,2080,0,0,1155,850,2080,medsl,1
2004,CO,Crowley,0,1493,0,0,478,1006,1493,medsl,1
2008,CO,Crowley,0,1558,0,0,552,976,1558,medsl,1
2012,CO,Crowley,0,1502,0,0,535,924,1502,medsl,1
2016,CO,Crowley,0,1527,0,0,339,1079,1527,medsl,1
2020,CO,Crowley,0,1750,0,0,437,1271,1750,medsl,1
2024,CO,Crowley,0,1706,0,0,422,1231,1706,medsl,1
2004,CO,Custer,0,2428,0,0,739,1657,2428,medsl,0
2008,CO,Custer,0,2629,0,0,912,1672,2629,medsl,0
2012,CO,Custer,0,2715,0,0,868,1788,2715,medsl,0
2016,CO,Custer,0,3066,0,0,797,2061,3066,medsl,0
2020,CO,Custer,0,3635,0,0,1112,2474,3635,medsl,0
2024,CO,Custer,0,3867,0,0,1188,2583,3867,medsl,0
2004,CO,Delta,0,14159,0,0,4224,9722,14159,medsl,0
2008,CO,Delta,0,15434,0,0,5084,10067,15434,medsl,0
2012,CO,Delta,0,15925,0,0,4622,10915,15925,medsl,0
2016,CO,Delta,0,16790,0,0,4087,11655,16790,medsl,0
2020,CO,Delta,0,19370,0,0,5887,13081,19370,medsl,0
2024,CO,Delta,0,19476,0,0,6030,12948,19476,medsl,0
2004,CO,Denver,0,238672,0,0,166135,69903,238672,medsl,1
2008,CO,Denver,0,271533,0,0,204882,62567,271533,medsl,1
2012,CO,Denver,0,301694,0,0,222018,73111,301694,medsl,1
2016,CO,Denver,0,331852,0,0,244551,62690,331852,medsl,1
2020,CO,Denver,0,393829,0,0,313293,71618,393829,medsl,1
2024,CO,Denver,0,363076,0,0,278634,74765,363076,medsl,1
2004,CO,Denver County,304706,244897,146939,97958,166135,69903,244897,manual,1
2008,CO,Denver County,313160,277116,166270,110846,204882,62567,277116,manual,1
2012,CO,Denver County,483405,306884,184131,122753,207165,63082,306884,manual,1
2016,CO,Denver County,474975,341987,290689,51298,244551,62690,341987,manual,1
2020,CO,Denver County,463899,398485,338717,59768,313293,71618,463899,manual,1
2024,CO,Denver County,474650,369452,314035,55417,278634,74765,363076,manual,1
2004,CO,Dolores,0,1146,0,0,333,785,1146,medsl,1
2008,CO,Dolores,0,1217,0,0,369,818,1217,medsl,1
2012,CO,Dolores,0,1245,0,0,334,859,1245,medsl,1
2016,CO,Dolores,0,1255,0,0,242,944,1255,medsl,1
2020,CO,Dolores,0,1449,0,0,341,1089,1449,medsl,1
2024,CO,Dolores,0,1419,0,0,325,1076,1419,medsl,1
2004,CO,Douglas,0,121200,0,0,39661,80651,121200,medsl,0
2008,CO,Douglas,0,151819,0,0,61960,88108,151819,medsl,0
2012,CO,Douglas,0,167781,0,0,60991,104204,167781,medsl,0
2016,CO,Douglas,0,187499,0,0,68657,102573,187499,medsl,0
2020,CO,Douglas,0,231605,0,0,104653,121270,231605,medsl,0
2024,CO,Douglas,0,243758,0,0,110408,127451,243758,medsl,0
2004,CO,Eagle,0,18511,0,0,9744,8533,18511,medsl,1
2008,CO,Eagle,0,21652,0,0,13187,8179,21652,medsl,1
2012,CO,Eagle,0,22668,0,0,12792,9411,22668,medsl,1
2016,CO,Eagle,0,25223,0,0,14099,8990,25223,medsl,1
2020,CO,Eagle,0,29140,0,0,18588,9892,29140,medsl,1
2024,CO,Eagle,0,27798,0,0,16943,10148,27798,medsl,1
2004,CO,El Paso,0,241786,0,0,77648,161361,241786,medsl,0
2008,CO,El Paso,0,273175,0,0,108899,160318,273175,medsl,0
2012,CO,El Paso,0,290175,0,0,111819,170952,290175,medsl,0
2016,CO,El Paso,0,318967,0,0,108010,179228,318967,medsl,0
2020,CO,El Paso,0,378851,0,0,161941,202828,378851,medsl,0
2024,CO,El Paso,0,380813,0,0,166597,203933,380813,medsl,0
2004,CO,Elbert,0,11361,0,0,2834,8389,11361,medsl,0
2008,CO,Elbert,0,13206,0,0,3819,9108,13206,medsl,0
2012,CO,Elbert,0,14178,0,0,3603,10266,14178,medsl,0
2016,CO,Elbert,0,15978,0,0,3134,11705,15978,medsl,0
2020,CO,Elbert,0,18983,0,0,4490,14027,18983,medsl,0
2024,CO,Elbert,0,20417,0,0,4768,15209,20417,medsl,0
2004,CO,Fremont,0,18523,0,0,5933,12313,18523,medsl,1
2008,CO,Fremont,0,19919,0,0,6844,12668,19919,medsl,1
2012,CO,Fremont,0,20416,0,0,6704,13174,20416,medsl,1
2016,CO,Fremont,0,21973,0,0,5297,15122,21973,medsl,1
2020,CO,Fremont,0,25557,0,0,7369,17517,25557,medsl,1
2024,CO,Fremont,0,25467,0,0,7526,17313,25467,medsl,1
2004,CO,Garfield,0,20647,0,0,9228,11123,20647,medsl,1
2008,CO,Garfield,0,23082,0,0,11357,11359,23082,medsl,1
2012,CO,Garfield,0,24408,0,0,11305,12535,24408,medsl,1
2016,CO,Garfield,0,26470,0,0,11271,13132,26470,medsl,1
2020,CO,Garfield,0,30904,0,0,15427,14717,30904,medsl,1
2024,CO,Garfield,0,30372,0,0,15128,14493,30372,medsl,1
2004,CO,Gilpin,0,3196,0,0,1807,1329,3196,medsl,1
2008,CO,Gilpin,0,3301,0,0,1954,1253,3301,medsl,1
2012,CO,Gilpin,0,3338,0,0,1892,1346,3338,medsl,1
2016,CO,Gilpin,0,3576,0,0,1634,1566,3576,medsl,1
2020,CO,Gilpin,0,4186,0,0,2223,1833,4186,medsl,1
2024,CO,Gilpin,0,4129,0,0,2254,1729,4129,medsl,1
2004,CO,Grand,0,7609,0,0,3243,4260,7609,medsl,0
2008,CO,Grand,0,8308,0,0,4037,4128,8308,medsl,0
2012,CO,Grand,0,8187,0,0,3684,4253,8187,medsl,0
2016,CO,Grand,0,8588,0,0,3358,4494,8588,medsl,0
2020,CO,Grand,0,9870,0,0,4710,4883,9870,medsl,0
2024,CO,Grand,0,9883,0,0,4743,4822,9883,medsl,0
2004,CO,Gunnison,0,8420,0,0,4782,3479,8420,medsl,1
2008,CO,Gunnison,0,8870,0,0,5556,3131,8870,medsl,1
2012,CO,Gunnison,0,8667,0,0,5044,3341,8667,medsl,1
2016,CO,Gunnison,0,9412,0,0,5128,3289,9412,medsl,1
2020,CO,Gunnison,0,11190,0,0,7132,3735,11190,medsl,1
2024,CO,Gunnison,0,10939,0,0,6887,3689,10939,medsl,1
2004,CO,Hinsdale,0,602,0,0,236,355,602,medsl,1
2008,CO,Hinsdale,0,599,0,0,240,344,599,medsl,1
2012,CO,Hinsdale,0,600,0,0,229,353,600,medsl,1
2016,CO,Hinsdale,0,589,0,0,197,339,589,medsl,1
2020,CO,Hinsdale,0,632,0,0,255,353,632,medsl,1
2024,CO,Hinsdale,0,606,0,0,257,332,606,medsl,1
2004,CO,Huerfano,0,3402,0,0,1663,1700,3402,medsl,1
2008,CO,Huerfano,0,3643,0,0,1989,1580,3643,medsl,1
2012,CO,Huerfano,0,3714,0,0,1953,1646,3714,medsl,1
2016,CO,Huerfano,0,3783,0,0,1633,1883,3783,medsl,1
2020,CO,Huerfano,0,4406,0,0,2076,2203,4406,medsl,1
2024,CO,Huerfano,0,4438,0,0,1965,2346,4438,medsl,1
2004,CO,Jackson,0,934,0,0,210,710,934,medsl,1
2008,CO,Jackson,0,913,0,0,277,624,913,medsl,1
2012,CO,Jackson,0,848,0,0,216,600,848,medsl,1
2016,CO,Jackson,0,861,0,0,171,629,861,medsl,1
2020,CO,Jackson,0,876,0,0,175,681,876,medsl,1
2024,CO,Jackson,0,834,0,0,173,634,834,medsl,1
2004,CO,Jefferson,0,271293,0,0,126558,140644,271293,medsl,1
2008,CO,Jefferson,0,295062,0,0,158153,131627,295062,medsl,1
2012,CO,Jefferson,0,311052,0,0,159296,144197,311052,medsl,1
2016,CO,Jefferson,0,328882,0,0,160776,138177,328882,medsl,1
2020,CO,Jefferson,0,377358,0,0,218396,148417,377358,medsl,1
2024,CO,Jefferson,0,361504,0,0,210875,140505,361504,medsl,1
2004,CO,Kiowa,0,892,0,0,172,712,892,medsl,1
2008,CO,Kiowa,0,852,0,0,178,650,852,medsl,1
2012,CO,Kiowa,0,821,0,0,118,677,821,medsl,1
2016,CO,Kiowa,0,855,0,0,91,728,855,medsl,1
2020,CO,Kiowa,0,903,0,0,98,795,903,medsl,1
2024,CO,Kiowa,0,863,0,0,102,744,863,medsl,1
2004,CO,Kit Carson,0,3502,0,0,729,2721,3502,medsl,1
2008,CO,Kit Carson,0,3442,0,0,912,2455,3442,medsl,1
2012,CO,Kit Carson,0,3702,0,0,838,2785,3702,medsl,1
2016,CO,Kit Carson,0,3702,0,0,536,2967,3702,medsl,1
2020,CO,Kit Carson,0,3871,0,0,662,3144,3871,medsl,1
2024,CO,Kit Carson,0,3698,0,0,556,3083,3698,medsl,1
2004,CO,La Plata,0,25490,0,0,13409,11704,25490,medsl,0
2008,CO,La Plata,0,27979,0,0,16057,11503,27979,medsl,0
2012,CO,La Plata,0,29184,0,0,15489,12794,29184,medsl,0
2016,CO,La Plata,0,31150,0,0,15525,12587,31150,medsl,0
2020,CO,La Plata,0,35667,0,0,20548,14233,35667,medsl,0
2024,CO,La Plata,0,35681,0,0,20677,14024,35681,medsl,0
2004,CO,Lake,0,2949,0,0,1623,1261,2949,medsl,1
2008,CO,Lake,0,3002,0,0,1859,1078,3002,medsl,1
2012,CO,Lake,0,3040,0,0,1839,1098,3040,medsl,1
2016,CO,Lake,0,3199,0,0,1616,1270,3199,medsl,1
2020,CO,Lake,0,3961,0,0,2303,1497,3961,medsl,1
2024,CO,Lake,0,3911,0,0,2199,1557,3911,medsl,1
2004,CO,Larimer,0,146435,0,0,68266,75884,146435,medsl,0
2008,CO,Larimer,0,166373,0,0,89822,73641,166373,medsl,0
2012,CO,Larimer,0,180180,0,0,92747,82376,180180,medsl,0
2016,CO,Larimer,0,195980,0,0,93113,83430,195980,medsl,0
2020,CO,Larimer,0,224338,0,0,126120,91489,224338,medsl,0
2024,CO,Larimer,0,225482,0,0,129376,89680,225482,medsl,0
2004,CO,Las Animas,0,6587,0,0,3300,3196,6587,medsl,1
2008,CO,Las Animas,0,6761,0,0,3562,3086,6761,medsl,1
2012,CO,Las Animas,0,6862,0,0,3445,3263,6862,medsl,1
2016,CO,Las Animas,0,6793,0,0,2650,3710,6793,medsl,1
2020,CO,Las Animas,0,7961,0,0,3497,4284,7961,medsl,1
2024,CO,Las Animas,0,7792,0,0,3276,4328,7792,medsl,1
2004,CO,Lincoln,0,2337,0,0,503,1819,2337,medsl,1
2008,CO,Lincoln,0,2304,0,0,546,1717,2304,medsl,1
2012,CO,Lincoln,0,2287,0,0,552,1687,2287,medsl,1
2016,CO,Lincoln,0,2436,0,0,409,1892,2436,medsl,1
2020,CO,Lincoln,0,2651,0,0,470,2135,2651,medsl,1
2024,CO,Lincoln,0,2571,0,0,432,2090,2571,medsl,1
2004,CO,Logan,0,8766,0,0,2491,6168,8766,medsl,1
2008,CO,Logan,0,8977,0,0,2846,6002,8977,medsl,1
2012,CO,Logan,0,9124,0,0,2712,6179,9124,medsl,1
2016,CO,Logan,0,9722,0,0,1851,7282,9722,medsl,1
2020,CO,Logan,0,10532,0,0,2218,8087,10532,medsl,1
2024,CO,Logan,0,10162,0,0,2098,7855,10162,medsl,1
2004,CO,Mesa,0,61885,0,0,19564,41539,61885,medsl,0
2008,CO,Mesa,0,69631,0,0,24008,44578,69631,medsl,0
2012,CO,Mesa,0,72947,0,0,23846,47472,72947,medsl,0
2016,CO,Mesa,0,77653,0,0,21729,49779,77653,medsl,0
2020,CO,Mesa,0,90623,0,0,31536,56894,90623,medsl,0
2024,CO,Mesa,0,91600,0,0,33573,55839,91600,medsl,0
2004,CO,Mineral,0,619,0,0,227,383,619,medsl,1
2008,CO,Mineral,0,623,0,0,270,334,623,medsl,1
2012,CO,Mineral,0,650,0,0,291,344,650,medsl,1
2016,CO,Mineral,0,652,0,0,237,344,652,medsl,1
2020,CO,Mineral,0,756,0,0,317,427,756,medsl,1
2024,CO,Mineral,0,753,0,0,317,417,753,medsl,1
2004,CO,Moffat,0,5725,0,0,1355,4247,5725,medsl,1
2008,CO,Moffat,0,5871,0,0,1582,4135,5871,medsl,1
2012,CO,Moffat,0,6168,0,0,1330,4695,6168,medsl,1
2016,CO,Moffat,0,6525,0,0,874,5305,6525,medsl,1
2020,CO,Moffat,0,7026,0,0,1203,5670,7026,medsl,1
2024,CO,Moffat,0,6671,0,0,1167,5358,6671,medsl,1
2004,CO,Montezuma,0,11015,0,0,3867,6988,11015,medsl,1
2008,CO,Montezuma,0,11825,0,0,4661,6961,11825,medsl,1
2012,CO,Montezuma,0,12318,0,0,4542,7401,12318,medsl,1
2016,CO,Montezuma,0,12858,0,0,3973,7853,12858,medsl,1
2020,CO,Montezuma,0,15500,0,0,5836,9306,15500,medsl,1
2024,CO,Montezuma,0,15136,0,0,5793,8972,15136,medsl,1
2004,CO,Montrose,0,16219,0,0,4776,11218,16219,medsl,0
2008,CO,Montrose,0,19153,0,0,6495,12199,19153,medsl,0
2012,CO,Montrose,0,20130,0,0,6138,13552,20130,medsl,0
2016,CO,Montrose,0,21186,0,0,5466,14382,21186,medsl,0
2020,CO,Montrose,0,24922,0,0,7687,16770,24922,medsl,0
2024,CO,Montrose,0,25617,0,0,8354,16704,25617,medsl,0
2004,CO,Morgan,0,9936,0,0,3039,6787,9936,medsl,1
2008,CO,Morgan,0,10234,0,0,3813,6272,10234,medsl,1
2012,CO,Morgan,0,10777,0,0,3912,6602,10777,medsl,1
2016,CO,Morgan,0,11960,0,0,3151,8145,11960,medsl,1
2020,CO,Morgan,0,13744,0,0,3876,9593,13744,medsl,1
2024,CO,Morgan,0,13458,0,0,3291,9830,13458,medsl,1
2004,CO,Otero,0,8180,0,0,3164,4947,8180,medsl,1
2008,CO,Otero,0,8064,0,0,3546,4393,8064,medsl,1
2012,CO,Otero,0,8192,0,0,3647,4382,8192,medsl,1
2016,CO,Otero,0,8452,0,0,2943,4928,8452,medsl,1
2020,CO,Otero,0,9576,0,0,3605,5756,9576,medsl,1
2024,CO,Otero,0,8925,0,0,3164,5520,8925,medsl,1
2004,CO,Ouray,0,2719,0,0,1278,1402,2719,medsl,0
2008,CO,Ouray,0,3060,0,0,1636,1367,3060,medsl,0
2012,CO,Ouray,0,3202,0,0,1646,1481,3202,medsl,0
2016,CO,Ouray,0,3310,0,0,1697,1351,3310,medsl,0
2020,CO,Ouray,0,4020,0,0,2365,1577,4020,medsl,0
2024,CO,Ouray,0,4098,0,0,2442,1573,4098,medsl,0
2004,CO,Park,0,8355,0,0,3445,4781,8355,medsl,1
2008,CO,Park,0,9383,0,0,4250,4896,9383,medsl,1
2012,CO,Park,0,9366,0,0,3862,5236,9366,medsl,1
2016,CO,Park,0,10417,0,0,3421,6135,10417,medsl,1
2020,CO,Park,0,12291,0,0,4903,6991,12291,medsl,1
2024,CO,Park,0,12044,0,0,4841,6828,12044,medsl,1
2004,CO,Phillips,0,2325,0,0,582,1717,2325,medsl,1
2008,CO,Phillips,0,2260,0,0,622,1612,2260,medsl,1
2012,CO,Phillips,0,2265,0,0,588,1637,2265,medsl,1
2016,CO,Phillips,0,2332,0,0,436,1791,2332,medsl,1
2020,CO,Phillips,0,2485,0,0,486,1958,2485,medsl,1
2024,CO,Phillips,0,2354,0,0,412,1888,2354,medsl,1
2004,CO,Pitkin,0,9255,0,0,6335,2784,9255,medsl,1
2008,CO,Pitkin,0,9966,0,0,7349,2484,9966,medsl,1
2012,CO,Pitkin,0,10075,0,0,6849,3024,10075,medsl,1
2016,CO,Pitkin,0,10523,0,0,7333,2550,10523,medsl,1
2020,CO,Pitkin,0,11957,0,0,8989,2780,11957,medsl,1
2024,CO,Pitkin,0,11167,0,0,7932,2992,11167,medsl,1
2004,CO,Prowers,0,4745,0,0,1308,3392,4745,medsl,1
2008,CO,Prowers,0,4615,0,0,1487,3043,4615,medsl,1
2012,CO,Prowers,0,4863,0,0,1519,3230,4863,medsl,1
2016,CO,Prowers,0,5016,0,0,1186,3531,5016,medsl,1
2020,CO,Prowers,0,5561,0,0,1458,4008,5561,medsl,1
2024,CO,Prowers,0,5144,0,0,1227,3833,5144,medsl,1
2004,CO,Pueblo,0,67182,0,0,35369,31117,67182,medsl,1
2008,CO,Pueblo,0,72427,0,0,41097,30257,72427,medsl,1
2012,CO,Pueblo,0,76194,0,0,42551,31894,76194,medsl,1
2016,CO,Pueblo,0,78646,0,0,35875,36265,78646,medsl,1
2020,CO,Pueblo,0,88301,0,0,43772,42252,88301,medsl,1
2024,CO,Pueblo,0,85107,0,0,39328,43688,85107,medsl,1
2004,CO,Rio Blanco,0,3003,0,0,566,2403,3003,medsl,1
2008,CO,Rio Blanco,0,3147,0,0,655,2437,3147,medsl,1
2012,CO,Rio Blanco,0,3369,0,0,568,2724,3369,medsl,1
2016,CO,Rio Blanco,0,3450,0,0,436,2791,3450,medsl,1
2020,CO,Rio Blanco,0,3691,0,0,561,3061,3691,medsl,1
2024,CO,Rio Blanco,0,3690,0,0,637,2988,3690,medsl,1
2004,CO,Rio Grande,0,5523,0,0,2006,3448,5523,medsl,1
2008,CO,Rio Grande,0,5444,0,0,2448,2930,5444,medsl,1
2012,CO,Rio Grande,0,5533,0,0,2478,2918,5533,medsl,1
2016,CO,Rio Grande,0,5534,0,0,2001,3085,5534,medsl,1
2020,CO,Rio Grande,0,6305,0,0,2495,3660,6305,medsl,1
2024,CO,Rio Grande,0,6194,0,0,2306,3743,6194,medsl,1
2004,CO,Routt,0,11761,0,0,6392,5199,11761,medsl,1
2008,CO,Routt,0,13199,0,0,8270,4725,13199,medsl,1
2012,CO,Routt,0,13317,0,0,7547,5469,13317,medsl,1
2016,CO,Routt,0,13986,0,0,7600,5230,13986,medsl,1
2020,CO,Routt,0,16876,0,0,10582,5925,16876,medsl,1
2024,CO,Routt,0,16335,0,0,10208,5676,16335,medsl,1
2004,CO,Saguache,0,2803,0,0,1594,1163,2803,medsl,1
2008,CO,Saguache,0,2747,0,0,1730,953,2747,medsl,1
2012,CO,Saguache,0,2930,0,0,1864,964,2930,medsl,1
2016,CO,Saguache,0,2835,0,0,1417,1147,2835,medsl,1
2020,CO,Saguache,0,3389,0,0,1884,1413,3389,medsl,1
2024,CO,Saguache,0,3400,0,0,1704,1577,3400,medsl,1
2004,CO,San Juan,0,486,0,0,253,216,486,medsl,0
2008,CO,San Juan,0,496,0,0,264,218,496,medsl,0
2012,CO,San Juan,0,506,0,0,266,212,506,medsl,0
2016,CO,San Juan,0,506,0,0,265,215,506,medsl,0
2020,CO,San Juan,0,562,0,0,342,202,562,medsl,0
2024,CO,San Juan,0,588,0,0,376,188,588,medsl,0
2004,CO,San Miguel,0,4019,0,0,2876,1079,4019,medsl,1
2008,CO,San Miguel,0,4350,0,0,3349,933,4350,medsl,1
2012,CO,San Miguel,0,4256,0,0,2992,1154,4256,medsl,1
2016,CO,San Miguel,0,4329,0,0,2975,1033,4329,medsl,1
2020,CO,San Miguel,0,5147,0,0,3924,1136,5147,medsl,1
2024,CO,San Miguel,0,4804,0,0,3529,1154,4804,medsl,1
2004,CO,Sedgwick,0,1360,0,0,374,971,1360,medsl,1
2008,CO,Sedgwick,0,1351,0,0,468,857,1351,medsl,1
2012,CO,Sedgwick,0,1338,0,0,419,881,1338,medsl,1
2016,CO,Sedgwick,0,1364,0,0,267,1015,1364,medsl,1
2020,CO,Sedgwick,0,1446,0,0,301,1121,1446,medsl,1
2024,CO,Sedgwick,0,1358,0,0,283,1048,1358,medsl,1
2004,CO,Summit,0,13735,0,0,8144,5370,13735,medsl,1
2008,CO,Summit,0,14899,0,0,9802,4883,14899,medsl,1
2012,CO,Summit,0,15312,0,0,9347,5571,15312,medsl,1
2016,CO,Summit,0,16174,0,0,9557,5100,16174,medsl,1
2020,CO,Summit,0,18479,0,0,12631,5322,18479,medsl,1
2024,CO,Summit,0,17542,0,0,11762,5244,17542,medsl,1
2004,CO,Teller,0,11840,0,0,3556,8094,11840,medsl,1
2008,CO,Teller,0,12906,0,0,4513,8146,12906,medsl,1
2012,CO,Teller,0,13407,0,0,4333,8702,13407,medsl,1
2016,CO,Teller,0,14444,0,0,3603,9745,14444,medsl,1
2020,CO,Teller,0,16939,0,0,5278,11241,16939,medsl,1
2024,CO,Teller,0,16326,0,0,5065,10856,16326,medsl,1
2004,CO,Washington,0,2530,0,0,455,2050,2530,medsl,1
2008,CO,Washington,0,2513,0,0,529,1949,2513,medsl,1
2012,CO,Washington,0,2591,0,0,468,2076,2591,medsl,1
2016,CO,Washington,0,2733,0,0,296,2299,2733,medsl,1
2020,CO,Washington,0,3008,0,0,369,2595,3008,medsl,1
2024,CO,Washington,0,2806,0,0,329,2436,2806,medsl,1
2004,CO,Weld,0,88652,0,0,31868,55591,88652,medsl,0
2008,CO,Weld,0,105866,0,0,47292,56526,105866,medsl,0
2012,CO,Weld,0,115866,0,0,49050,63775,115866,medsl,0
2016,CO,Weld,0,135428,0,0,46519,76651,135428,medsl,0
2020,CO,Weld,0,166974,0,0,66060,96145,166974,medsl,0
2024,CO,Weld,0,179854,0,0,68752,106469,179854,medsl,0
2004,CO,Yuma,0,4559,0,0,1064,3456,4559,medsl,1
2008,CO,Yuma,0,4483,0,0,1117,3286,4483,medsl,1
2012,CO,Yuma,0,4577,0,0,987,3490,4577,medsl,1
2016,CO,Yuma,0,4791,0,0,726,3850,4791,medsl,1
2020,CO,Yuma,0,4981,0,0,785,4107,4981,medsl,1
2024,CO,Yuma,0,4663,0,0,758,3807,4663,medsl,1
2004,CT,Fairfield,0,400967,0,0,205902,189605,400967,medsl,1
2008,CT,Fairfield,0,411096,0,0,241320,166845,411096,medsl,1
2012,CT,Fairfield,0,396130,0,0,217294,175168,396130,medsl,1
2016,CT,Fairfield,0,421209,0,0,243852,160077,421209,medsl,1
2020,CT,Fairfield,0,472396,0,0,297505,168445,472396,medsl,1
2024,CT,Fairfield,0,452303,0,0,267019,178263,452303,medsl,1
2004,CT,Hartford,0,391808,0,0,229902,154919,391808,medsl,1
2008,CT,Hartford,0,411785,0,0,268301,138716,411785,medsl,1
2012,CT,Hartford,0,392240,0,0,244639,143238,392240,medsl,1
2016,CT,Hartford,0,406864,0,0,240403,148173,406864,medsl,1
2020,CT,Hartford,0,449336,0,0,283368,159024,449336,medsl,1
2024,CT,Hartford,0,429325,0,0,259366,162572,429325,medsl,1
2004,CT,Litchfield,0,96668,0,0,44647,50160,96668,medsl,1
2008,CT,Litchfield,0,98870,0,0,51037,46176,98870,medsl,1
2012,CT,Litchfield,0,92427,0,0,43856,47201,92427,medsl,1
2016,CT,Litchfield,0,97442,0,0,39775,53051,97442,medsl,1
2020,CT,Litchfield,0,107544,0,0,50164,55601,107544,medsl,1
2024,CT,Litchfield,0,105969,0,0,47940,56452,105969,medsl,1
2004,CT,Middlesex,0,83984,0,0,47292,35252,83984,medsl,1
2008,CT,Middlesex,0,87155,0,0,52966,32907,87155,medsl,1
2012,CT,Middlesex,0,83538,0,0,47855,34591,83538,medsl,1
2016,CT,Middlesex,0,88624,0,0,45357,38867,88624,medsl,1
2020,CT,Middlesex,0,99198,0,0,56848,40665,99198,medsl,1
2024,CT,Middlesex,0,97519,0,0,54173,41654,97519,medsl,1
2004,CT,New Haven,0,366392,0,0,199060,160390,366392,medsl,1
2008,CT,New Haven,0,381739,0,0,232820,144465,381739,medsl,1
2012,CT,New Haven,0,361026,0,0,218972,138357,361026,medsl,1
2016,CT,New Haven,0,379006,0,0,205609,159048,379006,medsl,1
2020,CT,New Haven,0,417983,0,0,242630,169893,417983,medsl,1
2024,CT,New Haven,0,397987,0,0,218981,171435,397987,medsl,1
2004,CT,New London,0,118360,0,0,66062,49931,118360,medsl,1
2008,CT,New London,0,124765,0,0,74745,48460,124765,medsl,1
2012,CT,New London,0,115102,0,0,67144,46119,115102,medsl,1
2016,CT,New London,0,123528,0,0,62278,54058,123528,medsl,1
2020,CT,New London,0,139604,0,0,79459,57110,139604,medsl,1
2024,CT,New London,0,137500,0,0,76190,58858,137500,medsl,1
2004,CT,Tolland,0,71729,0,0,39146,31245,71729,medsl,1
2008,CT,Tolland,0,75406,0,0,44969,29262,75406,medsl,1
2012,CT,Tolland,0,70928,0,0,39366,30450,70928,medsl,1
2016,CT,Tolland,0,77424,0,0,38506,34194,77424,medsl,1
2020,CT,Tolland,0,80714,0,0,44151,34838,80714,medsl,1
2024,CT,Tolland,0,81520,0,0,43311,36773,81520,medsl,1
2004,CT,Windham,0,48861,0,0,25477,22324,48861,medsl,1
2008,CT,Windham,0,56269,0,0,34133,21210,56269,medsl,1
2012,CT,Windham,0,46494,0,0,25957,19768,46494,medsl,1
2016,CT,Windham,0,50823,0,0,21792,25747,50823,medsl,1
2020,CT,Windham,0,57082,0,0,26706,29141,57082,medsl,1
2024,CT,Windham,0,56887,0,0,25073,30911,56887,medsl,1
2004,DC,District Of Columbia,0,227586,0,0,202970,21256,227586,medsl,1
2008,DC,District Of Columbia,0,265853,0,0,245800,17367,265853,medsl,1
2012,DC,District Of Columbia,0,293764,0,0,267070,21381,293764,medsl,1
2016,DC,District Of Columbia,0,311268,0,0,282830,12723,311268,medsl,1
2020,DC,District Of Columbia,0,344356,0,0,317323,18586,344356,medsl,1
2024,DC,District Of Columbia,0,325879,0,0,294185,21076,325879,medsl,1
2004,DE,Kent,0,55977,0,0,23872,31578,55977,medsl,1
2008,DE,Kent,0,66925,0,0,36392,29827,66925,medsl,1
2012,DE,Kent,0,68696,0,0,35527,32135,68696,medsl,1
2016,DE,Kent,0,74598,0,0,33351,36991,74598,medsl,1
2020,DE,Kent,0,87025,0,0,44552,41009,87025,medsl,1
2024,DE,Kent,0,88141,0,0,44222,42458,88141,medsl,1
2004,DE,Kent County,91782,63313,0,0,26600,36425,63360,manual,1
2008,DE,Kent County,93970,67821,0,0,36392,29827,66925,manual,1
2012,DE,Kent County,101002,69698,0,0,35527,32135,68672,manual,1
2016,DE,Kent County,113229,75164,0,0,33351,36991,74260,manual,1
2020,DE,Kent County,131287,87881,0,0,44552,41009,87025,manual,1
2024,DE,Kent County,143562,89179,42448,45563,44222,42458,88141,manual,1
2004,DE,New Castle,0,241444,0,0,146171,93070,241444,medsl,1
2008,DE,New Castle,0,256417,0,0,178768,74608,256417,medsl,1
2012,DE,New Castle,0,252012,0,0,167082,81230,252012,medsl,1
2016,DE,New Castle,0,262391,0,0,162919,85525,262391,medsl,1
2020,DE,New Castle,0,287633,0,0,195034,88364,287633,medsl,1
2024,DE,New Castle,0,275917,0,0,180700,90868,275917,medsl,1
2004,DE,New Castle County,384985,282999,0,0,152811,129110,283245,manual,1
2008,DE,New Castle County,373069,260213,0,0,178768,74608,256417,manual,1
2012,DE,New Castle County,385688,256180,0,0,167082,81230,251996,manual,1
2016,DE,New Castle County,400824,267275,0,0,162919,85525,261507,manual,1
2020,DE,New Castle County,425744,290673,0,0,195034,88364,287633,manual,1
2024,DE,New Castle County,407544,270005,133036,142781,180700,90868,275917,manual,1
2004,DE,Sussex,0,77749,0,0,30098,47003,77749,medsl,0
2008,DE,Sussex,0,89070,0,0,40299,47939,89070,medsl,0
2012,DE,Sussex,0,93229,0,0,39975,52119,93229,medsl,0
2016,DE,Sussex,0,106008,0,0,39333,62611,106008,medsl,0
2020,DE,Sussex,0,129352,0,0,56682,71230,129352,medsl,0
2024,DE,Sussex,0,147639,0,0,64836,81025,147639,medsl,0
2004,DE,Sussex County,112498,76248,0,0,26695,49338,76250,manual,0
2008,DE,Sussex County,132754,90061,0,0,40299,47939,89070,manual,0
2012,DE,Sussex County,142984,94225,0,0,39975,52119,93222,manual,0
2016,DE,Sussex County,153429,106823,0,0,39333,62611,105828,manual,0
2020,DE,Sussex County,182539,130687,0,0,56682,71230,129352,manual,0
2024,DE,Sussex County,207335,149146,71313,76556,64836,81025,147639,manual,0
2004,FL,Alachua,0,111328,0,0,62504,47762,111328,medsl,1
2008,FL,Alachua,0,125519,0,0,75565,48513,125519,medsl,1
2012,FL,Alachua,0,120418,0,0,69699,48797,120418,medsl,1
2016,FL,Alachua,0,128571,0,0,75820,46834,128571,medsl,1
2020,FL,Alachua,0,142604,0,0,89704,50972,142604,medsl,1
2024,FL,Alachua,0,136548,0,0,81578,52939,136548,medsl,1
2004,FL,Baker,0,9955,0,0,2180,7738,9955,medsl,0
2008,FL,Baker,0,11059,0,0,2327,8672,11059,medsl,0
2012,FL,Baker,0,11368,0,0,2311,8975,11368,medsl,0
2016,FL,Baker,0,12634,0,0,2112,10294,12634,medsl,0
2020,FL,Baker,0,14059,0,0,2037,11911,14059,medsl,0
2024,FL,Baker,0,14977,0,0,1982,12926,14977,medsl,0
2004,FL,Bay,0,75024,0,0,21068,53404,75024,medsl,1
2008,FL,Bay,0,81127,0,0,23653,56683,81127,medsl,1
2012,FL,Bay,0,79861,0,0,22051,56876,79861,medsl,1
2016,FL,Bay,0,87453,0,0,21797,62194,87453,medsl,1
2020,FL,Bay,0,93024,0,0,25614,66097,93024,medsl,1
2024,FL,Bay,0,97777,0,0,25201,71497,97777,medsl,1
2004,FL,Bradford,0,10855,0,0,3244,7557,10855,medsl,1
2008,FL,Bradford,0,11676,0,0,3430,8136,11676,medsl,1
2012,FL,Bradford,0,11635,0,0,3325,8219,11635,medsl,1
2016,FL,Bradford,0,12098,0,0,2924,8913,12098,medsl,1
2020,FL,Bradford,0,13632,0,0,3160,10334,13632,medsl,1
2024,FL,Bradford,0,13932,0,0,2946,10920,13932,medsl,1
2004,FL,Brevard,0,265462,0,0,110309,153068,265462,medsl,1
2008,FL,Brevard,0,287859,0,0,127620,157589,287859,medsl,1
2012,FL,Brevard,0,285559,0,0,122993,159300,285559,medsl,1
2016,FL,Brevard,0,314752,0,0,119679,181848,314752,medsl,1
2020,FL,Brevard,0,360764,0,0,148549,207883,360764,medsl,1
2024,FL,Brevard,0,361449,0,0,141233,216533,361449,medsl,1
2004,FL,Broward,0,706872,0,0,453873,244674,706872,medsl,1
2008,FL,Broward,0,733899,0,0,492640,237729,733899,medsl,1
2012,FL,Broward,0,756422,0,0,508312,244101,756422,medsl,1
2016,FL,Broward,0,831951,0,0,553320,260951,831951,medsl,1
2020,FL,Broward,0,957672,0,0,618752,333409,957672,medsl,1
2024,FL,Broward,0,874539,0,0,507328,358952,874539,medsl,1
2004,FL,Calhoun,0,5963,0,0,2116,3782,5963,medsl,1
2008,FL,Calhoun,0,6244,0,0,1821,4345,6244,medsl,1
2012,FL,Calhoun,0,6152,0,0,1664,4366,6152,medsl,1
2016,FL,Calhoun,0,6081,0,0,1241,4655,6081,medsl,1
2020,FL,Calhoun,0,6526,0,0,1209,5274,6526,medsl,1
2024,FL,Calhoun,0,6428,0,0,1021,5367,6428,medsl,1
2004,FL,Charlotte,0,79786,0,0,34256,44428,79786,medsl,1
2008,FL,Charlotte,0,85158,0,0,39031,45205,85158,medsl,1
2012,FL,Charlotte,0,84682,0,0,35906,47996,84682,medsl,1
2016,FL,Charlotte,0,96374,0,0,33445,60218,96374,medsl,1
2020,FL,Charlotte,0,116340,0,0,42273,73243,116340,medsl,1
2024,FL,Charlotte,0,123676,0,0,40450,82480,123676,medsl,1
2004,FL,Citrus,0,69467,0,0,29277,39500,69467,medsl,1
2008,FL,Citrus,0,76158,0,0,31460,43706,76158,medsl,1
2012,FL,Citrus,0,73935,0,0,28460,44662,73935,medsl,1
2016,FL,Citrus,0,79700,0,0,22789,54456,79700,medsl,1
2020,FL,Citrus,0,93208,0,0,27092,65352,93208,medsl,1
2024,FL,Citrus,0,98237,0,0,26276,71356,98237,medsl,1
2004,FL,Clay,0,81495,0,0,18971,62078,81495,medsl,1
2008,FL,Clay,0,94577,0,0,26697,67203,94577,medsl,1
2012,FL,Clay,0,96589,0,0,25759,70022,96589,medsl,1
2016,FL,Clay,0,106483,0,0,27822,74963,106483,medsl,1
2020,FL,Clay,0,124405,0,0,38317,84480,124405,medsl,1
2024,FL,Clay,0,126811,0,0,37926,87711,126811,medsl,1
2004,FL,Collier,0,128683,0,0,43892,83631,128683,medsl,1
2008,FL,Collier,0,141988,0,0,54450,86379,141988,medsl,1
2012,FL,Collier,0,149112,0,0,51698,96520,149112,medsl,1
2016,FL,Collier,0,170789,0,0,61085,105423,170789,medsl,1
2020,FL,Collier,0,207818,0,0,77621,128950,207818,medsl,1
2024,FL,Collier,0,216370,0,0,71720,143267,216370,medsl,1
2004,FL,Columbia,0,24991,0,0,8031,16758,24991,medsl,1
2008,FL,Columbia,0,28128,0,0,9171,18670,28128,medsl,1
2012,FL,Columbia,0,27163,0,0,8462,18429,27163,medsl,1
2016,FL,Columbia,0,28707,0,0,7601,20368,28707,medsl,1
2020,FL,Columbia,0,33042,0,0,8914,23836,33042,medsl,1
2024,FL,Columbia,0,33592,0,0,8250,25108,33592,medsl,1
2004,FL,Desoto,0,9510,0,0,3913,5524,9510,medsl,1
2008,FL,Desoto,0,10131,0,0,4383,5632,10131,medsl,1
2012,FL,Desoto,0,9865,0,0,4174,5587,9865,medsl,1
2016,FL,Desoto,0,10818,0,0,3781,6778,10818,medsl,1
2020,FL,Desoto,0,12659,0,0,4259,8313,12659,medsl,1
2024,FL,Desoto,0,12488,0,0,3525,8888,12488,medsl,1
2004,FL,Dixie,0,6442,0,0,1960,4434,6442,medsl,1
2008,FL,Dixie,0,7264,0,0,1925,5194,7264,medsl,1
2012,FL,Dixie,0,6941,0,0,1798,5052,6941,medsl,1
2016,FL,Dixie,0,7202,0,0,1270,5822,7202,medsl,1
2020,FL,Dixie,0,8167,0,0,1365,6759,8167,medsl,1
2024,FL,Dixie,0,8148,0,0,1183,6920,8148,medsl,1
2004,FL,Duval,0,381061,0,0,158610,220190,381061,medsl,1
2008,FL,Duval,0,415761,0,0,202618,210537,415761,medsl,1
2012,FL,Duval,0,411848,0,0,196737,211615,411848,medsl,1
2016,FL,Duval,0,432695,0,0,205704,211672,432695,medsl,1
2020,FL,Duval,0,492820,0,0,252556,233762,492820,medsl,1
2024,FL,Duval,0,471282,0,0,229365,236285,471282,medsl,1
2004,FL,Escambia,0,143278,0,0,48329,93566,143278,medsl,1
2008,FL,Escambia,0,154447,0,0,61572,91411,154447,medsl,1
2012,FL,Escambia,0,148502,0,0,58185,88711,148502,medsl,1
2016,FL,Escambia,0,152469,0,0,57461,88808,152469,medsl,1
2020,FL,Escambia,0,170372,0,0,70929,96674,170372,medsl,1
2024,FL,Escambia,0,162755,0,0,64601,96407,162755,medsl,1
2004,FL,Flagler,0,38480,0,0,18578,19633,38480,medsl,0
2008,FL,Flagler,0,49031,0,0,24726,23951,49031,medsl,0
2012,FL,Flagler,0,50595,0,0,23207,26969,50595,medsl,0
2016,FL,Flagler,0,57503,0,0,22026,33850,57503,medsl,0
2020,FL,Flagler,0,71716,0,0,28161,43043,71716,medsl,0
2024,FL,Flagler,0,79968,0,0,28431,51014,79968,medsl,0
2004,FL,Franklin,0,5931,0,0,2401,3472,5931,medsl,1
2008,FL,Franklin,0,6029,0,0,2134,3818,6029,medsl,1
2012,FL,Franklin,0,5474,0,0,1845,3570,5474,medsl,1
2016,FL,Franklin,0,6015,0,0,1744,4125,6015,medsl,1
2020,FL,Franklin,0,6849,0,0,2120,4675,6849,medsl,1
2024,FL,Franklin,0,6758,0,0,1870,4831,6758,medsl,1
2004,FL,Gadsden,0,20984,0,0,14629,6253,20984,medsl,1
2008,FL,Gadsden,0,22510,0,0,15582,6811,22510,medsl,1
2012,FL,Gadsden,0,22499,0,0,15770,6630,22499,medsl,1
2016,FL,Gadsden,0,22113,0,0,15020,6728,22113,medsl,1
2020,FL,Gadsden,0,23762,0,0,16153,7465,23762,medsl,1
2024,FL,Gadsden,0,21868,0,0,14203,7495,21868,medsl,1
2004,FL,Gilchrist,0,7015,0,0,2017,4936,7015,medsl,1
2008,FL,Gilchrist,0,7819,0,0,1996,5656,7819,medsl,1
2012,FL,Gilchrist,0,7909,0,0,1885,5917,7909,medsl,1
2016,FL,Gilchrist,0,8420,0,0,1458,6740,8420,medsl,1
2020,FL,Gilchrist,0,9685,0,0,1700,7895,9685,medsl,1
2024,FL,Gilchrist,0,10686,0,0,1662,8931,10686,medsl,1
2004,FL,Glades,0,4188,0,0,1718,2443,4188,medsl,1
2008,FL,Glades,0,4261,0,0,1674,2533,4261,medsl,1
2012,FL,Glades,0,3989,0,0,1603,2344,3989,medsl,1
2016,FL,Glades,0,4353,0,0,1271,2996,4353,medsl,1
2020,FL,Glades,0,5193,0,0,1385,3782,5193,medsl,1
2024,FL,Glades,0,5279,0,0,1222,4034,5279,medsl,1
2004,FL,Gulf,0,7277,0,0,2407,4805,7277,medsl,1
2008,FL,Gulf,0,7205,0,0,2149,4980,7205,medsl,1
2012,FL,Gulf,0,7108,0,0,2014,4995,7108,medsl,1
2016,FL,Gulf,0,7293,0,0,1720,5329,7293,medsl,1
2020,FL,Gulf,0,8163,0,0,1985,6113,8163,medsl,1
2024,FL,Gulf,0,8697,0,0,1970,6684,8697,medsl,1
2004,FL,Hamilton,0,5079,0,0,2260,2792,5079,medsl,1
2008,FL,Hamilton,0,5587,0,0,2364,3179,5587,medsl,1
2012,FL,Hamilton,0,5407,0,0,2228,3138,5407,medsl,1
2016,FL,Hamilton,0,5460,0,0,1904,3443,5460,medsl,1
2020,FL,Hamilton,0,5830,0,0,1963,3815,5830,medsl,1
2024,FL,Hamilton,0,5733,0,0,1727,3964,5733,medsl,1
2004,FL,Hardee,0,7249,0,0,2149,5049,7249,medsl,1
2008,FL,Hardee,0,7412,0,0,2568,4763,7412,medsl,1
2012,FL,Hardee,0,7226,0,0,2463,4696,7226,medsl,1
2016,FL,Hardee,0,7583,0,0,2149,5242,7583,medsl,1
2020,FL,Hardee,0,8485,0,0,2298,6122,8485,medsl,1
2024,FL,Hardee,0,8143,0,0,1751,6336,8143,medsl,1
2004,FL,Hendry,0,9775,0,0,3960,5757,9775,medsl,1
2008,FL,Hendry,0,10879,0,0,4998,5780,10879,medsl,1
2012,FL,Hendry,0,10185,0,0,4751,5355,10185,medsl,1
2016,FL,Hendry,0,11115,0,0,4615,6195,11115,medsl,1
2020,FL,Hendry,0,12940,0,0,4929,7906,12940,medsl,1
2024,FL,Hendry,0,13460,0,0,4096,9253,13460,medsl,1
2004,FL,Hernando,0,80547,0,0,37187,42635,80547,medsl,1
2008,FL,Hernando,0,87901,0,0,41886,45021,87901,medsl,1
2012,FL,Hernando,0,83667,0,0,37830,44938,83667,medsl,1
2016,FL,Hernando,0,93796,0,0,31795,58970,93796,medsl,1
2020,FL,Hernando,0,108922,0,0,37519,70412,108922,medsl,1
2024,FL,Hernando,0,110691,0,0,34431,75446,110691,medsl,1
2004,FL,Highlands,0,41496,0,0,15347,25878,41496,medsl,1
2008,FL,Highlands,0,44783,0,0,18135,26221,44783,medsl,1
2012,FL,Highlands,0,42444,0,0,16148,25915,42444,medsl,1
2016,FL,Highlands,0,45686,0,0,14937,29565,45686,medsl,1
2020,FL,Highlands,0,52170,0,0,16938,34873,52170,medsl,1
2024,FL,Highlands,0,51905,0,0,15227,36382,51905,medsl,1
2004,FL,Hillsborough,0,463222,0,0,214132,245576,463222,medsl,1
2008,FL,Hillsborough,0,513312,0,0,272963,236355,513312,medsl,1
2012,FL,Hillsborough,0,542102,0,0,286467,250186,542102,medsl,1
2016,FL,Hillsborough,0,597660,0,0,307896,266870,597660,medsl,1
2020,FL,Hillsborough,0,712063,0,0,376367,327398,712063,medsl,1
2024,FL,Hillsborough,0,671993,0,0,321455,342017,671993,medsl,1
2004,FL,Holmes,0,8300,0,0,1810,6412,8300,medsl,1
2008,FL,Holmes,0,8589,0,0,1446,7033,8589,medsl,1
2012,FL,Holmes,0,8274,0,0,1264,6919,8274,medsl,1
2016,FL,Holmes,0,8514,0,0,853,7483,8514,medsl,1
2020,FL,Holmes,0,9068,0,0,924,8080,9068,medsl,1
2024,FL,Holmes,0,9116,0,0,882,8193,9116,medsl,1
2004,FL,Indian River,0,61414,0,0,23956,36938,61414,medsl,1
2008,FL,Indian River,0,70591,0,0,29710,40176,70591,medsl,1
2012,FL,Indian River,0,71464,0,0,27492,43450,71464,medsl,1
2016,FL,Indian River,0,80009,0,0,29043,48620,80009,medsl,1
2020,FL,Indian River,0,97484,0,0,37844,58872,97484,medsl,1
2024,FL,Indian River,0,99017,0,0,35654,62737,99017,medsl,1
2004,FL,Jackson,0,19807,0,0,7555,12122,19807,medsl,1
2008,FL,Jackson,0,21565,0,0,7671,13717,21565,medsl,1
2012,FL,Jackson,0,20941,0,0,7342,13418,20941,medsl,1
2016,FL,Jackson,0,21041,0,0,6397,14257,21041,medsl,1
2020,FL,Jackson,0,22419,0,0,6766,15488,22419,medsl,1
2024,FL,Jackson,0,22098,0,0,5892,16074,22098,medsl,1
2004,FL,Jefferson,0,7478,0,0,4135,3298,7478,medsl,1
2008,FL,Jefferson,0,7957,0,0,4088,3797,7957,medsl,1
2012,FL,Jefferson,0,7808,0,0,3945,3808,7808,medsl,1
2016,FL,Jefferson,0,7645,0,0,3541,3930,7645,medsl,1
2020,FL,Jefferson,0,8451,0,0,3897,4479,8451,medsl,1
2024,FL,Jefferson,0,8502,0,0,3429,5011,8502,medsl,1
2004,FL,Lafayette,0,3325,0,0,845,2460,3325,medsl,0
2008,FL,Lafayette,0,3359,0,0,642,2679,3359,medsl,0
2012,FL,Lafayette,0,3399,0,0,687,2668,3399,medsl,0
2016,FL,Lafayette,0,3392,0,0,518,2809,3392,medsl,0
2020,FL,Lafayette,0,3658,0,0,510,3128,3658,medsl,0
2024,FL,Lafayette,0,3756,0,0,441,3296,3756,medsl,0
2004,FL,Lake,0,123950,0,0,48221,74389,123950,medsl,0
2008,FL,Lake,0,146926,0,0,62948,82802,146926,medsl,0
2012,FL,Lake,0,150811,0,0,61799,87643,150811,medsl,0
2016,FL,Lake,0,170462,0,0,62838,102188,170462,medsl,0
2020,FL,Lake,0,211314,0,0,83505,125859,211314,medsl,0
2024,FL,Lake,0,226788,0,0,84546,140500,226788,medsl,0
2004,FL,Lee,0,240667,0,0,93860,144176,240667,medsl,1
2008,FL,Lee,0,269276,0,0,119701,147608,269276,medsl,1
2012,FL,Lee,0,266166,0,0,110157,154163,266166,medsl,1
2016,FL,Lee,0,326420,0,0,124908,191551,326420,medsl,1
2020,FL,Lee,0,393899,0,0,157695,233247,393899,medsl,1
2024,FL,Lee,0,392532,0,0,139240,250661,392532,medsl,1
2004,FL,Leon,0,136379,0,0,83873,51615,136379,medsl,1
2008,FL,Leon,0,148608,0,0,91747,55705,148608,medsl,1
2012,FL,Leon,0,148353,0,0,90881,55805,148353,medsl,1
2016,FL,Leon,0,152132,0,0,92068,53821,152132,medsl,1
2020,FL,Leon,0,162929,0,0,103517,57453,162929,medsl,1
2024,FL,Leon,0,156802,0,0,94520,60397,156802,medsl,1
2004,FL,Levy,0,16652,0,0,6074,10410,16652,medsl,1
2008,FL,Levy,0,18725,0,0,6711,11754,18725,medsl,1
2012,FL,Levy,0,18399,0,0,6119,12054,18399,medsl,1
2016,FL,Levy,0,19395,0,0,5101,13775,19395,medsl,1
2020,FL,Levy,0,23145,0,0,6205,16749,23145,medsl,1
2024,FL,Levy,0,24378,0,0,5994,18245,24378,medsl,1
2004,FL,Liberty,0,3021,0,0,1070,1927,3021,medsl,1
2008,FL,Liberty,0,3278,0,0,895,2339,3278,medsl,1
2012,FL,Liberty,0,3284,0,0,942,2301,3284,medsl,1
2016,FL,Liberty,0,3296,0,0,651,2543,3296,medsl,1
2020,FL,Liberty,0,3561,0,0,694,2846,3561,medsl,1
2024,FL,Liberty,0,3490,0,0,566,2898,3490,medsl,1
2004,FL,Madison,0,8304,0,0,4050,4191,8304,medsl,1
2008,FL,Madison,0,8907,0,0,4270,4544,8907,medsl,1
2012,FL,Madison,0,8715,0,0,4176,4474,8715,medsl,1
2016,FL,Madison,0,8505,0,0,3526,4851,8505,medsl,1
2020,FL,Madison,0,9380,0,0,3747,5576,9380,medsl,1
2024,FL,Madison,0,9156,0,0,3231,5874,9156,medsl,1
2004,FL,Manatee,0,143621,0,0,61262,81318,143621,medsl,1
2008,FL,Manatee,0,151994,0,0,70034,80721,151994,medsl,1
2012,FL,Manatee,0,153491,0,0,66503,85627,153491,medsl,1
2016,FL,Manatee,0,178958,0,0,71224,101944,178958,medsl,1
2020,FL,Manatee,0,216958,0,0,90166,124987,216958,medsl,1
2024,FL,Manatee,0,228860,0,0,86674,140486,228860,medsl,1
2004,FL,Marion,0,139677,0,0,57271,81283,139677,medsl,1
2008,FL,Marion,0,162022,0,0,70839,89628,162022,medsl,1
2012,FL,Marion,0,161385,0,0,66831,93043,161385,medsl,1
2016,FL,Marion,0,174700,0,0,62041,107833,174700,medsl,1
2020,FL,Marion,0,204376,0,0,74858,127826,204376,medsl,1
2024,FL,Marion,0,214106,0,0,72436,140173,214106,medsl,1
2004,FL,Martin,0,72453,0,0,30208,41362,72453,medsl,1
2008,FL,Martin,0,78294,0,0,33508,44143,78294,medsl,1
2012,FL,Martin,0,78873,0,0,30107,48183,78873,medsl,1
2016,FL,Martin,0,85792,0,0,30185,53204,85792,medsl,1
2020,FL,Martin,0,98726,0,0,36893,61168,98726,medsl,1
2024,FL,Martin,0,98291,0,0,33539,64121,98291,medsl,1
2004,FL,Miami-Dade,0,774726,0,0,409732,361095,774726,medsl,1
2008,FL,Miami-Dade,0,863486,0,0,499831,360551,863486,medsl,1
2012,FL,Miami-Dade,0,878314,0,0,541440,332981,878314,medsl,1
2016,FL,Miami-Dade,0,980204,0,0,624146,333999,980204,medsl,1
2020,FL,Miami-Dade,0,1156816,0,0,617864,532833,1156816,medsl,1
2024,FL,Miami-Dade,0,1094105,0,0,480355,605590,1094105,medsl,1
2004,FL,Miami-Dade County,2023156,1384437,980335,383071,601762,741162,1384437,manual,0
2008,FL,Miami-Dade County,2180493,1568509,1118090,405416,853609,648283,1568509,manual,0
2012,FL,Miami-Dade County,2356999,1410159,1070986,414238,733178,635039,1410159,manual,0
2016,FL,Miami-Dade County,2394195,1442013,1112152,413322,798634,638758,1442013,manual,0
2020,FL,Miami-Dade County,2671825,1679814,1223871,451065,852335,717779,1679814,manual,0
2024,FL,Miami-Dade County,2685685,1690325,1200456,459473,873490,725835,1690325,manual,0
2004,FL,Monroe,0,39535,0,0,19654,19467,39535,medsl,1
2008,FL,Monroe,0,40272,0,0,20907,18933,40272,medsl,1
2012,FL,Monroe,0,39057,0,0,19404,19234,39057,medsl,1
2016,FL,Monroe,0,42478,0,0,18971,21904,42478,medsl,1
2020,FL,Monroe,0,48029,0,0,21881,25693,48029,medsl,1
2024,FL,Monroe,0,44328,0,0,17933,26064,44328,medsl,1
2004,FL,Nassau,0,32743,0,0,8573,23783,32743,medsl,0
2008,FL,Nassau,0,38304,0,0,10618,27403,38304,medsl,0
2012,FL,Nassau,0,40528,0,0,10251,29929,40528,medsl,0
2016,FL,Nassau,0,46607,0,0,10869,34266,46607,medsl,0
2020,FL,Nassau,0,58811,0,0,15564,42566,58811,medsl,0
2024,FL,Nassau,0,65625,0,0,17143,47945,65625,medsl,0
2004,FL,Okaloosa,0,89756,0,0,19368,69693,89756,medsl,1
2008,FL,Okaloosa,0,95529,0,0,25872,68789,95529,medsl,1
2012,FL,Okaloosa,0,94798,0,0,23421,70168,94798,medsl,1
2016,FL,Okaloosa,0,100855,0,0,23780,71893,100855,medsl,1
2020,FL,Okaloosa,0,116373,0,0,34248,79798,116373,medsl,1
2024,FL,Okaloosa,0,113636,0,0,32074,80309,113636,medsl,1
2004,FL,Okeechobee,0,12190,0,0,5153,6978,12190,medsl,1
2008,FL,Okeechobee,0,12786,0,0,5108,7561,12786,medsl,1
2012,FL,Okeechobee,0,12324,0,0,4856,7328,12324,medsl,1
2016,FL,Okeechobee,0,13653,0,0,3959,9356,13653,medsl,1
2020,FL,Okeechobee,0,15954,0,0,4390,11470,15954,medsl,1
2024,FL,Okeechobee,0,16058,0,0,3671,12315,16058,medsl,1
2004,FL,Orange,0,388044,0,0,193354,192539,388044,medsl,1
2008,FL,Orange,0,462711,0,0,273009,186832,462711,medsl,1
2012,FL,Orange,0,466359,0,0,273665,188589,466359,medsl,1
2016,FL,Orange,0,546275,0,0,329894,195216,546275,medsl,1
2020,FL,Orange,0,647403,0,0,395014,245398,647403,medsl,1
2024,FL,Orange,0,607199,0,0,340807,258279,607199,medsl,1
2004,FL,Osceola,0,82204,0,0,38633,43117,82204,medsl,1
2008,FL,Osceola,0,100670,0,0,59962,40086,100670,medsl,1
2012,FL,Osceola,0,108698,0,0,67239,40592,108698,medsl,1
2016,FL,Osceola,0,140206,0,0,85458,50301,140206,medsl,1
2020,FL,Osceola,0,172436,0,0,97297,73480,172436,medsl,1
2024,FL,Osceola,0,172780,0,0,84205,86713,172780,medsl,1
2004,FL,Palm Beach,0,544622,0,0,328687,212688,544622,medsl,1
2008,FL,Palm Beach,0,590500,0,0,361271,226037,590500,medsl,1
2012,FL,Palm Beach,0,600721,0,0,349651,247398,600721,medsl,1
2016,FL,Palm Beach,0,662332,0,0,374673,272402,662332,medsl,1
2020,FL,Palm Beach,0,773158,0,0,433572,334711,773158,medsl,1
2024,FL,Palm Beach,0,745709,0,0,372512,366836,745709,medsl,1
2004,FL,Pasco,0,190916,0,0,84749,103230,190916,medsl,1
2008,FL,Pasco,0,214866,0,0,102417,110104,214866,medsl,1
2012,FL,Pasco,0,213573,0,0,98263,112427,213573,medsl,1
2016,FL,Pasco,0,241139,0,0,90142,142101,241139,medsl,1
2020,FL,Pasco,0,301970,0,0,119073,179621,301970,medsl,1
2024,FL,Pasco,0,318471,0,0,117450,197779,318471,medsl,1
2004,FL,Pinellas,0,455357,0,0,225460,225686,455357,medsl,1
2008,FL,Pinellas,0,463282,0,0,248299,210066,463282,medsl,1
2012,FL,Pinellas,0,457702,0,0,239104,213258,457702,medsl,1
2016,FL,Pinellas,0,492403,0,0,233701,239201,492403,medsl,1
2020,FL,Pinellas,0,559715,0,0,277450,276209,559715,medsl,1
2024,FL,Pinellas,0,517074,0,0,242452,269472,517074,medsl,1
2004,FL,Polk,0,210830,0,0,86009,123559,210830,medsl,1
2008,FL,Polk,0,244833,0,0,113865,128878,244833,medsl,1
2012,FL,Polk,0,248683,0,0,114622,131577,248683,medsl,1
2016,FL,Polk,0,284314,0,0,117433,157430,284314,medsl,1
2020,FL,Polk,0,343256,0,0,145049,194586,343256,medsl,1
2024,FL,Polk,0,348931,0,0,136879,209044,348931,medsl,1
2004,FL,Putnam,0,30973,0,0,12412,18311,30973,medsl,1
2008,FL,Putnam,0,33171,0,0,13236,19637,33171,medsl,1
2012,FL,Putnam,0,31324,0,0,11667,19326,31324,medsl,1
2016,FL,Putnam,0,33117,0,0,10094,22138,33117,medsl,1
2020,FL,Putnam,0,36373,0,0,10527,25514,36373,medsl,1
2024,FL,Putnam,0,36272,0,0,9354,26700,36272,medsl,1
2004,FL,Santa Rosa,0,67307,0,0,14659,52059,67307,medsl,1
2008,FL,Santa Rosa,0,76185,0,0,19470,55972,76185,medsl,1
2012,FL,Santa Rosa,0,76846,0,0,17768,58186,76846,medsl,1
2016,FL,Santa Rosa,0,87745,0,0,18464,65339,87745,medsl,1
2020,FL,Santa Rosa,0,106928,0,0,27612,77385,106928,medsl,1
2024,FL,Santa Rosa,0,112425,0,0,27035,84314,112425,medsl,1
2004,FL,Sarasota,0,195652,0,0,88442,104692,195652,medsl,1
2008,FL,Sarasota,0,207353,0,0,102686,102897,207353,medsl,1
2012,FL,Sarasota,0,207480,0,0,95119,110504,207480,medsl,1
2016,FL,Sarasota,0,229063,0,0,97870,124438,229063,medsl,1
2020,FL,Sarasota,0,270575,0,0,120110,148370,270575,medsl,1
2024,FL,Sarasota,0,277866,0,0,112668,163219,277866,medsl,1
2004,FL,Seminole,0,186195,0,0,76971,108172,186195,medsl,1
2008,FL,Seminole,0,205895,0,0,99335,105070,205895,medsl,1
2012,FL,Seminole,0,208620,0,0,96445,109943,208620,medsl,1
2016,FL,Seminole,0,224896,0,0,105914,109443,224896,medsl,1
2020,FL,Seminole,0,260815,0,0,132528,125241,260815,medsl,1
2024,FL,Seminole,0,253727,0,0,120717,129735,253727,medsl,1
2004,FL,St. Johns,0,86290,0,0,26399,59196,86290,medsl,0
2008,FL,St. Johns,0,105844,0,0,35791,69222,105844,medsl,0
2012,FL,St. Johns,0,114795,0,0,35190,78513,114795,medsl,0
2016,FL,St. Johns,0,136514,0,0,43099,88684,136514,medsl,0
2020,FL,St. Johns,0,176622,0,0,63850,110946,176622,medsl,0
2024,FL,St. Johns,0,197457,0,0,66862,128759,197457,medsl,0
2004,FL,St. Lucie,0,100063,0,0,51835,47592,100063,medsl,1
2008,FL,St. Lucie,0,120579,0,0,67125,52512,120579,medsl,1
2012,FL,St. Lucie,0,123027,0,0,65869,56202,123027,medsl,1
2016,FL,St. Lucie,0,140847,0,0,66881,70289,140847,medsl,1
2020,FL,St. Lucie,0,172169,0,0,84137,86831,172169,medsl,1
2024,FL,St. Lucie,0,185131,0,0,83517,100293,185131,medsl,1
2004,FL,Sumter,0,31842,0,0,11584,19800,31842,medsl,0
2008,FL,Sumter,0,48868,0,0,17655,30866,48868,medsl,0
2012,FL,Sumter,0,60479,0,0,19524,40646,60479,medsl,0
2016,FL,Sumter,0,76665,0,0,22638,52730,76665,medsl,0
2020,FL,Sumter,0,92485,0,0,29341,62761,92485,medsl,0
2024,FL,Sumter,0,105218,0,0,32551,72134,105218,medsl,0
2004,FL,Suwannee,0,15802,0,0,4522,11153,15802,medsl,1
2008,FL,Suwannee,0,17662,0,0,4916,12534,17662,medsl,1
2012,FL,Suwannee,0,17629,0,0,4751,12672,17629,medsl,1
2016,FL,Suwannee,0,18694,0,0,3964,14287,18694,medsl,1
2020,FL,Suwannee,0,21057,0,0,4485,16410,21057,medsl,1
2024,FL,Suwannee,0,21891,0,0,4217,17561,21891,medsl,1
2004,FL,Taylor,0,8581,0,0,3049,5467,8581,medsl,1
2008,FL,Taylor,0,9366,0,0,2803,6457,9366,medsl,1
2012,FL,Taylor,0,9120,0,0,2764,6249,9120,medsl,1
2016,FL,Taylor,0,9290,0,0,2152,6930,9290,medsl,1
2020,FL,Taylor,0,10127,0,0,2299,7751,10127,medsl,1
2024,FL,Taylor,0,9997,0,0,1991,7954,9997,medsl,1
2004,FL,Union,0,4675,0,0,1251,3396,4675,medsl,1
2008,FL,Union,0,5285,0,0,1299,3933,5285,medsl,1
2012,FL,Union,0,5393,0,0,1339,3980,5393,medsl,1
2016,FL,Union,0,5694,0,0,1014,4568,5694,medsl,1
2020,FL,Union,0,6245,0,0,1053,5133,6245,medsl,1
2024,FL,Union,0,6231,0,0,971,5224,6231,medsl,1
2004,FL,Volusia,0,228939,0,0,115519,111924,228939,medsl,1
2008,FL,Volusia,0,243824,0,0,127795,113938,243824,medsl,1
2012,FL,Volusia,0,234536,0,0,114748,117490,234536,medsl,1
2016,FL,Volusia,0,260869,0,0,109091,143007,260869,medsl,1
2020,FL,Volusia,0,307439,0,0,130575,173821,307439,medsl,1
2024,FL,Volusia,0,310498,0,0,120132,187691,310498,medsl,1
2004,FL,Wakulla,0,11763,0,0,4896,6777,11763,medsl,0
2008,FL,Wakulla,0,14376,0,0,5311,8877,14376,medsl,0
2012,FL,Wakulla,0,14660,0,0,5175,9290,14660,medsl,0
2016,FL,Wakulla,0,15351,0,0,4348,10512,15351,medsl,0
2020,FL,Wakulla,0,18404,0,0,5351,12874,18404,medsl,0
2024,FL,Wakulla,0,19856,0,0,5441,14246,19856,medsl,0
2004,FL,Walton,0,23976,0,0,6213,17555,23976,medsl,1
2008,FL,Walton,0,27046,0,0,7174,19561,27046,medsl,1
2012,FL,Walton,0,28494,0,0,6671,21490,28494,medsl,1
2016,FL,Walton,0,33637,0,0,6876,25756,33637,medsl,1
2020,FL,Walton,0,43711,0,0,10338,32947,43711,medsl,1
2024,FL,Walton,0,49601,0,0,10287,38970,49601,medsl,1
2004,FL,Washington,0,10366,0,0,2912,7369,10366,medsl,1
2008,FL,Washington,0,11131,0,0,2863,8178,11131,medsl,1
2012,FL,Washington,0,10999,0,0,2820,8038,10999,medsl,1
2016,FL,Washington,0,11156,0,0,2264,8637,11156,medsl,1
2020,FL,Washington,0,12327,0,0,2347,9876,12327,medsl,1
2024,FL,Washington,0,12584,0,0,2140,10370,12584,medsl,1
2004,GA,Appling,0,6369,0,0,1848,4494,6369,medsl,1
2008,GA,Appling,0,6996,0,0,1846,5085,6996,medsl,1
2012,GA,Appling,0,7086,0,0,1758,5233,7086,medsl,1
2016,GA,Appling,0,7012,0,0,1434,5494,7012,medsl,1
2020,GA,Appling,0,8341,0,0,1779,6526,8341,medsl,1
2024,GA,Appling,0,8334,0,0,1560,6761,8334,medsl,1
2004,GA,Atkinson,0,2470,0,0,799,1666,2470,medsl,1
2008,GA,Atkinson,0,2904,0,0,938,1941,2904,medsl,1
2012,GA,Atkinson,0,2902,0,0,930,1938,2902,medsl,1
2016,GA,Atkinson,0,2610,0,0,697,1878,2610,medsl,1
2020,GA,Atkinson,0,3155,0,0,825,2300,3155,medsl,1
2024,GA,Atkinson,0,3057,0,0,700,2350,3057,medsl,1
2004,GA,Bacon,0,3790,0,0,930,2853,3790,medsl,0
2008,GA,Bacon,0,3938,0,0,817,3089,3938,medsl,0
2012,GA,Bacon,0,3931,0,0,791,3093,3931,medsl,0
2016,GA,Bacon,0,4020,0,0,608,3364,4020,medsl,0
2020,GA,Bacon,0,4668,0,0,625,4018,4668,medsl,0
2024,GA,Bacon,0,4839,0,0,645,4186,4839,medsl,0
2004,GA,Baker,0,1764,0,0,936,821,1764,medsl,1
2008,GA,Baker,0,1687,0,0,846,828,1687,medsl,1
2012,GA,Baker,0,1589,0,0,794,785,1589,medsl,1
2016,GA,Baker,0,1440,0,0,650,775,1440,medsl,1
2020,GA,Baker,0,1555,0,0,652,897,1555,medsl,1
2024,GA,Baker,0,1476,0,0,590,883,1476,medsl,1
2004,GA,Baldwin,0,14547,0,0,6775,7709,14547,medsl,0
2008,GA,Baldwin,0,16537,0,0,8587,7823,16537,medsl,0
2012,GA,Baldwin,0,16238,0,0,8483,7589,16238,medsl,0
2016,GA,Baldwin,0,16116,0,0,7970,7697,16116,medsl,0
2020,GA,Baldwin,0,18251,0,0,9140,8903,18251,medsl,0
2024,GA,Baldwin,0,18825,0,0,9159,9574,18825,medsl,0
2004,GA,Banks,0,5590,0,0,1149,4410,5590,medsl,0
2008,GA,Banks,0,6241,0,0,1027,5120,6241,medsl,0
2012,GA,Banks,0,6195,0,0,780,5354,6195,medsl,0
2016,GA,Banks,0,6975,0,0,684,6134,6975,medsl,0
2020,GA,Banks,0,8801,0,0,932,7795,8801,medsl,0
2024,GA,Banks,0,10519,0,0,1136,9358,10519,medsl,0
2004,GA,Barrow,0,17727,0,0,4095,13520,17727,medsl,0
2008,GA,Barrow,0,24582,0,0,6657,17625,24582,medsl,0
2012,GA,Barrow,0,25199,0,0,6028,18725,25199,medsl,0
2016,GA,Barrow,0,29060,0,0,6580,21108,29060,medsl,0
2020,GA,Barrow,0,37921,0,0,10453,26804,37921,medsl,0
2024,GA,Barrow,0,43934,0,0,12949,30730,43934,medsl,0
2004,GA,Bartow,0,30232,0,0,7741,22311,30232,medsl,0
2008,GA,Bartow,0,36093,0,0,9662,25976,36093,medsl,0
2012,GA,Bartow,0,35802,0,0,8396,26876,35802,medsl,0
2016,GA,Bartow,0,39550,0,0,8212,29911,39550,medsl,0
2020,GA,Bartow,0,50467,0,0,12092,37674,50467,medsl,0
2024,GA,Bartow,0,57547,0,0,13942,43271,57547,medsl,0
2004,GA,Ben Hill,0,5536,0,0,2180,3331,5536,medsl,1
2008,GA,Ben Hill,0,6036,0,0,2590,3417,6036,medsl,1
2012,GA,Ben Hill,0,5956,0,0,2512,3396,5956,medsl,1
2016,GA,Ben Hill,0,5936,0,0,2101,3739,5936,medsl,1
2020,GA,Ben Hill,0,6560,0,0,2392,4110,6560,medsl,1
2024,GA,Ben Hill,0,6501,0,0,2199,4281,6501,medsl,1
2004,GA,Berrien,0,5592,0,0,1638,3917,5592,medsl,1
2008,GA,Berrien,0,6449,0,0,1471,4901,6449,medsl,1
2012,GA,Berrien,0,6201,0,0,1273,4843,6201,medsl,1
2016,GA,Berrien,0,6590,0,0,1047,5422,6590,medsl,1
2020,GA,Berrien,0,7743,0,0,1269,6419,7743,medsl,1
2024,GA,Berrien,0,8068,0,0,1209,6841,8068,medsl,1
2004,GA,Bibb,0,57687,0,0,29322,28107,57687,medsl,1
2008,GA,Bibb,0,66368,0,0,38987,27037,66368,medsl,1
2012,GA,Bibb,0,64718,0,0,38585,25623,64718,medsl,1
2016,GA,Bibb,0,62596,0,0,36787,24043,62596,medsl,1
2020,GA,Bibb,0,70802,0,0,43468,26585,70802,medsl,1
2024,GA,Bibb,0,69181,0,0,42172,26658,69181,medsl,1
2004,GA,Bibb County,74428,58058,10269,47704,29322,28107,57788,manual,1
2008,GA,Bibb County,86184,67386,0,0,38987,27037,66448,manual,1
2012,GA,Bibb County,88757,64690,3584,61106,40520,25623,64690,manual,1
2016,GA,Bibb County,101359,63087,3739,58538,36787,24043,62277,manual,1
2020,GA,Bibb County,115880,71212,19813,50989,43408,26559,70714,manual,1
2024,GA,Bibb County,108111,69805,48948,20233,42172,26658,69181,manual,1
2004,GA,Bleckley,0,4467,0,0,1281,3167,4467,medsl,0
2008,GA,Bleckley,0,5071,0,0,1380,3657,5071,medsl,0
2012,GA,Bleckley,0,4907,0,0,1269,3587,4907,medsl,0
2016,GA,Bleckley,0,4974,0,0,1101,3719,4974,medsl,0
2020,GA,Bleckley,0,5706,0,0,1311,4328,5706,medsl,0
2024,GA,Bleckley,0,6044,0,0,1339,4685,6044,medsl,0
2004,GA,Brantley,0,5618,0,0,1258,4333,5618,medsl,0
2008,GA,Brantley,0,6277,0,0,1119,5080,6277,medsl,0
2012,GA,Brantley,0,6002,0,0,939,4964,6002,medsl,0
2016,GA,Brantley,0,6301,0,0,619,5567,6301,medsl,0
2020,GA,Brantley,0,7746,0,0,699,6991,7746,medsl,0
2024,GA,Brantley,0,8500,0,0,736,7744,8500,medsl,0
2004,GA,Brooks,0,5113,0,0,2193,2912,5113,medsl,1
2008,GA,Brooks,0,6201,0,0,2669,3507,6201,medsl,1
2012,GA,Brooks,0,6742,0,0,3138,3554,6742,medsl,1
2016,GA,Brooks,0,6336,0,0,2528,3701,6336,medsl,1
2020,GA,Brooks,0,7100,0,0,2790,4260,7100,medsl,1
2024,GA,Brooks,0,7210,0,0,2629,4560,7210,medsl,1
2004,GA,Bryan,0,9983,0,0,2590,7363,9983,medsl,0
2008,GA,Bryan,0,12845,0,0,3636,9112,12845,medsl,0
2012,GA,Bryan,0,13453,0,0,3707,9560,13453,medsl,0
2016,GA,Bryan,0,15173,0,0,4014,10529,15173,medsl,0
2020,GA,Bryan,0,21340,0,0,6739,14244,21340,medsl,0
2024,GA,Bryan,0,24651,0,0,7779,16738,24651,medsl,0
2004,GA,Bulloch,0,19171,0,0,6840,12252,19171,medsl,0
2008,GA,Bulloch,0,23920,0,0,9586,14174,23920,medsl,0
2012,GA,Bulloch,0,24085,0,0,9593,14174,24085,medsl,0
2016,GA,Bulloch,0,25316,0,0,9261,15097,25316,medsl,0
2020,GA,Bulloch,0,30084,0,0,11243,18386,30084,medsl,0
2024,GA,Bulloch,0,32657,0,0,11514,20985,32657,medsl,0
2004,GA,Burke,0,8479,0,0,4213,4232,8479,medsl,1
2008,GA,Burke,0,9626,0,0,5233,4344,9626,medsl,1
2012,GA,Burke,0,9779,0,0,5405,4301,9779,medsl,1
2016,GA,Burke,0,9351,0,0,4731,4491,9351,medsl,1
2020,GA,Burke,0,10684,0,0,5209,5400,10684,medsl,1
2024,GA,Burke,0,11070,0,0,4994,6027,11070,medsl,1
2004,GA,Butts,0,7734,0,0,2572,5119,7734,medsl,0
2008,GA,Butts,0,9091,0,0,3065,5947,9091,medsl,0
2012,GA,Butts,0,9381,0,0,2968,6306,9381,medsl,0
2016,GA,Butts,0,9514,0,0,2566,6717,9514,medsl,0
2020,GA,Butts,0,11771,0,0,3274,8406,11771,medsl,0
2024,GA,Butts,0,13019,0,0,3544,9424,13019,medsl,0
2004,GA,Calhoun,0,2019,0,0,1119,890,2019,medsl,1
2008,GA,Calhoun,0,2211,0,0,1342,862,2211,medsl,1
2012,GA,Calhoun,0,2188,0,0,1298,883,2188,medsl,1
2016,GA,Calhoun,0,2025,0,0,1179,830,2025,medsl,1
2020,GA,Calhoun,0,2194,0,0,1260,923,2194,medsl,1
2024,GA,Calhoun,0,2056,0,0,1153,900,2056,medsl,1
2004,GA,Camden,0,14175,0,0,4637,9488,14175,medsl,0
2008,GA,Camden,0,17084,0,0,6482,10502,17084,medsl,0
2012,GA,Camden,0,17983,0,0,6377,11343,17983,medsl,0
2016,GA,Camden,0,18901,0,0,5930,12310,18901,medsl,0
2020,GA,Camden,0,23688,0,0,7967,15251,23688,medsl,0
2024,GA,Camden,0,26393,0,0,8405,17819,26393,medsl,0
2004,GA,Candler,0,3151,0,0,1096,2048,3151,medsl,1
2008,GA,Candler,0,3518,0,0,1209,2286,3518,medsl,1
2012,GA,Candler,0,3528,0,0,1157,2344,3528,medsl,1
2016,GA,Candler,0,3763,0,0,1026,2664,3763,medsl,1
2020,GA,Candler,0,4431,0,0,1269,3133,4431,medsl,1
2024,GA,Candler,0,4568,0,0,1196,3366,4568,medsl,1
2004,GA,Carroll,0,35278,0,0,10224,24837,35278,medsl,0
2008,GA,Carroll,0,43498,0,0,14334,28661,43498,medsl,0
2012,GA,Carroll,0,41549,0,0,12688,28280,41549,medsl,0
2016,GA,Carroll,0,44121,0,0,12464,30029,44121,medsl,0
2020,GA,Carroll,0,54474,0,0,16238,37476,54474,medsl,0
2024,GA,Carroll,0,60494,0,0,17634,42536,60494,medsl,0
2004,GA,Catoosa,0,22304,0,0,5807,16406,22304,medsl,0
2008,GA,Catoosa,0,24496,0,0,6025,18218,24496,medsl,0
2012,GA,Catoosa,0,23678,0,0,5365,17858,23678,medsl,0
2016,GA,Catoosa,0,26757,0,0,4771,20876,26757,medsl,0
2020,GA,Catoosa,0,32593,0,0,6932,25167,32593,medsl,0
2024,GA,Catoosa,0,35038,0,0,7704,27150,35038,medsl,0
2004,GA,Charlton,0,3387,0,0,1064,2311,3387,medsl,1
2008,GA,Charlton,0,3685,0,0,1197,2466,3685,medsl,1
2012,GA,Charlton,0,3764,0,0,1197,2527,3764,medsl,1
2016,GA,Charlton,0,4016,0,0,1004,2951,4016,medsl,1
2020,GA,Charlton,0,4566,0,0,1103,3419,4566,medsl,1
2024,GA,Charlton,0,4628,0,0,1007,3607,4628,medsl,1
2004,GA,Chatham,0,91515,0,0,45630,45484,91515,medsl,0
2008,GA,Chatham,0,110238,0,0,62755,46829,110238,medsl,0
2012,GA,Chatham,0,108628,0,0,60246,47204,108628,medsl,0
2016,GA,Chatham,0,112142,0,0,62290,45688,112142,medsl,0
2020,GA,Chatham,0,133420,0,0,78254,53237,133420,medsl,0
2024,GA,Chatham,0,141109,0,0,82758,57336,141109,medsl,0
2004,GA,Chattahoochee,0,1688,0,0,773,905,1688,medsl,0
2008,GA,Chattahoochee,0,1653,0,0,830,811,1653,medsl,0
2012,GA,Chattahoochee,0,1490,0,0,729,735,1490,medsl,0
2016,GA,Chattahoochee,0,1390,0,0,594,751,1390,medsl,0
2020,GA,Chattahoochee,0,1582,0,0,667,880,1582,medsl,0
2024,GA,Chattahoochee,0,1694,0,0,703,982,1694,medsl,0
2004,GA,Chattooga,0,7847,0,0,2809,4992,7847,medsl,0
2008,GA,Chattooga,0,8307,0,0,2596,5572,8307,medsl,0
2012,GA,Chattooga,0,7822,0,0,2232,5452,7822,medsl,0
2016,GA,Chattooga,0,8252,0,0,1613,6462,8252,medsl,0
2020,GA,Chattooga,0,10050,0,0,1854,8064,10050,medsl,0
2024,GA,Chattooga,0,10706,0,0,1896,8769,10706,medsl,0
2004,GA,Cherokee,103028,73727,59862,13865,14824,58238,73727,manual,0
2008,GA,Cherokee,119024,93772,73321,20451,22350,70279,93973,manual,0
2012,GA,Cherokee,129033,98439,76827,21595,19841,76514,98439,manual,0
2016,GA,Cherokee,138809,113180,5365,105530,25231,80649,113180,manual,0
2020,GA,Cherokee,190531,145539,114052,31461,42794,99587,145539,manual,0
2024,GA,Cherokee,201633,163445,126450,35831,48838,112142,163445,manual,0
2004,GA,Clarke,0,37235,0,0,21718,15052,37235,medsl,0
2008,GA,Clarke,0,45510,0,0,29591,15333,45510,medsl,0
2012,GA,Clarke,0,40368,0,0,25431,13815,40368,medsl,0
2016,GA,Clarke,0,44976,0,0,29603,12717,44976,medsl,0
2020,GA,Clarke,0,51333,0,0,36048,14446,51333,medsl,0
2024,GA,Clarke,0,52887,0,0,36297,16049,52887,medsl,0
2004,GA,Clay,0,1309,0,0,798,509,1309,medsl,1
2008,GA,Clay,0,1440,0,0,879,558,1440,medsl,1
2012,GA,Clay,0,1402,0,0,862,537,1402,medsl,1
2016,GA,Clay,0,1273,0,0,697,566,1273,medsl,1
2020,GA,Clay,0,1434,0,0,790,637,1434,medsl,1
2024,GA,Clay,0,1442,0,0,771,663,1442,medsl,1
2004,GA,Clayton,0,79546,0,0,56113,23106,79546,medsl,1
2008,GA,Clayton,0,99438,0,0,82527,16506,99438,medsl,1
2012,GA,Clayton,0,96067,0,0,81479,14164,96067,medsl,1
2016,GA,Clayton,0,92859,0,0,78220,12645,92859,medsl,1
2020,GA,Clayton,0,112344,0,0,95476,15813,112344,medsl,1
2024,GA,Clayton,0,111729,0,0,94203,16877,111729,medsl,1
2004,GA,Clinch,0,2265,0,0,750,1501,2265,medsl,1
2008,GA,Clinch,0,2696,0,0,989,1678,2696,medsl,1
2012,GA,Clinch,0,2472,0,0,852,1598,2472,medsl,1
2016,GA,Clinch,0,2455,0,0,686,1727,2455,medsl,1
2020,GA,Clinch,0,2864,0,0,747,2105,2864,medsl,1
2024,GA,Clinch,0,2908,0,0,702,2201,2908,medsl,1
2004,GA,Cobb,0,279473,0,0,103955,173467,279473,medsl,0
2008,GA,Cobb,0,315444,0,0,141216,170957,315444,medsl,0
2012,GA,Cobb,0,310116,0,0,133124,171722,310116,medsl,0
2016,GA,Cobb,0,330819,0,0,160121,152912,330819,medsl,0
2020,GA,Cobb,0,393746,0,0,221846,165459,393746,medsl,0
2024,GA,Cobb,0,401369,0,0,228404,168679,401369,medsl,0
2004,GA,Coffee,0,12327,0,0,3979,8306,12327,medsl,1
2008,GA,Coffee,0,13747,0,0,4811,8872,13747,medsl,1
2012,GA,Coffee,0,14454,0,0,5057,9248,14454,medsl,1
2016,GA,Coffee,0,13915,0,0,4094,9588,13915,medsl,1
2020,GA,Coffee,0,15214,0,0,4511,10578,15214,medsl,1
2024,GA,Coffee,0,15715,0,0,4295,11388,15715,medsl,1
2004,GA,Colquitt,0,11730,0,0,3378,8296,11730,medsl,1
2008,GA,Colquitt,0,13435,0,0,4139,9185,13435,medsl,1
2012,GA,Colquitt,0,13328,0,0,3973,9243,13328,medsl,1
2016,GA,Colquitt,0,13624,0,0,3463,9898,13624,medsl,1
2020,GA,Colquitt,0,16083,0,0,4187,11777,16083,medsl,1
2024,GA,Colquitt,0,16611,0,0,4114,12451,16611,medsl,1
2004,GA,Columbia,0,47144,0,0,11442,35549,47144,medsl,0
2008,GA,Columbia,0,55351,0,0,15703,39322,55351,medsl,0
2012,GA,Columbia,0,58923,0,0,16451,41765,58923,medsl,0
2016,GA,Columbia,0,64743,0,0,18887,43085,64743,medsl,0
2020,GA,Columbia,0,80579,0,0,29236,50013,80579,medsl,0
2024,GA,Columbia,0,85920,0,0,31624,53657,85920,medsl,0
2004,GA,Cook,0,4816,0,0,1733,3065,4816,medsl,1
2008,GA,Cook,0,5903,0,0,2075,3782,5903,medsl,1
2012,GA,Cook,0,6031,0,0,2042,3935,6031,medsl,1
2016,GA,Cook,0,6057,0,0,1753,4176,6057,medsl,1
2020,GA,Cook,0,7035,0,0,2059,4900,7035,medsl,1
2024,GA,Cook,0,7357,0,0,1956,5374,7357,medsl,1
2004,GA,Coweta,0,42545,0,0,10647,31682,42545,medsl,0
2008,GA,Coweta,0,53549,0,0,15521,37571,53549,medsl,0
2012,GA,Coweta,0,55555,0,0,15168,39653,55555,medsl,0
2016,GA,Coweta,0,61745,0,0,16583,42533,61745,medsl,0
2020,GA,Coweta,0,76799,0,0,24210,51501,76799,medsl,0
2024,GA,Coweta,0,85916,0,0,28111,57204,85916,medsl,0
2004,GA,Crawford,0,4402,0,0,1552,2830,4402,medsl,1
2008,GA,Crawford,0,5240,0,0,1832,3358,5240,medsl,1
2012,GA,Crawford,0,5133,0,0,1706,3368,5133,medsl,1
2016,GA,Crawford,0,5176,0,0,1421,3635,5176,medsl,1
2020,GA,Crawford,0,6102,0,0,1615,4428,6102,medsl,1
2024,GA,Crawford,0,6340,0,0,1582,4742,6340,medsl,1
2004,GA,Crisp,0,6250,0,0,2357,3865,6250,medsl,0
2008,GA,Crisp,0,7550,0,0,3085,4424,7550,medsl,0
2012,GA,Crisp,0,7396,0,0,3167,4182,7396,medsl,0
2016,GA,Crisp,0,7512,0,0,2837,4549,7512,medsl,0
2020,GA,Crisp,0,8039,0,0,2986,4987,8039,medsl,0
2024,GA,Crisp,0,8116,0,0,2993,5099,8116,medsl,0
2004,GA,Dade,0,6230,0,0,1823,4368,6230,medsl,0
2008,GA,Dade,0,6408,0,0,1612,4703,6408,medsl,0
2012,GA,Dade,0,6020,0,0,1411,4471,6020,medsl,0
2016,GA,Dade,0,6242,0,0,965,5051,6242,medsl,0
2020,GA,Dade,0,7434,0,0,1261,6066,7434,medsl,0
2024,GA,Dade,0,8200,0,0,1343,6804,8200,medsl,0
2004,GA,Dawson,0,8113,0,0,1407,6649,8113,medsl,0
2008,GA,Dawson,0,9974,0,0,1632,8242,9974,medsl,0
2012,GA,Dawson,0,10244,0,0,1241,8847,10244,medsl,0
2016,GA,Dawson,0,11765,0,0,1448,9900,11765,medsl,0
2020,GA,Dawson,0,16081,0,0,2486,13398,16081,medsl,0
2024,GA,Dawson,0,19561,0,0,3350,16115,19561,medsl,0
2004,GA,Decatur,0,8951,0,0,3577,5348,8951,medsl,1
2008,GA,Decatur,0,10374,0,0,4424,5890,10374,medsl,1
2012,GA,Decatur,0,10485,0,0,4591,5824,10485,medsl,1
2016,GA,Decatur,0,10286,0,0,4124,6020,10286,medsl,1
2020,GA,Decatur,0,11627,0,0,4780,6758,11627,medsl,1
2024,GA,Decatur,0,11549,0,0,4372,7140,11549,medsl,1
2004,GA,Dekalb,0,276139,0,0,200787,73570,276139,medsl,1
2008,GA,Dekalb,0,322301,0,0,254594,65581,322301,medsl,1
2012,GA,Dekalb,0,306265,0,0,238224,64392,306265,medsl,1
2016,GA,Dekalb,0,314757,0,0,251370,51468,314757,medsl,1
2020,GA,Dekalb,0,370804,0,0,308227,58373,370804,medsl,1
2024,GA,Dekalb,0,366008,0,0,299630,62622,366008,medsl,1
2004,GA,Dodge,0,6995,0,0,2384,4584,6995,medsl,1
2008,GA,Dodge,0,8212,0,0,2595,5543,8212,medsl,1
2012,GA,Dodge,0,7733,0,0,2442,5214,7733,medsl,1
2016,GA,Dodge,0,7009,0,0,1839,5021,7009,medsl,1
2020,GA,Dodge,0,8070,0,0,2171,5843,8070,medsl,1
2024,GA,Dodge,0,8350,0,0,2081,6249,8350,medsl,1
2004,GA,Dooly,0,3844,0,0,1973,1853,3844,medsl,0
2008,GA,Dooly,0,4160,0,0,2138,1991,4160,medsl,0
2012,GA,Dooly,0,4298,0,0,2285,1985,4298,medsl,0
2016,GA,Dooly,0,3859,0,0,1872,1951,3859,medsl,0
2020,GA,Dooly,0,4105,0,0,1911,2159,4105,medsl,0
2024,GA,Dooly,0,4177,0,0,1921,2243,4177,medsl,0
2004,GA,Dougherty,0,33647,0,0,19805,13711,33647,medsl,1
2008,GA,Dougherty,0,38846,0,0,26135,12547,38846,medsl,1
2012,GA,Dougherty,0,37919,0,0,26295,11449,37919,medsl,1
2016,GA,Dougherty,0,34087,0,0,23311,10232,34087,medsl,1
2020,GA,Dougherty,0,35311,0,0,24577,10454,35311,medsl,1
2024,GA,Dougherty,0,33850,0,0,23831,9904,33850,medsl,1
2004,GA,Douglas,0,42065,0,0,15997,25846,42065,medsl,0
2008,GA,Douglas,0,55083,0,0,27825,26812,55083,medsl,0
2012,GA,Douglas,0,55267,0,0,28441,26241,55267,medsl,0
2016,GA,Douglas,0,57738,0,0,31005,24817,57738,medsl,0
2020,GA,Douglas,0,69097,0,0,42809,25451,69097,medsl,0
2024,GA,Douglas,0,70721,0,0,46240,23996,70721,medsl,0
2004,GA,Early,0,4213,0,0,1701,2495,4213,medsl,1
2008,GA,Early,0,5335,0,0,2603,2711,5335,medsl,1
2012,GA,Early,0,5353,0,0,2765,2557,5353,medsl,1
2016,GA,Early,0,4785,0,0,2168,2552,4785,medsl,1
2020,GA,Early,0,5187,0,0,2437,2722,5187,medsl,1
2024,GA,Early,0,4879,0,0,2158,2718,4879,medsl,1
2004,GA,Echols,0,991,0,0,231,757,991,medsl,1
2008,GA,Echols,0,1187,0,0,201,981,1187,medsl,1
2012,GA,Echols,0,1102,0,0,173,917,1102,medsl,1
2016,GA,Echols,0,1182,0,0,156,1007,1182,medsl,1
2020,GA,Echols,0,1441,0,0,167,1256,1441,medsl,1
2024,GA,Echols,0,1438,0,0,127,1307,1438,medsl,1
2004,GA,Effingham,0,16167,0,0,3613,12503,16167,medsl,0
2008,GA,Effingham,0,20316,0,0,4936,15230,20316,medsl,0
2012,GA,Effingham,0,20816,0,0,4947,15596,20816,medsl,0
2016,GA,Effingham,0,23458,0,0,4853,17874,23458,medsl,0
2020,GA,Effingham,0,31570,0,0,7720,23358,31570,medsl,0
2024,GA,Effingham,0,36244,0,0,9144,26943,36244,medsl,0
2004,GA,Elbert,0,7656,0,0,2984,4626,7656,medsl,1
2008,GA,Elbert,0,8317,0,0,3366,4868,8317,medsl,1
2012,GA,Elbert,0,8143,0,0,3181,4859,8143,medsl,1
2016,GA,Elbert,0,7987,0,0,2539,5292,7987,medsl,1
2020,GA,Elbert,0,9171,0,0,2879,6226,9171,medsl,1
2024,GA,Elbert,0,9589,0,0,2700,6860,9589,medsl,1
2004,GA,Emanuel,0,7468,0,0,2774,4666,7468,medsl,1
2008,GA,Emanuel,0,8242,0,0,3068,5110,8242,medsl,1
2012,GA,Emanuel,0,8083,0,0,2927,5100,8083,medsl,1
2016,GA,Emanuel,0,7860,0,0,2435,5335,7860,medsl,1
2020,GA,Emanuel,0,9501,0,0,2884,6551,9501,medsl,1
2024,GA,Emanuel,0,9619,0,0,2673,6919,9619,medsl,1
2004,GA,Evans,0,3514,0,0,1213,2291,3514,medsl,1
2008,GA,Evans,0,3855,0,0,1374,2462,3855,medsl,1
2012,GA,Evans,0,3563,0,0,1268,2268,3563,medsl,1
2016,GA,Evans,0,3613,0,0,1130,2404,3613,medsl,1
2020,GA,Evans,0,4247,0,0,1324,2888,4247,medsl,1
2024,GA,Evans,0,4244,0,0,1214,3011,4244,medsl,1
2004,GA,Fannin,0,9650,0,0,2727,6862,9650,medsl,0
2008,GA,Fannin,0,10584,0,0,2611,7807,10584,medsl,0
2012,GA,Fannin,0,10017,0,0,2028,7857,10017,medsl,0
2016,GA,Fannin,0,11812,0,0,1923,9632,11812,medsl,0
2020,GA,Fannin,0,14850,0,0,2571,12169,14850,medsl,0
2024,GA,Fannin,0,16096,0,0,2807,13232,16096,medsl,0
2004,GA,Fayette,0,52528,0,0,14887,37346,52528,medsl,0
2008,GA,Fayette,0,59321,0,0,20313,38501,59321,medsl,0
2012,GA,Fayette,0,58568,0,0,19736,38075,58568,medsl,0
2016,GA,Fayette,0,60913,0,0,23284,35048,60913,medsl,0
2020,GA,Fayette,0,71993,0,0,33065,37952,71993,medsl,0
2024,GA,Fayette,0,74633,0,0,35822,38177,74633,medsl,0
2004,GA,Floyd,0,31625,0,0,10038,21400,31625,medsl,0
2008,GA,Floyd,0,34213,0,0,10691,23132,34213,medsl,0
2012,GA,Floyd,0,32829,0,0,9640,22733,32829,medsl,0
2016,GA,Floyd,0,34608,0,0,9159,24114,34608,medsl,0
2020,GA,Floyd,0,41648,0,0,12008,29123,41648,medsl,0
2024,GA,Floyd,0,44738,0,0,12862,31631,44738,medsl,0
2004,GA,Forsyth,0,56826,0,0,9201,47267,56826,medsl,0
2008,GA,Forsyth,0,75376,0,0,15406,59166,75376,medsl,0
2012,GA,Forsyth,0,81731,0,0,14571,65908,81731,medsl,0
2016,GA,Forsyth,0,98221,0,0,23462,69851,98221,medsl,0
2020,GA,Forsyth,0,129305,0,0,42203,85122,129305,medsl,0
2024,GA,Forsyth,0,138249,0,0,45509,91281,138249,medsl,0
2004,GA,Franklin,0,7502,0,0,2245,5218,7502,medsl,0
2008,GA,Franklin,0,8073,0,0,1914,6069,8073,medsl,0
2012,GA,Franklin,0,7762,0,0,1499,6114,7762,medsl,0
2016,GA,Franklin,0,8502,0,0,1243,7054,8502,medsl,0
2020,GA,Franklin,0,10765,0,0,1593,9069,10765,medsl,0
2024,GA,Franklin,0,12140,0,0,1647,10459,12140,medsl,0
2004,GA,Fulton,0,336024,0,0,199436,134372,336024,medsl,0
2008,GA,Fulton,0,405628,0,0,272000,130136,405628,medsl,0
2012,GA,Fulton,0,397413,0,0,255470,137124,397413,medsl,0
2016,GA,Fulton,0,431391,0,0,297051,117783,431391,medsl,0
2020,GA,Fulton,0,524659,0,0,381144,137240,524659,medsl,0
2024,GA,Fulton,0,535238,0,0,384752,144655,535238,medsl,0
2004,GA,Fulton County,447522,337865,296539,41326,199436,134372,337865,manual,0
2008,GA,Fulton County,405625,405625,356444,44912,272000,130136,405625,manual,0
2012,GA,Fulton County,567174,399237,350211,44276,255470,137124,399237,manual,0
2016,GA,Fulton County,590362,441262,387010,49019,297051,117783,441262,manual,0
2020,GA,Fulton County,806451,528777,465446,58491,381144,137247,523931,manual,0
2024,GA,Fulton County,757635,541633,442403,92865,384752,144655,541633,manual,0
2004,GA,Gilmer,0,9998,0,0,2510,7414,9998,medsl,0
2008,GA,Gilmer,0,11149,0,0,2614,8408,11149,medsl,0
2012,GA,Gilmer,0,11018,0,0,1958,8926,11018,medsl,0
2016,GA,Gilmer,0,12773,0,0,1965,10477,12773,medsl,0
2020,GA,Gilmer,0,16525,0,0,2932,13429,16525,medsl,0
2024,GA,Gilmer,0,18481,0,0,3413,14976,18481,medsl,0
2004,GA,Glascock,0,1269,0,0,250,1016,1269,medsl,1
2008,GA,Glascock,0,1428,0,0,210,1202,1428,medsl,1
2012,GA,Glascock,0,1333,0,0,176,1135,1333,medsl,1
2016,GA,Glascock,0,1390,0,0,138,1235,1390,medsl,1
2020,GA,Glascock,0,1566,0,0,155,1403,1566,medsl,1
2024,GA,Glascock,0,1670,0,0,133,1534,1670,medsl,1
2004,GA,Glynn,0,27692,0,0,8962,18608,27692,medsl,0
2008,GA,Glynn,0,33341,0,0,12676,20479,33341,medsl,0
2012,GA,Glynn,0,33133,0,0,11950,20893,33133,medsl,0
2016,GA,Glynn,0,34263,0,0,11775,21512,34263,medsl,0
2020,GA,Glynn,0,41984,0,0,15879,25616,41984,medsl,0
2024,GA,Glynn,0,43912,0,0,16144,27558,43912,medsl,0
2004,GA,Gordon,0,15775,0,0,4028,11671,15775,medsl,0
2008,GA,Gordon,0,17607,0,0,4268,13113,17607,medsl,0
2012,GA,Gordon,0,16897,0,0,3440,13197,16897,medsl,0
2016,GA,Gordon,0,18959,0,0,3181,15191,18959,medsl,0
2020,GA,Gordon,0,24033,0,0,4384,19405,24033,medsl,0
2024,GA,Gordon,0,27606,0,0,4982,22495,27606,medsl,0
2004,GA,Grady,0,8191,0,0,3092,5068,8191,medsl,1
2008,GA,Grady,0,9365,0,0,3539,5775,9365,medsl,1
2012,GA,Grady,0,9396,0,0,3419,5924,9396,medsl,1
2016,GA,Grady,0,9213,0,0,3013,6053,9213,medsl,1
2020,GA,Grady,0,10707,0,0,3619,7034,10707,medsl,1
2024,GA,Grady,0,10718,0,0,3290,7385,10718,medsl,1
2004,GA,Greene,0,6872,0,0,2774,4069,6872,medsl,0
2008,GA,Greene,0,7919,0,0,3339,4532,7919,medsl,0
2012,GA,Greene,0,8323,0,0,3201,5071,8323,medsl,0
2016,GA,Greene,0,8852,0,0,3199,5490,8852,medsl,0
2020,GA,Greene,0,11247,0,0,4088,7068,11247,medsl,0
2024,GA,Greene,0,12786,0,0,4514,8215,12786,medsl,0
2004,GA,Gwinnett,0,243917,0,0,81708,160445,243917,medsl,0
2008,GA,Gwinnett,0,290147,0,0,129025,158746,290147,medsl,0
2012,GA,Gwinnett,0,296728,0,0,132509,159855,296728,medsl,0
2016,GA,Gwinnett,0,328331,0,0,166153,146989,328331,medsl,0
2020,GA,Gwinnett,0,413865,0,0,241827,166413,413865,medsl,0
2024,GA,Gwinnett,0,420681,0,0,242507,173041,420681,medsl,0
2004,GA,Habersham,0,13245,0,0,2750,10434,13245,medsl,0
2008,GA,Habersham,0,14808,0,0,2900,11766,14808,medsl,0
2012,GA,Habersham,0,14641,0,0,2301,12166,14641,medsl,0
2016,GA,Habersham,0,16243,0,0,2483,13190,16243,medsl,0
2020,GA,Habersham,0,20432,0,0,3563,16637,20432,medsl,0
2024,GA,Habersham,0,23280,0,0,4036,19142,23280,medsl,0
2004,GA,Hall,0,49696,0,0,10514,38883,49696,medsl,0
2008,GA,Hall,0,59928,0,0,14457,44962,59928,medsl,0
2012,GA,Hall,0,61364,0,0,12999,47481,61364,medsl,0
2016,GA,Hall,0,70694,0,0,16180,51733,70694,medsl,0
2020,GA,Hall,0,90523,0,0,25031,64170,90523,medsl,0
2024,GA,Hall,0,101973,0,0,28347,72991,101973,medsl,0
2004,GA,Hancock,0,3550,0,0,2715,822,3550,medsl,1
2008,GA,Hancock,0,4344,0,0,3535,795,4344,medsl,1
2012,GA,Hancock,0,4088,0,0,3308,769,4088,medsl,1
2016,GA,Hancock,0,3580,0,0,2701,843,3580,medsl,1
2020,GA,Hancock,0,4165,0,0,2985,1159,4165,medsl,1
2024,GA,Hancock,0,4240,0,0,2864,1364,4240,medsl,1
2004,GA,Haralson,0,10193,0,0,2434,7703,10193,medsl,0
2008,GA,Haralson,0,11097,0,0,2248,8658,11097,medsl,0
2012,GA,Haralson,0,10376,0,0,1789,8446,10376,medsl,0
2016,GA,Haralson,0,11357,0,0,1475,9585,11357,medsl,0
2020,GA,Haralson,0,14248,0,0,1792,12331,14248,medsl,0
2024,GA,Haralson,0,16364,0,0,2065,14239,16364,medsl,0
2004,GA,Harris,0,12331,0,0,3400,8878,12331,medsl,0
2008,GA,Harris,0,14908,0,0,4184,10648,14908,medsl,0
2012,GA,Harris,0,15488,0,0,4145,11197,15488,medsl,0
2016,GA,Harris,0,16502,0,0,4086,11936,16502,medsl,0
2020,GA,Harris,0,19991,0,0,5457,14319,19991,medsl,0
2024,GA,Harris,0,22353,0,0,5976,16283,22353,medsl,0
2004,GA,Hart,0,9021,0,0,3479,5500,9021,medsl,0
2008,GA,Hart,0,10002,0,0,3365,6537,10002,medsl,0
2012,GA,Hart,0,9511,0,0,2870,6517,9511,medsl,0
2016,GA,Hart,0,10117,0,0,2585,7286,10117,medsl,0
2020,GA,Hart,0,12727,0,0,3157,9464,12727,medsl,0
2024,GA,Hart,0,14331,0,0,3210,11064,14331,medsl,0
2004,GA,Heard,0,3955,0,0,1148,2788,3955,medsl,0
2008,GA,Heard,0,4225,0,0,1042,3133,4225,medsl,0
2012,GA,Heard,0,4172,0,0,948,3160,4172,medsl,0
2016,GA,Heard,0,4223,0,0,743,3370,4223,medsl,0
2020,GA,Heard,0,5391,0,0,824,4516,5391,medsl,0
2024,GA,Heard,0,6210,0,0,859,5335,6210,medsl,0
2004,GA,Henry,0,64153,0,0,21096,42759,64153,medsl,0
2008,GA,Henry,0,88229,0,0,40527,47115,88229,medsl,0
2012,GA,Henry,0,91378,0,0,43761,46774,91378,medsl,0
2016,GA,Henry,0,98766,0,0,50057,45724,98766,medsl,0
2020,GA,Henry,0,122742,0,0,73276,48187,122742,medsl,0
2024,GA,Henry,0,129034,0,0,83253,44982,129034,medsl,0
2004,GA,Houston,0,45153,0,0,15054,29862,45153,medsl,0
2008,GA,Houston,0,55931,0,0,22094,33392,55931,medsl,0
2012,GA,Houston,0,58056,0,0,22702,34662,58056,medsl,0
2016,GA,Houston,0,60079,0,0,22553,35430,60079,medsl,0
2020,GA,Houston,0,74823,0,0,32232,41534,74823,medsl,0
2024,GA,Houston,0,81514,0,0,35907,45090,81514,medsl,0
2004,GA,Irwin,0,3414,0,0,1051,2347,3414,medsl,1
2008,GA,Irwin,0,3828,0,0,1197,2605,3828,medsl,1
2012,GA,Irwin,0,3709,0,0,1141,2538,3709,medsl,1
2016,GA,Irwin,0,3670,0,0,891,2716,3670,medsl,1
2020,GA,Irwin,0,4168,0,0,1008,3134,4168,medsl,1
2024,GA,Irwin,0,4342,0,0,986,3340,4342,medsl,1
2004,GA,Jackson,0,16170,0,0,3468,12611,16170,medsl,0
2008,GA,Jackson,0,22960,0,0,4950,17776,22960,medsl,0
2012,GA,Jackson,0,23704,0,0,4238,19135,23704,medsl,0
2016,GA,Jackson,0,27190,0,0,4491,21784,27190,medsl,0
2020,GA,Jackson,0,37670,0,0,7642,29497,37670,medsl,0
2024,GA,Jackson,0,47243,0,0,10472,36497,47243,medsl,0
2004,GA,Jasper,0,4740,0,0,1558,3157,4740,medsl,0
2008,GA,Jasper,0,5904,0,0,1935,3916,5904,medsl,0
2012,GA,Jasper,0,6031,0,0,1845,4136,6031,medsl,0
2016,GA,Jasper,0,6045,0,0,1544,4360,6045,medsl,0
2020,GA,Jasper,0,7644,0,0,1761,5822,7644,medsl,0
2024,GA,Jasper,0,9118,0,0,1881,7203,9118,medsl,0
2004,GA,Jeff Davis,0,4844,0,0,1277,3549,4844,medsl,1
2008,GA,Jeff Davis,0,5278,0,0,1356,3867,5278,medsl,1
2012,GA,Jeff Davis,0,5336,0,0,1275,3996,5336,medsl,1
2016,GA,Jeff Davis,0,5096,0,0,901,4104,5096,medsl,1
2020,GA,Jeff Davis,0,5771,0,0,1028,4695,5771,medsl,1
2024,GA,Jeff Davis,0,5872,0,0,924,4935,5872,medsl,1
2004,GA,Jefferson,0,6535,0,0,3447,3066,6535,medsl,1
2008,GA,Jefferson,0,7234,0,0,4149,3061,7234,medsl,1
2012,GA,Jefferson,0,7298,0,0,4261,2999,7298,medsl,1
2016,GA,Jefferson,0,6968,0,0,3821,3063,6968,medsl,1
2020,GA,Jefferson,0,7642,0,0,4061,3537,7642,medsl,1
2024,GA,Jefferson,0,7463,0,0,3674,3765,7463,medsl,1
2004,GA,Jenkins,0,3403,0,0,1494,1898,3403,medsl,1
2008,GA,Jenkins,0,3440,0,0,1482,1936,3440,medsl,1
2012,GA,Jenkins,0,3390,0,0,1488,1887,3390,medsl,1
2016,GA,Jenkins,0,3056,0,0,1123,1895,3056,medsl,1
2020,GA,Jenkins,0,3455,0,0,1266,2161,3455,medsl,1
2024,GA,Jenkins,0,3409,0,0,1179,2217,3409,medsl,1
2004,GA,Johnson,0,3553,0,0,1263,2279,3553,medsl,1
2008,GA,Johnson,0,3647,0,0,1198,2426,3647,medsl,1
2012,GA,Johnson,0,3772,0,0,1305,2440,3772,medsl,1
2016,GA,Johnson,0,3686,0,0,1136,2519,3686,medsl,1
2020,GA,Johnson,0,4100,0,0,1222,2850,4100,medsl,1
2024,GA,Johnson,0,3984,0,0,1066,2913,3984,medsl,1
2004,GA,Jones,0,10845,0,0,3855,6939,10845,medsl,0
2008,GA,Jones,0,12438,0,0,4572,7782,12438,medsl,0
2012,GA,Jones,0,12105,0,0,4274,7744,12105,medsl,0
2016,GA,Jones,0,12551,0,0,3961,8305,12551,medsl,0
2020,GA,Jones,0,14966,0,0,4888,9965,14966,medsl,0
2024,GA,Jones,0,16092,0,0,4959,11079,16092,medsl,0
2004,GA,Lamar,0,6494,0,0,2432,4027,6494,medsl,0
2008,GA,Lamar,0,7688,0,0,2752,4873,7688,medsl,0
2012,GA,Lamar,0,7592,0,0,2602,4899,7592,medsl,0
2016,GA,Lamar,0,7612,0,0,2270,5190,7612,medsl,0
2020,GA,Lamar,0,9039,0,0,2615,6330,9039,medsl,0
2024,GA,Lamar,0,10412,0,0,2795,7575,10412,medsl,0
2004,GA,Lanier,0,2584,0,0,931,1641,2584,medsl,1
2008,GA,Lanier,0,2873,0,0,1062,1787,2873,medsl,1
2012,GA,Lanier,0,2972,0,0,1114,1820,2972,medsl,1
2016,GA,Lanier,0,2871,0,0,806,1984,2871,medsl,1
2020,GA,Lanier,0,3576,0,0,1019,2509,3576,medsl,1
2024,GA,Lanier,0,3736,0,0,995,2726,3736,medsl,1
2004,GA,Laurens,0,17237,0,0,6281,10883,17237,medsl,1
2008,GA,Laurens,0,19937,0,0,7769,12052,19937,medsl,1
2012,GA,Laurens,0,19604,0,0,7513,11950,19604,medsl,1
2016,GA,Laurens,0,19530,0,0,6752,12411,19530,medsl,1
2020,GA,Laurens,0,22729,0,0,8073,14493,22729,medsl,1
2024,GA,Laurens,0,23352,0,0,7820,15460,23352,medsl,1
2004,GA,Lee,0,10413,0,0,2182,8201,10413,medsl,0
2008,GA,Lee,0,13087,0,0,3100,9925,13087,medsl,0
2012,GA,Lee,0,13628,0,0,3196,10314,13628,medsl,0
2016,GA,Lee,0,14143,0,0,3170,10646,14143,medsl,0
2020,GA,Lee,0,16714,0,0,4558,12007,16714,medsl,0
2024,GA,Lee,0,17683,0,0,4957,12655,17683,medsl,0
2004,GA,Liberty,0,12800,0,0,6619,6131,12800,medsl,0
2008,GA,Liberty,0,16376,0,0,10474,5828,16376,medsl,0
2012,GA,Liberty,0,16170,0,0,10457,5565,16170,medsl,0
2016,GA,Liberty,0,16143,0,0,9556,6134,16143,medsl,0
2020,GA,Liberty,0,21389,0,0,13099,7959,21389,medsl,0
2024,GA,Liberty,0,23028,0,0,13459,9441,23028,medsl,0
2004,GA,Lincoln,0,3657,0,0,1337,2309,3657,medsl,1
2008,GA,Lincoln,0,4416,0,0,1650,2731,4416,medsl,1
2012,GA,Lincoln,0,4426,0,0,1586,2807,4426,medsl,1
2016,GA,Lincoln,0,4102,0,0,1273,2759,4102,medsl,1
2020,GA,Lincoln,0,4650,0,0,1435,3179,4650,medsl,1
2024,GA,Lincoln,0,4931,0,0,1351,3559,4931,medsl,1
2004,GA,Long,0,3036,0,0,1033,1994,3036,medsl,0
2008,GA,Long,0,3450,0,0,1288,2119,3450,medsl,0
2012,GA,Long,0,3802,0,0,1442,2306,3802,medsl,0
2016,GA,Long,0,4117,0,0,1360,2626,4117,medsl,0
2020,GA,Long,0,5656,0,0,2033,3528,5656,medsl,0
2024,GA,Long,0,7056,0,0,2476,4557,7056,medsl,0
2004,GA,Lowndes,0,31622,0,0,12516,18981,31622,medsl,1
2008,GA,Lowndes,0,39240,0,0,17651,21296,39240,medsl,1
2012,GA,Lowndes,0,39137,0,0,17470,21327,39137,medsl,1
2016,GA,Lowndes,0,37805,0,0,15064,21635,37805,medsl,1
2020,GA,Lowndes,0,46355,0,0,20117,25691,46355,medsl,1
2024,GA,Lowndes,0,47795,0,0,19487,28081,47795,medsl,1
2004,GA,Lumpkin,0,8855,0,0,2091,6690,8855,medsl,0
2008,GA,Lumpkin,0,11075,0,0,2586,8326,11075,medsl,0
2012,GA,Lumpkin,0,10905,0,0,2055,8647,10905,medsl,0
2016,GA,Lumpkin,0,12425,0,0,2220,9619,12425,medsl,0
2020,GA,Lumpkin,0,15531,0,0,3126,12163,15531,medsl,0
2024,GA,Lumpkin,0,17808,0,0,3356,14339,17808,medsl,0
2004,GA,Macon,0,4777,0,0,2906,1851,4777,medsl,1
2008,GA,Macon,0,4984,0,0,3251,1712,4984,medsl,1
2012,GA,Macon,0,4781,0,0,3211,1545,4781,medsl,1
2016,GA,Macon,0,4287,0,0,2705,1540,4287,medsl,1
2020,GA,Macon,0,4662,0,0,2857,1783,4662,medsl,1
2024,GA,Macon,0,4686,0,0,2755,1916,4686,medsl,1
2004,GA,Madison,0,9833,0,0,2527,7254,9833,medsl,0
2008,GA,Madison,0,11365,0,0,2965,8226,11365,medsl,0
2012,GA,Madison,0,11104,0,0,2494,8443,11104,medsl,0
2016,GA,Madison,0,11998,0,0,2425,9201,11998,medsl,0
2020,GA,Madison,0,14937,0,0,3411,11326,14937,medsl,0
2024,GA,Madison,0,16787,0,0,3753,12951,16787,medsl,0
2004,GA,Marion,0,2952,0,0,1275,1670,2952,medsl,1
2008,GA,Marion,0,3188,0,0,1381,1772,3188,medsl,1
2012,GA,Marion,0,3170,0,0,1412,1733,3170,medsl,1
2016,GA,Marion,0,3190,0,0,1213,1921,3190,medsl,1
2020,GA,Marion,0,3624,0,0,1311,2275,3624,medsl,1
2024,GA,Marion,0,3621,0,0,1253,2348,3621,medsl,1
2004,GA,Mcduffie,0,7773,0,0,2899,4846,7773,medsl,1
2008,GA,Mcduffie,0,9544,0,0,3989,5400,9544,medsl,1
2012,GA,Mcduffie,0,9592,0,0,4044,5475,9592,medsl,1
2016,GA,Mcduffie,0,9268,0,0,3699,5432,9268,medsl,1
2020,GA,Mcduffie,0,10455,0,0,4168,6169,10455,medsl,1
2024,GA,Mcduffie,0,10537,0,0,3937,6562,10537,medsl,1
2004,GA,Mcintosh,0,5378,0,0,2523,2837,5378,medsl,0
2008,GA,Mcintosh,0,6236,0,0,2905,3282,6236,medsl,0
2012,GA,Mcintosh,0,6341,0,0,2864,3409,6341,medsl,0
2016,GA,Mcintosh,0,5903,0,0,2303,3487,5903,medsl,0
2020,GA,Mcintosh,0,6696,0,0,2612,4016,6696,medsl,0
2024,GA,Mcintosh,0,7408,0,0,2628,4747,7408,medsl,0
2004,GA,Meriwether,0,8147,0,0,3709,4402,8147,medsl,0
2008,GA,Meriwether,0,9504,0,0,4465,4982,9504,medsl,0
2012,GA,Meriwether,0,9264,0,0,4331,4856,9264,medsl,0
2016,GA,Meriwether,0,9217,0,0,3804,5222,9217,medsl,0
2020,GA,Meriwether,0,10877,0,0,4287,6524,10877,medsl,0
2024,GA,Meriwether,0,11788,0,0,4373,7375,11788,medsl,0
2004,GA,Miller,0,2441,0,0,736,1694,2441,medsl,1
2008,GA,Miller,0,2738,0,0,818,1899,2738,medsl,1
2012,GA,Miller,0,2775,0,0,852,1905,2775,medsl,1
2016,GA,Miller,0,2544,0,0,623,1891,2544,medsl,1
2020,GA,Miller,0,2835,0,0,749,2066,2835,medsl,1
2024,GA,Miller,0,2724,0,0,670,2045,2724,medsl,1
2004,GA,Mitchell,0,7267,0,0,3360,3885,7267,medsl,1
2008,GA,Mitchell,0,8120,0,0,3872,4201,8120,medsl,1
2012,GA,Mitchell,0,8275,0,0,4081,4155,8275,medsl,1
2016,GA,Mitchell,0,7880,0,0,3493,4279,7880,medsl,1
2020,GA,Mitchell,0,8963,0,0,3995,4935,8963,medsl,1
2024,GA,Mitchell,0,8877,0,0,3701,5150,8877,medsl,1
2004,GA,Monroe,0,9783,0,0,3216,6522,9783,medsl,0
2008,GA,Monroe,0,12131,0,0,4106,7933,12131,medsl,0
2012,GA,Monroe,0,12277,0,0,3785,8361,12277,medsl,0
2016,GA,Monroe,0,12687,0,0,3571,8832,12687,medsl,0
2020,GA,Monroe,0,15592,0,0,4384,11060,15592,medsl,0
2024,GA,Monroe,0,17704,0,0,4689,12954,17704,medsl,0
2004,GA,Montgomery,0,3168,0,0,1007,2150,3168,medsl,1
2008,GA,Montgomery,0,3590,0,0,1045,2521,3590,medsl,1
2012,GA,Montgomery,0,3832,0,0,1135,2662,3832,medsl,1
2016,GA,Montgomery,0,3576,0,0,847,2670,3576,medsl,1
2020,GA,Montgomery,0,3966,0,0,979,2960,3966,medsl,1
2024,GA,Montgomery,0,3973,0,0,927,3033,3973,medsl,1
2004,GA,Morgan,0,7242,0,0,2304,4902,7242,medsl,0
2008,GA,Morgan,0,9151,0,0,3091,5987,9151,medsl,0
2012,GA,Morgan,0,9027,0,0,2753,6186,9027,medsl,0
2016,GA,Morgan,0,9475,0,0,2663,6559,9475,medsl,0
2020,GA,Morgan,0,11707,0,0,3355,8230,11707,medsl,0
2024,GA,Morgan,0,13181,0,0,3533,9589,13181,medsl,0
2004,GA,Murray,0,10689,0,0,2899,7745,10689,medsl,0
2008,GA,Murray,0,11382,0,0,3026,8180,11382,medsl,0
2012,GA,Murray,0,11217,0,0,2542,8443,11217,medsl,0
2016,GA,Murray,0,12458,0,0,1800,10341,12458,medsl,0
2020,GA,Murray,0,15389,0,0,2302,12943,15389,medsl,0
2024,GA,Murray,0,17468,0,0,2459,14965,17468,medsl,0
2004,GA,Muscogee,0,63948,0,0,32867,30850,63948,medsl,1
2008,GA,Muscogee,0,74065,0,0,44158,29568,74065,medsl,1
2012,GA,Muscogee,0,70603,0,0,42573,27510,70603,medsl,1
2016,GA,Muscogee,0,69032,0,0,39851,26976,69032,medsl,1
2020,GA,Muscogee,0,80543,0,0,49529,30049,80543,medsl,1
2024,GA,Muscogee,0,80491,0,0,49413,30616,80491,medsl,1
2004,GA,Newton,0,29166,0,0,10939,18095,29166,medsl,0
2008,GA,Newton,0,41435,0,0,20827,20337,41435,medsl,0
2012,GA,Newton,0,43234,0,0,21851,20982,43234,medsl,0
2016,GA,Newton,0,43987,0,0,21943,20913,43987,medsl,0
2020,GA,Newton,0,54239,0,0,29794,23869,54239,medsl,0
2024,GA,Newton,0,59051,0,0,33839,24893,59051,medsl,0
2004,GA,Oconee,0,14170,0,0,3789,10276,14170,medsl,0
2008,GA,Oconee,0,17132,0,0,4825,12120,17132,medsl,0
2012,GA,Oconee,0,17817,0,0,4421,13098,17817,medsl,0
2016,GA,Oconee,0,20149,0,0,5581,13425,20149,medsl,0
2020,GA,Oconee,0,25168,0,0,8162,16595,25168,medsl,0
2024,GA,Oconee,0,27287,0,0,8620,18424,27287,medsl,0
2004,GA,Oglethorpe,0,5628,0,0,1899,3688,5628,medsl,0
2008,GA,Oglethorpe,0,6447,0,0,2232,4144,6447,medsl,0
2012,GA,Oglethorpe,0,6273,0,0,1914,4251,6273,medsl,0
2016,GA,Oglethorpe,0,6674,0,0,1831,4625,6674,medsl,0
2020,GA,Oglethorpe,0,8131,0,0,2436,5593,8131,medsl,0
2024,GA,Oglethorpe,0,8822,0,0,2515,6255,8822,medsl,0
2004,GA,Paulding,0,40467,0,0,9420,30843,40467,medsl,0
2008,GA,Paulding,0,56985,0,0,17229,39192,56985,medsl,0
2012,GA,Paulding,0,57399,0,0,15825,40846,57399,medsl,0
2016,GA,Paulding,0,64890,0,0,18025,44662,64890,medsl,0
2020,GA,Paulding,0,85385,0,0,29704,54525,85385,medsl,0
2024,GA,Paulding,0,95196,0,0,35802,58769,95196,medsl,0
2004,GA,Peach,0,8545,0,0,3961,4554,8545,medsl,0
2008,GA,Peach,0,11165,0,0,5927,5173,11165,medsl,0
2012,GA,Peach,0,11516,0,0,6148,5287,11516,medsl,0
2016,GA,Peach,0,10752,0,0,5100,5413,10752,medsl,0
2020,GA,Peach,0,12545,0,0,5920,6502,12545,medsl,0
2024,GA,Peach,0,13454,0,0,6293,7104,13454,medsl,0
2004,GA,Pickens,0,10627,0,0,2444,8115,10627,medsl,0
2008,GA,Pickens,0,12786,0,0,2595,10004,12786,medsl,0
2012,GA,Pickens,0,12680,0,0,1975,10547,12680,medsl,0
2016,GA,Pickens,0,14038,0,0,1979,11651,14038,medsl,0
2020,GA,Pickens,0,17116,0,0,2808,14075,17116,medsl,0
2024,GA,Pickens,0,20915,0,0,3522,17281,20915,medsl,0
2004,GA,Pierce,0,5923,0,0,1234,4680,5923,medsl,1
2008,GA,Pierce,0,6791,0,0,1253,5500,6791,medsl,1
2012,GA,Pierce,0,6846,0,0,1124,5667,6846,medsl,1
2016,GA,Pierce,0,7311,0,0,903,6302,7311,medsl,1
2020,GA,Pierce,0,9048,0,0,1100,7899,9048,medsl,1
2024,GA,Pierce,0,9761,0,0,1089,8655,9761,medsl,1
2004,GA,Pike,0,6741,0,0,1506,5193,6741,medsl,0
2008,GA,Pike,0,8203,0,0,1575,6547,8203,medsl,0
2012,GA,Pike,0,8109,0,0,1356,6668,8109,medsl,0
2016,GA,Pike,0,8725,0,0,1240,7278,8725,medsl,0
2020,GA,Pike,0,10720,0,0,1505,9127,10720,medsl,0
2024,GA,Pike,0,12549,0,0,1648,10864,12549,medsl,0
2004,GA,Polk,0,12395,0,0,3868,8467,12395,medsl,0
2008,GA,Polk,0,14113,0,0,4052,9850,14113,medsl,0
2012,GA,Polk,0,13608,0,0,3615,9811,13608,medsl,0
2016,GA,Polk,0,14215,0,0,2867,11014,14215,medsl,0
2020,GA,Polk,0,17399,0,0,3658,13589,17399,medsl,0
2024,GA,Polk,0,19171,0,0,3749,15352,19171,medsl,0
2004,GA,Pulaski,0,3511,0,0,1294,2202,3511,medsl,0
2008,GA,Pulaski,0,3953,0,0,1377,2553,3953,medsl,0
2012,GA,Pulaski,0,3682,0,0,1219,2444,3682,medsl,0
2016,GA,Pulaski,0,3605,0,0,1104,2437,3605,medsl,0
2020,GA,Pulaski,0,4059,0,0,1217,2805,4059,medsl,0
2024,GA,Pulaski,0,4336,0,0,1281,3036,4336,medsl,0
2004,GA,Putnam,0,8107,0,0,2880,5188,8107,medsl,0
2008,GA,Putnam,0,9132,0,0,3102,5966,9132,medsl,0
2012,GA,Putnam,0,9222,0,0,2926,6215,9222,medsl,0
2016,GA,Putnam,0,9488,0,0,2758,6544,9488,medsl,0
2020,GA,Putnam,0,11855,0,0,3448,8291,11855,medsl,0
2024,GA,Putnam,0,12877,0,0,3696,9136,12877,medsl,0
2004,GA,Quitman,0,965,0,0,543,409,965,medsl,1
2008,GA,Quitman,0,1114,0,0,597,509,1114,medsl,1
2012,GA,Quitman,0,1128,0,0,612,510,1128,medsl,1
2016,GA,Quitman,0,1044,0,0,461,575,1044,medsl,1
2020,GA,Quitman,0,1106,0,0,497,604,1106,medsl,1
2024,GA,Quitman,0,1140,0,0,480,656,1140,medsl,1
2004,GA,Rabun,0,6625,0,0,1918,4650,6625,medsl,0
2008,GA,Rabun,0,7599,0,0,2001,5487,7599,medsl,0
2012,GA,Rabun,0,7463,0,0,1559,5754,7463,medsl,0
2016,GA,Rabun,0,7992,0,0,1444,6287,7992,medsl,0
2020,GA,Rabun,0,9568,0,0,1984,7474,9568,medsl,0
2024,GA,Rabun,0,10423,0,0,2222,8151,10423,medsl,0
2004,GA,Randolph,0,3047,0,0,1612,1418,3047,medsl,1
2008,GA,Randolph,0,3215,0,0,1833,1370,3215,medsl,1
2012,GA,Randolph,0,3058,0,0,1770,1271,3058,medsl,1
2016,GA,Randolph,0,2899,0,0,1598,1271,2899,medsl,1
2020,GA,Randolph,0,3074,0,0,1671,1391,3074,medsl,1
2024,GA,Randolph,0,2990,0,0,1601,1373,2990,medsl,1
2004,GA,Richmond,0,69282,0,0,39262,29764,69282,medsl,1
2008,GA,Richmond,0,79333,0,0,52100,26842,79333,medsl,1
2012,GA,Richmond,0,79020,0,0,52560,25845,79020,medsl,1
2016,GA,Richmond,0,75515,0,0,48814,24461,75515,medsl,1
2020,GA,Richmond,0,87016,0,0,59124,26781,87016,medsl,1
2024,GA,Richmond,0,83578,0,0,56657,26472,83578,medsl,1
2004,GA,Rockdale,0,31156,0,0,12136,18856,31156,medsl,0
2008,GA,Rockdale,0,37706,0,0,20526,16921,37706,medsl,0
2012,GA,Rockdale,0,38085,0,0,22023,15716,38085,medsl,0
2016,GA,Rockdale,0,37869,0,0,23255,13478,37869,medsl,0
2020,GA,Rockdale,0,44686,0,0,31244,13012,44686,medsl,0
2024,GA,Rockdale,0,45160,0,0,33165,11711,45160,medsl,0
2004,GA,Schley,0,1530,0,0,464,1063,1530,medsl,1
2008,GA,Schley,0,1738,0,0,479,1252,1738,medsl,1
2012,GA,Schley,0,1748,0,0,448,1286,1748,medsl,1
2016,GA,Schley,0,1909,0,0,401,1472,1909,medsl,1
2020,GA,Schley,0,2275,0,0,462,1800,2275,medsl,1
2024,GA,Schley,0,2428,0,0,453,1970,2428,medsl,1
2004,GA,Screven,0,5923,0,0,2534,3360,5923,medsl,1
2008,GA,Screven,0,6481,0,0,3024,3423,6481,medsl,1
2012,GA,Screven,0,6100,0,0,2774,3287,6100,medsl,1
2016,GA,Screven,0,5715,0,0,2300,3305,5715,medsl,1
2020,GA,Screven,0,6628,0,0,2661,3916,6628,medsl,1
2024,GA,Screven,0,6920,0,0,2581,4325,6920,medsl,1
2004,GA,Seminole,0,3274,0,0,1278,1977,3274,medsl,1
2008,GA,Seminole,0,3996,0,0,1660,2315,3996,medsl,1
2012,GA,Seminole,0,3769,0,0,1478,2245,3769,medsl,1
2016,GA,Seminole,0,3588,0,0,1189,2345,3588,medsl,1
2020,GA,Seminole,0,3884,0,0,1254,2611,3884,medsl,1
2024,GA,Seminole,0,4007,0,0,1191,2811,4007,medsl,1
2004,GA,Spalding,0,21007,0,0,7460,13461,21007,medsl,0
2008,GA,Spalding,0,25255,0,0,10141,14885,25255,medsl,0
2012,GA,Spalding,0,25088,0,0,9898,14911,25088,medsl,0
2016,GA,Spalding,0,25704,0,0,9357,15646,25704,medsl,0
2020,GA,Spalding,0,30116,0,0,11784,18057,30116,medsl,0
2024,GA,Spalding,0,33038,0,0,13679,19184,33038,medsl,0
2004,GA,Stephens,0,9660,0,0,2714,6904,9660,medsl,0
2008,GA,Stephens,0,10517,0,0,2705,7689,10517,medsl,0
2012,GA,Stephens,0,9498,0,0,2131,7221,9498,medsl,0
2016,GA,Stephens,0,9815,0,0,1837,7686,9815,medsl,0
2020,GA,Stephens,0,11885,0,0,2385,9368,11885,medsl,0
2024,GA,Stephens,0,13099,0,0,2404,10632,13099,medsl,0
2004,GA,Stewart,0,2031,0,0,1220,797,2031,medsl,0
2008,GA,Stewart,0,2105,0,0,1305,783,2105,medsl,0
2012,GA,Stewart,0,2076,0,0,1323,745,2076,medsl,0
2016,GA,Stewart,0,2058,0,0,1222,805,2058,medsl,0
2020,GA,Stewart,0,1990,0,0,1182,801,1990,medsl,0
2024,GA,Stewart,0,2028,0,0,1177,847,2028,medsl,0
2004,GA,Sumter,0,11287,0,0,5562,5688,11287,medsl,1
2008,GA,Sumter,0,12235,0,0,6454,5717,12235,medsl,1
2012,GA,Sumter,0,11831,0,0,6375,5378,11831,medsl,1
2016,GA,Sumter,0,10974,0,0,5520,5276,10974,medsl,1
2020,GA,Sumter,0,12150,0,0,6318,5732,12150,medsl,1
2024,GA,Sumter,0,12049,0,0,6136,5869,12049,medsl,1
2004,GA,Talbot,0,2943,0,0,1830,1103,2943,medsl,1
2008,GA,Talbot,0,3700,0,0,2369,1301,3700,medsl,1
2012,GA,Talbot,0,3491,0,0,2265,1202,3491,medsl,1
2016,GA,Talbot,0,3246,0,0,2002,1196,3246,medsl,1
2020,GA,Talbot,0,3522,0,0,2114,1392,3522,medsl,1
2024,GA,Talbot,0,3379,0,0,1888,1483,3379,medsl,1
2004,GA,Taliaferro,0,951,0,0,612,335,951,medsl,1
2008,GA,Taliaferro,0,990,0,0,643,339,990,medsl,1
2012,GA,Taliaferro,0,963,0,0,636,323,963,medsl,1
2016,GA,Taliaferro,0,897,0,0,545,349,897,medsl,1
2020,GA,Taliaferro,0,928,0,0,561,360,928,medsl,1
2024,GA,Taliaferro,0,884,0,0,507,375,884,medsl,1
2004,GA,Tattnall,0,6463,0,0,1787,4657,6463,medsl,1
2008,GA,Tattnall,0,6714,0,0,1932,4730,6714,medsl,1
2012,GA,Tattnall,0,6667,0,0,1897,4706,6667,medsl,1
2016,GA,Tattnall,0,6903,0,0,1681,5096,6903,medsl,1
2020,GA,Tattnall,0,8183,0,0,2061,6053,8183,medsl,1
2024,GA,Tattnall,0,8512,0,0,1967,6515,8512,medsl,1
2004,GA,Taylor,0,3381,0,0,1458,1912,3381,medsl,1
2008,GA,Taylor,0,3583,0,0,1536,2021,3583,medsl,1
2012,GA,Taylor,0,3538,0,0,1572,1948,3538,medsl,1
2016,GA,Taylor,0,3408,0,0,1296,2064,3408,medsl,1
2020,GA,Taylor,0,3839,0,0,1387,2418,3839,medsl,1
2024,GA,Taylor,0,3982,0,0,1366,2600,3982,medsl,1
2004,GA,Telfair,0,3775,0,0,1590,2171,3775,medsl,1
2008,GA,Telfair,0,4374,0,0,1862,2486,4374,medsl,1
2012,GA,Telfair,0,4336,0,0,1805,2480,4336,medsl,1
2016,GA,Telfair,0,3796,0,0,1313,2450,3796,medsl,1
2020,GA,Telfair,0,4333,0,0,1487,2825,4333,medsl,1
2024,GA,Telfair,0,4214,0,0,1274,2930,4214,medsl,1
2004,GA,Terrell,0,3824,0,0,1951,1859,3824,medsl,1
2008,GA,Terrell,0,4416,0,0,2501,1890,4416,medsl,1
2012,GA,Terrell,0,4398,0,0,2544,1834,4398,medsl,1
2016,GA,Terrell,0,4189,0,0,2267,1874,4189,medsl,1
2020,GA,Terrell,0,4416,0,0,2376,2004,4416,medsl,1
2024,GA,Terrell,0,4341,0,0,2253,2075,4341,medsl,1
2004,GA,Thomas,0,15705,0,0,5997,9659,15705,medsl,1
2008,GA,Thomas,0,18459,0,0,7720,10642,18459,medsl,1
2012,GA,Thomas,0,18953,0,0,7653,11156,18953,medsl,1
2016,GA,Thomas,0,18802,0,0,7142,11228,18802,medsl,1
2020,GA,Thomas,0,21853,0,0,8708,12954,21853,medsl,1
2024,GA,Thomas,0,22080,0,0,8347,13670,22080,medsl,1
2004,GA,Tift,0,12520,0,0,3864,8619,12520,medsl,0
2008,GA,Tift,0,14257,0,0,4749,9431,14257,medsl,0
2012,GA,Tift,0,13927,0,0,4660,9185,13927,medsl,0
2016,GA,Tift,0,14219,0,0,4347,9584,14219,medsl,0
2020,GA,Tift,0,16283,0,0,5322,10784,16283,medsl,0
2024,GA,Tift,0,16989,0,0,5438,11496,16989,medsl,0
2004,GA,Toombs,0,8813,0,0,2567,6196,8813,medsl,1
2008,GA,Toombs,0,9688,0,0,2964,6658,9688,medsl,1
2012,GA,Toombs,0,9344,0,0,2746,6524,9344,medsl,1
2016,GA,Toombs,0,9138,0,0,2338,6615,9138,medsl,1
2020,GA,Toombs,0,10914,0,0,2939,7872,10914,medsl,1
2024,GA,Toombs,0,10912,0,0,2674,8208,10912,medsl,1
2004,GA,Towns,0,5277,0,0,1430,3823,5277,medsl,0
2008,GA,Towns,0,5739,0,0,1391,4292,5739,medsl,0
2012,GA,Towns,0,6211,0,0,1273,4876,6211,medsl,0
2016,GA,Towns,0,6764,0,0,1210,5383,6764,medsl,0
2020,GA,Towns,0,7979,0,0,1550,6384,7979,medsl,0
2024,GA,Towns,0,8838,0,0,1649,7155,8838,medsl,0
2004,GA,Treutlen,0,2756,0,0,1052,1691,2756,medsl,1
2008,GA,Treutlen,0,2954,0,0,1112,1826,2954,medsl,1
2012,GA,Treutlen,0,2750,0,0,1074,1652,2750,medsl,1
2016,GA,Treutlen,0,2703,0,0,862,1809,2703,medsl,1
2020,GA,Treutlen,0,3077,0,0,952,2101,3077,medsl,1
2024,GA,Treutlen,0,3121,0,0,864,2250,3121,medsl,1
2004,GA,Troup,0,21912,0,0,7630,14183,21912,medsl,0
2008,GA,Troup,0,26028,0,0,10455,15391,26028,medsl,0
2012,GA,Troup,0,25986,0,0,10547,15179,25986,medsl,0
2016,GA,Troup,0,26111,0,0,9713,15750,26111,medsl,0
2020,GA,Troup,0,30049,0,0,11578,18143,30049,medsl,0
2024,GA,Troup,0,31304,0,0,11757,19392,31304,medsl,0
2004,GA,Turner,0,2960,0,0,1135,1815,2960,medsl,1
2008,GA,Turner,0,3553,0,0,1427,2096,3553,medsl,1
2012,GA,Turner,0,3559,0,0,1510,2028,3559,medsl,1
2016,GA,Turner,0,3398,0,0,1246,2095,3398,medsl,1
2020,GA,Turner,0,3792,0,0,1410,2349,3792,medsl,1
2024,GA,Turner,0,3833,0,0,1365,2457,3833,medsl,1
2004,GA,Twiggs,0,4365,0,0,2220,2112,4365,medsl,1
2008,GA,Twiggs,0,4519,0,0,2402,2087,4519,medsl,1
2012,GA,Twiggs,0,4202,0,0,2270,1907,4202,medsl,1
2016,GA,Twiggs,0,4059,0,0,1971,2035,4059,medsl,1
2020,GA,Twiggs,0,4444,0,0,2044,2370,4444,medsl,1
2024,GA,Twiggs,0,4456,0,0,1895,2549,4456,medsl,1
2004,GA,Union,0,9225,0,0,2327,6847,9225,medsl,0
2008,GA,Union,0,10634,0,0,2486,8013,10634,medsl,0
2012,GA,Union,0,11079,0,0,2139,8773,11079,medsl,0
2016,GA,Union,0,12063,0,0,1963,9852,12063,medsl,0
2020,GA,Union,0,15560,0,0,2801,12651,15560,medsl,0
2024,GA,Union,0,17880,0,0,3309,14477,17880,medsl,0
2004,GA,Upson,0,10086,0,0,3424,6634,10086,medsl,1
2008,GA,Upson,0,11421,0,0,4061,7291,11421,medsl,1
2012,GA,Upson,0,11263,0,0,3959,7230,11263,medsl,1
2016,GA,Upson,0,10934,0,0,3475,7292,10934,medsl,1
2020,GA,Upson,0,12905,0,0,4201,8608,12905,medsl,1
2024,GA,Upson,0,13662,0,0,4098,9528,13662,medsl,1
2004,GA,Walker,0,21453,0,0,5986,15340,21453,medsl,0
2008,GA,Walker,0,23542,0,0,6095,17110,23542,medsl,0
2012,GA,Walker,0,21896,0,0,5274,16247,21896,medsl,0
2016,GA,Walker,0,23956,0,0,4215,18950,23956,medsl,0
2020,GA,Walker,0,29354,0,0,5769,23174,29354,medsl,0
2024,GA,Walker,0,32086,0,0,6436,25462,32086,medsl,0
2004,GA,Walton,0,27624,0,0,5887,21594,27624,medsl,0
2008,GA,Walton,0,36026,0,0,8469,27253,36026,medsl,0
2012,GA,Walton,0,37612,0,0,8148,29036,37612,medsl,0
2016,GA,Walton,0,40698,0,0,8292,31125,40698,medsl,0
2020,GA,Walton,0,51095,0,0,12682,37842,51095,medsl,0
2024,GA,Walton,0,58376,0,0,15605,42407,58376,medsl,0
2004,GA,Ware,0,11281,0,0,3449,7790,11281,medsl,1
2008,GA,Ware,0,12416,0,0,4034,8311,12416,medsl,1
2012,GA,Ware,0,11939,0,0,3900,7941,11939,medsl,1
2016,GA,Ware,0,12184,0,0,3440,8513,12184,medsl,1
2020,GA,Ware,0,14192,0,0,4211,9865,14192,medsl,1
2024,GA,Ware,0,14392,0,0,4068,10279,14392,medsl,1
2004,GA,Warren,0,2489,0,0,1360,1121,2489,medsl,1
2008,GA,Warren,0,2660,0,0,1554,1087,2660,medsl,1
2012,GA,Warren,0,2526,0,0,1529,990,2526,medsl,1
2016,GA,Warren,0,2334,0,0,1314,991,2334,medsl,1
2020,GA,Warren,0,2651,0,0,1469,1166,2651,medsl,1
2024,GA,Warren,0,2592,0,0,1354,1232,2592,medsl,1
2004,GA,Washington,0,7847,0,0,3733,4081,7847,medsl,1
2008,GA,Washington,0,8863,0,0,4607,4216,8863,medsl,1
2012,GA,Washington,0,8808,0,0,4714,4035,8808,medsl,1
2016,GA,Washington,0,8461,0,0,4200,4149,8461,medsl,1
2020,GA,Washington,0,9459,0,0,4730,4663,9459,medsl,1
2024,GA,Washington,0,9493,0,0,4643,4824,9493,medsl,1
2004,GA,Wayne,0,9542,0,0,2683,6819,9542,medsl,0
2008,GA,Wayne,0,10560,0,0,2858,7601,10560,medsl,0
2012,GA,Wayne,0,10269,0,0,2596,7557,10269,medsl,0
2016,GA,Wayne,0,10413,0,0,2041,8153,10413,medsl,0
2020,GA,Wayne,0,12778,0,0,2687,9987,12778,medsl,0
2024,GA,Wayne,0,13561,0,0,2708,10811,13561,medsl,0
2004,GA,Webster,0,1004,0,0,515,485,1004,medsl,1
2008,GA,Webster,0,1111,0,0,515,588,1111,medsl,1
2012,GA,Webster,0,1187,0,0,582,601,1187,medsl,1
2016,GA,Webster,0,1116,0,0,473,630,1116,medsl,1
2020,GA,Webster,0,1390,0,0,639,748,1390,medsl,1
2024,GA,Webster,0,1336,0,0,544,790,1336,medsl,1
2004,GA,Wheeler,0,2049,0,0,847,1192,2049,medsl,1
2008,GA,Wheeler,0,2210,0,0,794,1408,2210,medsl,1
2012,GA,Wheeler,0,2160,0,0,772,1366,2160,medsl,1
2016,GA,Wheeler,0,2102,0,0,646,1421,2102,medsl,1
2020,GA,Wheeler,0,2285,0,0,689,1583,2285,medsl,1
2024,GA,Wheeler,0,2276,0,0,622,1648,2276,medsl,1
2004,GA,White,0,9483,0,0,2016,7403,9483,medsl,0
2008,GA,White,0,10761,0,0,2174,8467,10761,medsl,0
2012,GA,White,0,10488,0,0,1671,8651,10488,medsl,0
2016,GA,White,0,11823,0,0,1674,9761,11823,medsl,0
2020,GA,White,0,14816,0,0,2411,12222,14816,medsl,0
2024,GA,White,0,16825,0,0,2609,14136,16825,medsl,0
2004,GA,Whitfield,0,26356,0,0,6933,19297,26356,medsl,0
2008,GA,Whitfield,0,27677,0,0,8167,19230,27677,medsl,0
2012,GA,Whitfield,0,26876,0,0,7210,19305,26876,medsl,0
2016,GA,Whitfield,0,30658,0,0,7937,21537,30658,medsl,0
2020,GA,Whitfield,0,36746,0,0,10670,25636,36746,medsl,0
2024,GA,Whitfield,0,39828,0,0,10953,28655,39828,medsl,0
2004,GA,Wilcox,0,2613,0,0,902,1705,2613,medsl,1
2008,GA,Wilcox,0,3163,0,0,978,2159,3163,medsl,1
2012,GA,Wilcox,0,3129,0,0,1060,2053,3129,medsl,1
2016,GA,Wilcox,0,2976,0,0,852,2096,2976,medsl,1
2020,GA,Wilcox,0,3281,0,0,862,2403,3281,medsl,1
2024,GA,Wilcox,0,3347,0,0,847,2493,3347,medsl,1
2004,GA,Wilkes,0,4543,0,0,2028,2490,4543,medsl,1
2008,GA,Wilkes,0,5052,0,0,2315,2705,5052,medsl,1
2012,GA,Wilkes,0,4761,0,0,2087,2635,4761,medsl,1
2016,GA,Wilkes,0,4486,0,0,1848,2572,4486,medsl,1
2020,GA,Wilkes,0,5029,0,0,2160,2823,5029,medsl,1
2024,GA,Wilkes,0,5098,0,0,2112,2971,5098,medsl,1
2004,GA,Wilkinson,0,4514,0,0,2235,2261,4514,medsl,1
2008,GA,Wilkinson,0,4673,0,0,2298,2349,4673,medsl,1
2012,GA,Wilkinson,0,4450,0,0,2181,2246,4450,medsl,1
2016,GA,Wilkinson,0,4287,0,0,1894,2333,4287,medsl,1
2020,GA,Wilkinson,0,4770,0,0,2075,2664,4770,medsl,1
2024,GA,Wilkinson,0,4908,0,0,2012,2888,4908,medsl,1
2004,GA,Worth,0,7348,0,0,2219,5105,7348,medsl,1
2008,GA,Worth,0,8370,0,0,2542,5780,8370,medsl,1
2012,GA,Worth,0,8419,0,0,2487,5869,8419,medsl,1
2016,GA,Worth,0,8295,0,0,2020,6152,8295,medsl,1
2020,GA,Worth,0,9285,0,0,2395,6830,9285,medsl,1
2024,GA,Worth,0,9309,0,0,2300,6991,9309,medsl,1
2004,HI,Hawai'i County,87812,57994,18370,39624,35116,22032,57994,manual,1
2008,HI,Hawai'i County,99337,67258,27787,39471,50819,14866,67258,manual,1
2012,HI,Hawai'i County,104323,63812,31726,32086,47224,14753,63812,manual,1
2016,HI,Hawai'i County,113083,66021,39551,26470,41259,17501,66021,manual,1
2020,HI,Hawai'i County,127348,88608,83971,4637,58731,26897,88608,manual,1
2024,HI,Hawai'i County,135077,83686,76595,7091,52163,28748,83686,manual,1
2004,HI,Hawaii,0,57702,0,0,35116,22032,57702,medsl,1
2008,HI,Hawaii,0,66916,0,0,50819,14866,66916,medsl,1
2012,HI,Hawaii,0,63454,0,0,47224,14753,63454,medsl,1
2016,HI,Hawaii,0,64867,0,0,41259,17501,64867,medsl,1
2020,HI,Hawaii,0,87814,0,0,58731,26897,87814,medsl,1
2024,HI,Hawaii,0,82823,0,0,52163,28748,82823,medsl,1
2004,HI,Honolulu,0,298547,0,0,152500,144157,298547,medsl,1
2008,HI,Honolulu,0,306813,0,0,214239,88164,306813,medsl,1
2012,HI,Honolulu,0,296742,0,0,204349,88461,296742,medsl,1
2016,HI,Honolulu,0,285790,0,0,175696,90326,285790,medsl,1
2020,HI,Honolulu,0,382102,0,0,238866,136250,382102,medsl,1
2024,HI,Honolulu,0,340921,0,0,204301,130489,340921,medsl,1
2004,HI,Honolulu County,445253,300265,92047,208218,152500,144157,300265,manual,1
2008,HI,Honolulu County,466499,308443,116745,191698,214239,88164,308443,manual,1
2012,HI,Honolulu County,474554,298339,137803,160536,204349,88461,298339,manual,1
2016,HI,Honolulu County,498590,291446,153088,138358,175696,90326,291446,manual,1
2020,HI,Honolulu County,549935,385442,368238,17204,238869,136259,385442,manual,1
2024,HI,Honolulu County,562606,344411,321695,22716,204301,130489,344411,manual,1
2004,HI,Kaua'i County,36685,25187,9296,15891,14916,9740,25187,manual,1
2008,HI,Kaua'i County,40323,27497,11938,15559,20416,6245,27497,manual,1
2012,HI,Kaua'i County,40738,25617,12486,13131,18641,6121,25617,manual,1
2016,HI,Kaua'i County,44332,27225,15221,12004,16458,7574,27225,manual,1
2020,HI,Kaua'i County,47253,34081,31731,2350,21225,11582,34081,manual,1
2024,HI,Kaua'i County,48176,30566,27075,3491,17675,11803,30566,manual,1
2004,HI,Kauai,0,24876,0,0,14916,9740,24876,medsl,1
2008,HI,Kauai,0,27224,0,0,20416,6245,27224,medsl,1
2012,HI,Kauai,0,25372,0,0,18641,6121,25372,medsl,1
2016,HI,Kauai,0,26335,0,0,16456,7574,26335,medsl,1
2020,HI,Kauai,0,33497,0,0,21225,11582,33497,medsl,1
2024,HI,Kauai,0,30064,0,0,17675,11803,30064,medsl,1
2004,HI,Maui,0,47430,0,0,28803,18187,47430,medsl,1
2008,HI,Maui,0,51789,0,0,39727,11154,51789,medsl,1
2012,HI,Maui,0,48653,0,0,36052,11602,48653,medsl,1
2016,HI,Maui,0,51945,0,0,33480,13446,51945,medsl,1
2020,HI,Maui,0,71044,0,0,47305,22126,71044,medsl,1
2024,HI,Maui,0,62893,0,0,38905,22621,62893,medsl,1
2004,HI,Maui County,77488,47757,13610,34147,28803,18187,47757,manual,1
2008,HI,Maui County,85197,52039,18229,33810,39727,11154,52039,manual,1
2012,HI,Maui County,86053,48915,18061,30854,36052,11602,48915,manual,1
2016,HI,Maui County,93912,52972,26476,26496,33480,13446,52972,manual,1
2020,HI,Maui County,107930,71653,67653,4557,47305,22126,71653,manual,1
2024,HI,Maui County,115009,63573,57713,5860,38905,22621,63573,manual,1
2004,IA,Adair,0,4278,0,0,1844,2402,4278,medsl,1
2008,IA,Adair,0,4053,0,0,1924,2060,4053,medsl,1
2012,IA,Adair,0,3996,0,0,1790,2114,3996,medsl,1
2016,IA,Adair,0,3811,0,0,1133,2461,3811,medsl,1
2020,IA,Adair,0,4177,0,0,1198,2922,4177,medsl,1
2024,IA,Adair,0,4104,0,0,1086,2916,4104,medsl,1
2004,IA,Adams,0,2325,0,0,977,1317,2325,medsl,1
2008,IA,Adams,0,2206,0,0,1118,1046,2206,medsl,1
2012,IA,Adams,0,2185,0,0,1028,1108,2185,medsl,1
2016,IA,Adams,0,2106,0,0,565,1395,2106,medsl,1
2020,IA,Adams,0,2160,0,0,590,1535,2160,medsl,1
2024,IA,Adams,0,2153,0,0,576,1517,2153,medsl,1
2004,IA,Allamakee,0,7062,0,0,3449,3530,7062,medsl,1
2008,IA,Allamakee,0,7059,0,0,3971,2965,7059,medsl,1
2012,IA,Allamakee,0,6934,0,0,3553,3264,6934,medsl,1
2016,IA,Allamakee,0,6923,0,0,2421,4093,6923,medsl,1
2020,IA,Allamakee,0,7422,0,0,2576,4744,7422,medsl,1
2024,IA,Allamakee,0,7410,0,0,2350,4857,7410,medsl,1
2004,IA,Appanoose,0,6450,0,0,3063,3340,6450,medsl,1
2008,IA,Appanoose,0,6176,0,0,2970,3086,6176,medsl,1
2012,IA,Appanoose,0,6245,0,0,2951,3161,6245,medsl,1
2016,IA,Appanoose,0,6136,0,0,1814,4033,6136,medsl,1
2020,IA,Appanoose,0,6516,0,0,1891,4522,6516,medsl,1
2024,IA,Appanoose,0,6535,0,0,1686,4704,6535,medsl,1
2004,IA,Audubon,0,3592,0,0,1608,1958,3592,medsl,1
2008,IA,Audubon,0,3435,0,0,1739,1634,3435,medsl,1
2012,IA,Audubon,0,3457,0,0,1611,1802,3457,medsl,1
2016,IA,Audubon,0,3412,0,0,1080,2136,3412,medsl,1
2020,IA,Audubon,0,3420,0,0,1071,2299,3420,medsl,1
2024,IA,Audubon,0,3286,0,0,970,2214,3286,medsl,1
2004,IA,Benton,0,13501,0,0,6747,6658,13501,medsl,1
2008,IA,Benton,0,13712,0,0,7058,6447,13712,medsl,1
2012,IA,Benton,0,14023,0,0,6862,6940,14023,medsl,1
2016,IA,Benton,0,13844,0,0,4678,8232,13844,medsl,1
2020,IA,Benton,0,14642,0,0,5160,9208,14642,medsl,1
2024,IA,Benton,0,14593,0,0,4739,9549,14593,medsl,1
2004,IA,Black Hawk,0,63907,0,0,35392,28046,63907,medsl,1
2008,IA,Black Hawk,0,64775,0,0,39184,24662,64775,medsl,1
2012,IA,Black Hawk,0,67141,0,0,39821,26235,67141,medsl,1
2016,IA,Black Hawk,0,64405,0,0,32233,27476,64405,medsl,1
2020,IA,Black Hawk,0,66593,0,0,35647,29813,66593,medsl,1
2024,IA,Black Hawk,0,63279,0,0,31299,30572,63279,medsl,1
2004,IA,Boone,0,14009,0,0,7027,6870,14009,medsl,1
2008,IA,Boone,0,13929,0,0,7356,6293,13929,medsl,1
2012,IA,Boone,0,14388,0,0,7512,6556,14388,medsl,1
2016,IA,Boone,0,14196,0,0,5541,7484,14196,medsl,1
2020,IA,Boone,0,15340,0,0,6303,8729,15340,medsl,1
2024,IA,Boone,0,15520,0,0,5895,9199,15520,medsl,1
2004,IA,Bremer,0,12779,0,0,6025,6665,12779,medsl,1
2008,IA,Bremer,0,12871,0,0,6940,5741,12871,medsl,1
2012,IA,Bremer,0,13346,0,0,6763,6405,13346,medsl,1
2016,IA,Bremer,0,13538,0,0,5356,7208,13538,medsl,1
2020,IA,Bremer,0,14546,0,0,5958,8324,14546,medsl,1
2024,IA,Bremer,0,14673,0,0,5571,8799,14673,medsl,1
2004,IA,Buchanan,0,10475,0,0,5608,4797,10475,medsl,1
2008,IA,Buchanan,0,10338,0,0,6050,4139,10338,medsl,1
2012,IA,Buchanan,0,10535,0,0,5911,4450,10535,medsl,1
2016,IA,Buchanan,0,10252,0,0,3970,5510,10252,medsl,1
2020,IA,Buchanan,0,10774,0,0,4169,6430,10774,medsl,1
2024,IA,Buchanan,0,10856,0,0,3766,6790,10856,medsl,1
2004,IA,Buena Vista,0,8490,0,0,3520,4887,8490,medsl,1
2008,IA,Buena Vista,0,8418,0,0,4075,4223,8418,medsl,1
2012,IA,Buena Vista,0,8383,0,0,3700,4554,8383,medsl,1
2016,IA,Buena Vista,0,8278,0,0,2856,4903,8278,medsl,1
2020,IA,Buena Vista,0,8167,0,0,2961,5074,8167,medsl,1
2024,IA,Buena Vista,0,7593,0,0,2462,4962,7593,medsl,1
2004,IA,Butler,0,7475,0,0,3001,4417,7475,medsl,1
2008,IA,Butler,0,7166,0,0,3364,3700,7166,medsl,1
2012,IA,Butler,0,7545,0,0,3329,4106,7545,medsl,1
2016,IA,Butler,0,7513,0,0,2157,4921,7513,medsl,1
2020,IA,Butler,0,8098,0,0,2424,5556,8098,medsl,1
2024,IA,Butler,0,8102,0,0,2144,5784,8102,medsl,1
2004,IA,Calhoun,0,5542,0,0,2243,3255,5542,medsl,1
2008,IA,Calhoun,0,5195,0,0,2341,2741,5195,medsl,1
2012,IA,Calhoun,0,5230,0,0,2238,2891,5230,medsl,1
2016,IA,Calhoun,0,5159,0,0,1398,3468,5159,medsl,1
2020,IA,Calhoun,0,5258,0,0,1470,3698,5258,medsl,1
2024,IA,Calhoun,0,5121,0,0,1328,3708,5121,medsl,1
2004,IA,Carroll,0,10524,0,0,4689,5762,10524,medsl,1
2008,IA,Carroll,0,10387,0,0,5302,4922,10387,medsl,1
2012,IA,Carroll,0,10674,0,0,4947,5601,10674,medsl,1
2016,IA,Carroll,0,10544,0,0,3309,6638,10544,medsl,1
2020,IA,Carroll,0,11335,0,0,3454,7766,11335,medsl,1
2024,IA,Carroll,0,11209,0,0,3153,7814,11209,medsl,1
2004,IA,Cass,0,7543,0,0,2679,4796,7543,medsl,1
2008,IA,Cass,0,7350,0,0,3211,4006,7350,medsl,1
2012,IA,Cass,0,7205,0,0,2858,4217,7205,medsl,1
2016,IA,Cass,0,7125,0,0,1951,4761,7125,medsl,1
2020,IA,Cass,0,7276,0,0,2201,4979,7276,medsl,1
2024,IA,Cass,0,7292,0,0,2077,5007,7292,medsl,1
2004,IA,Cedar,0,9694,0,0,4747,4869,9694,medsl,1
2008,IA,Cedar,0,9665,0,0,5221,4289,9665,medsl,1
2012,IA,Cedar,0,9649,0,0,4972,4529,9649,medsl,1
2016,IA,Cedar,0,9541,0,0,3599,5295,9541,medsl,1
2020,IA,Cedar,0,10703,0,0,4337,6184,10703,medsl,1
2024,IA,Cedar,0,10709,0,0,4075,6390,10709,medsl,1
2004,IA,Cerro Gordo,0,24516,0,0,13372,10960,24516,medsl,1
2008,IA,Cerro Gordo,0,24140,0,0,14405,9375,24140,medsl,1
2012,IA,Cerro Gordo,0,23824,0,0,13316,10128,23824,medsl,1
2016,IA,Cerro Gordo,0,22965,0,0,9862,11621,22965,medsl,1
2020,IA,Cerro Gordo,0,23801,0,0,10941,12499,23801,medsl,1
2024,IA,Cerro Gordo,0,23152,0,0,9955,12627,23152,medsl,1
2004,IA,Cherokee,0,6796,0,0,2988,3758,6796,medsl,1
2008,IA,Cherokee,0,6365,0,0,2890,3372,6365,medsl,1
2012,IA,Cherokee,0,6415,0,0,2634,3662,6415,medsl,1
2016,IA,Cherokee,0,6258,0,0,1679,4192,6258,medsl,1
2020,IA,Cherokee,0,6518,0,0,1936,4510,6518,medsl,1
2024,IA,Cherokee,0,6143,0,0,1611,4398,6143,medsl,1
2004,IA,Chickasaw,0,6806,0,0,3708,3040,6806,medsl,1
2008,IA,Chickasaw,0,6583,0,0,3923,2557,6583,medsl,1
2012,IA,Chickasaw,0,6484,0,0,3554,2836,6484,medsl,1
2016,IA,Chickasaw,0,6435,0,0,2266,3742,6435,medsl,1
2020,IA,Chickasaw,0,6631,0,0,2233,4322,6631,medsl,1
2024,IA,Chickasaw,0,6277,0,0,1919,4234,6277,medsl,1
2004,IA,Clarke,0,4566,0,0,2323,2200,4566,medsl,1
2008,IA,Clarke,0,4443,0,0,2218,2118,4443,medsl,1
2012,IA,Clarke,0,4430,0,0,2189,2124,4430,medsl,1
2016,IA,Clarke,0,4454,0,0,1465,2713,4454,medsl,1
2020,IA,Clarke,0,4670,0,0,1466,3153,4670,medsl,1
2024,IA,Clarke,0,4552,0,0,1265,3140,4552,medsl,1
2004,IA,Clay,0,8588,0,0,3547,4898,8588,medsl,1
2008,IA,Clay,0,8398,0,0,3925,4355,8398,medsl,1
2012,IA,Clay,0,8502,0,0,3385,4951,8502,medsl,1
2016,IA,Clay,0,8617,0,0,2249,5877,8617,medsl,1
2020,IA,Clay,0,8969,0,0,2662,6158,8969,medsl,1
2024,IA,Clay,0,8609,0,0,2367,6047,8609,medsl,1
2004,IA,Clayton,0,9168,0,0,4736,4312,9168,medsl,1
2008,IA,Clayton,0,8989,0,0,5195,3651,8989,medsl,1
2012,IA,Clayton,0,9138,0,0,4806,4164,9138,medsl,1
2016,IA,Clayton,0,9129,0,0,3237,5317,9129,medsl,1
2020,IA,Clayton,0,9594,0,0,3340,6119,9594,medsl,1
2024,IA,Clayton,0,9461,0,0,3017,6255,9461,medsl,1
2004,IA,Clinton,0,24684,0,0,13813,10666,24684,medsl,1
2008,IA,Clinton,0,24719,0,0,15018,9324,24719,medsl,1
2012,IA,Clinton,0,25000,0,0,15141,9432,25000,medsl,1
2016,IA,Clinton,0,23067,0,0,10095,11276,23067,medsl,1
2020,IA,Clinton,0,24687,0,0,10812,13410,24687,medsl,1
2024,IA,Clinton,0,24026,0,0,9472,13964,24026,medsl,1
2004,IA,Crawford,0,7242,0,0,3220,3955,7242,medsl,1
2008,IA,Crawford,0,7191,0,0,3715,3345,7191,medsl,1
2012,IA,Crawford,0,6752,0,0,3066,3595,6752,medsl,1
2016,IA,Crawford,0,6935,0,0,1991,4617,6935,medsl,1
2020,IA,Crawford,0,7154,0,0,2220,4862,7154,medsl,1
2024,IA,Crawford,0,6605,0,0,1812,4651,6605,medsl,1
2004,IA,Dallas,0,26293,0,0,10917,15183,26293,medsl,0
2008,IA,Dallas,0,32640,0,0,15149,16954,32640,medsl,0
2012,IA,Dallas,0,38116,0,0,16576,20988,38116,medsl,0
2016,IA,Dallas,0,38252,0,0,15701,19339,38252,medsl,0
2020,IA,Dallas,0,56022,0,0,26879,28162,56022,medsl,0
2024,IA,Dallas,0,63330,0,0,29402,32374,63330,medsl,0
2004,IA,Davis,0,3918,0,0,1731,2148,3918,medsl,1
2008,IA,Davis,0,3815,0,0,1680,2029,3815,medsl,1
2012,IA,Davis,0,3773,0,0,1520,2138,3773,medsl,1
2016,IA,Davis,0,3882,0,0,977,2723,3882,medsl,1
2020,IA,Davis,0,4102,0,0,1013,3035,4102,medsl,1
2024,IA,Davis,0,3970,0,0,878,3027,3970,medsl,1
2004,IA,Decatur,0,4011,0,0,1859,2088,4011,medsl,1
2008,IA,Decatur,0,4102,0,0,1986,2020,4102,medsl,1
2012,IA,Decatur,0,3833,0,0,1791,1947,3833,medsl,1
2016,IA,Decatur,0,3734,0,0,1201,2296,3734,medsl,1
2020,IA,Decatur,0,3804,0,0,1120,2618,3804,medsl,1
2024,IA,Decatur,0,3754,0,0,957,2711,3754,medsl,1
2004,IA,Delaware,0,9200,0,0,4227,4908,9200,medsl,1
2008,IA,Delaware,0,8901,0,0,4649,4113,8901,medsl,1
2012,IA,Delaware,0,9378,0,0,4616,4636,9378,medsl,1
2016,IA,Delaware,0,9241,0,0,2957,5694,9241,medsl,1
2020,IA,Delaware,0,10003,0,0,3157,6688,10003,medsl,1
2024,IA,Delaware,0,10211,0,0,2978,6984,10211,medsl,1
2004,IA,Des Moines,0,20874,0,0,12456,8221,20874,medsl,1
2008,IA,Des Moines,0,20570,0,0,12462,7721,20570,medsl,1
2012,IA,Des Moines,0,20385,0,0,11888,8136,20385,medsl,1
2016,IA,Des Moines,0,19103,0,0,8212,9529,19103,medsl,1
2020,IA,Des Moines,0,19956,0,0,8893,10642,19956,medsl,1
2024,IA,Des Moines,0,19171,0,0,7935,10794,19171,medsl,1
2004,IA,Dickinson,0,9553,0,0,4140,5337,9553,medsl,1
2008,IA,Dickinson,0,9906,0,0,4625,5162,9906,medsl,1
2012,IA,Dickinson,0,10159,0,0,4095,5912,10159,medsl,1
2016,IA,Dickinson,0,10354,0,0,3056,6753,10354,medsl,1
2020,IA,Dickinson,0,11244,0,0,3661,7452,11244,medsl,1
2024,IA,Dickinson,0,11319,0,0,3297,7775,11319,medsl,1
2004,IA,Dubuque,0,47043,0,0,26561,20100,47043,medsl,1
2008,IA,Dubuque,0,47953,0,0,28611,18651,47953,medsl,1
2012,IA,Dubuque,0,50894,0,0,28768,21280,50894,medsl,1
2016,IA,Dubuque,0,49721,0,0,22850,23460,49721,medsl,1
2020,IA,Dubuque,0,53926,0,0,25657,27358,53926,medsl,1
2024,IA,Dubuque,0,53057,0,0,23705,28224,53057,medsl,1
2004,IA,Emmet,0,5156,0,0,2405,2697,5156,medsl,1
2008,IA,Emmet,0,5015,0,0,2570,2373,5015,medsl,1
2012,IA,Emmet,0,4687,0,0,2099,2507,4687,medsl,1
2016,IA,Emmet,0,4753,0,0,1357,3124,4753,medsl,1
2020,IA,Emmet,0,4853,0,0,1520,3268,4853,medsl,1
2024,IA,Emmet,0,4831,0,0,1315,3422,4831,medsl,1
2004,IA,Fayette,0,10392,0,0,5185,5128,10392,medsl,1
2008,IA,Fayette,0,10259,0,0,5908,4205,10259,medsl,1
2012,IA,Fayette,0,10366,0,0,5732,4492,10366,medsl,1
2016,IA,Fayette,0,9975,0,0,3689,5620,9975,medsl,1
2020,IA,Fayette,0,10186,0,0,3835,6174,10186,medsl,1
2024,IA,Fayette,0,9928,0,0,3334,6325,9928,medsl,1
2004,IA,Floyd,0,8167,0,0,4349,3745,8167,medsl,1
2008,IA,Floyd,0,8091,0,0,4822,3051,8091,medsl,1
2012,IA,Floyd,0,8257,0,0,4680,3472,8257,medsl,1
2016,IA,Floyd,0,8060,0,0,3179,4375,8060,medsl,1
2020,IA,Floyd,0,8032,0,0,3172,4747,8032,medsl,1
2024,IA,Floyd,0,7704,0,0,2782,4744,7704,medsl,1
2004,IA,Franklin,0,5521,0,0,2340,3128,5521,medsl,1
2008,IA,Franklin,0,5148,0,0,2575,2501,5148,medsl,1
2012,IA,Franklin,0,5186,0,0,2266,2823,5186,medsl,1
2016,IA,Franklin,0,4968,0,0,1493,3163,4968,medsl,1
2020,IA,Franklin,0,5130,0,0,1626,3433,5130,medsl,1
2024,IA,Franklin,0,4947,0,0,1393,3431,4947,medsl,1
2004,IA,Fremont,0,3911,0,0,1510,2362,3911,medsl,1
2008,IA,Fremont,0,3894,0,0,1848,1989,3894,medsl,1
2012,IA,Fremont,0,3668,0,0,1637,1972,3668,medsl,1
2016,IA,Fremont,0,3595,0,0,963,2407,3595,medsl,1
2020,IA,Fremont,0,3857,0,0,1080,2717,3857,medsl,1
2024,IA,Fremont,0,3814,0,0,1023,2711,3814,medsl,1
2004,IA,Greene,0,5113,0,0,2459,2618,5113,medsl,1
2008,IA,Greene,0,4804,0,0,2371,2349,4804,medsl,1
2012,IA,Greene,0,4846,0,0,2375,2380,4846,medsl,1
2016,IA,Greene,0,4821,0,0,1691,2820,4821,medsl,1
2020,IA,Greene,0,5057,0,0,1769,3229,5057,medsl,1
2024,IA,Greene,0,4968,0,0,1603,3211,4968,medsl,1
2004,IA,Grundy,0,6849,0,0,2386,4429,6849,medsl,1
2008,IA,Grundy,0,6828,0,0,2790,3945,6828,medsl,1
2012,IA,Grundy,0,6962,0,0,2635,4215,6962,medsl,1
2016,IA,Grundy,0,6872,0,0,1856,4527,6872,medsl,1
2020,IA,Grundy,0,7276,0,0,2206,4945,7276,medsl,1
2024,IA,Grundy,0,7202,0,0,2019,4998,7202,medsl,1
2004,IA,Guthrie,0,5994,0,0,2614,3325,5994,medsl,1
2008,IA,Guthrie,0,5847,0,0,2625,3074,5847,medsl,1
2012,IA,Guthrie,0,5888,0,0,2569,3171,5888,medsl,1
2016,IA,Guthrie,0,5750,0,0,1732,3628,5750,medsl,1
2020,IA,Guthrie,0,6371,0,0,1985,4280,6371,medsl,1
2024,IA,Guthrie,0,6606,0,0,1974,4446,6606,medsl,1
2004,IA,Hamilton,0,8335,0,0,3895,4367,8335,medsl,1
2008,IA,Hamilton,0,8078,0,0,4018,3913,8078,medsl,1
2012,IA,Hamilton,0,7927,0,0,3782,3991,7927,medsl,1
2016,IA,Hamilton,0,7694,0,0,2726,4463,7694,medsl,1
2020,IA,Hamilton,0,7943,0,0,2843,4982,7943,medsl,1
2024,IA,Hamilton,0,7643,0,0,2482,5004,7643,medsl,1
2004,IA,Hancock,0,5905,0,0,2484,3368,5905,medsl,1
2008,IA,Hancock,0,5930,0,0,2805,3016,5930,medsl,1
2012,IA,Hancock,0,5925,0,0,2521,3317,5925,medsl,1
2016,IA,Hancock,0,5871,0,0,1587,3977,5871,medsl,1
2020,IA,Hancock,0,6172,0,0,1683,4401,6172,medsl,1
2024,IA,Hancock,0,5979,0,0,1523,4336,5979,medsl,1
2004,IA,Hardin,0,8949,0,0,4015,4875,8949,medsl,1
2008,IA,Hardin,0,8859,0,0,4393,4315,8859,medsl,1
2012,IA,Hardin,0,8898,0,0,4075,4670,8898,medsl,1
2016,IA,Hardin,0,8533,0,0,2787,5254,8533,medsl,1
2020,IA,Hardin,0,8989,0,0,2976,5864,8989,medsl,1
2024,IA,Hardin,0,8538,0,0,2553,5790,8538,medsl,1
2004,IA,Harrison,0,7680,0,0,2906,4680,7680,medsl,1
2008,IA,Harrison,0,7578,0,0,3555,3909,7578,medsl,1
2012,IA,Harrison,0,7322,0,0,3136,4065,7322,medsl,1
2016,IA,Harrison,0,7465,0,0,2131,4902,7465,medsl,1
2020,IA,Harrison,0,8155,0,0,2440,5580,8155,medsl,1
2024,IA,Harrison,0,8015,0,0,2245,5566,8015,medsl,1
2004,IA,Henry,0,9457,0,0,4127,5220,9457,medsl,1
2008,IA,Henry,0,9377,0,0,4349,4822,9377,medsl,1
2012,IA,Henry,0,9697,0,0,4460,5035,9697,medsl,1
2016,IA,Henry,0,9404,0,0,2904,5779,9404,medsl,1
2020,IA,Henry,0,9982,0,0,3275,6525,9982,medsl,1
2024,IA,Henry,0,9673,0,0,2995,6439,9673,medsl,1
2004,IA,Howard,0,4697,0,0,2614,2028,4697,medsl,1
2008,IA,Howard,0,4728,0,0,2941,1722,4728,medsl,1
2012,IA,Howard,0,4645,0,0,2768,1795,4645,medsl,1
2016,IA,Howard,0,4559,0,0,1677,2611,4559,medsl,1
2020,IA,Howard,0,4958,0,0,1772,3133,4958,medsl,1
2024,IA,Howard,0,4884,0,0,1619,3157,4884,medsl,1
2004,IA,Humboldt,0,5350,0,0,2146,3162,5350,medsl,1
2008,IA,Humboldt,0,5122,0,0,2160,2895,5122,medsl,1
2012,IA,Humboldt,0,5158,0,0,1972,3099,5158,medsl,1
2016,IA,Humboldt,0,5087,0,0,1252,3568,5087,medsl,1
2020,IA,Humboldt,0,5327,0,0,1442,3825,5327,medsl,1
2024,IA,Humboldt,0,5135,0,0,1236,3770,5135,medsl,1
2004,IA,Ida,0,3774,0,0,1415,2342,3774,medsl,1
2008,IA,Ida,0,3547,0,0,1454,2036,3547,medsl,1
2012,IA,Ida,0,3663,0,0,1321,2286,3663,medsl,1
2016,IA,Ida,0,3612,0,0,792,2655,3612,medsl,1
2020,IA,Ida,0,3849,0,0,917,2885,3849,medsl,1
2024,IA,Ida,0,3671,0,0,826,2771,3671,medsl,1
2004,IA,Iowa,0,8454,0,0,3841,4544,8454,medsl,1
2008,IA,Iowa,0,8546,0,0,4202,4188,8546,medsl,1
2012,IA,Iowa,0,8866,0,0,4144,4569,8866,medsl,1
2016,IA,Iowa,0,8904,0,0,3084,5205,8904,medsl,1
2020,IA,Iowa,0,9742,0,0,3547,6035,9742,medsl,1
2024,IA,Iowa,0,9704,0,0,3400,6068,9704,medsl,1
2004,IA,Jackson,0,10011,0,0,5656,4242,10011,medsl,1
2008,IA,Jackson,0,9955,0,0,6102,3673,9955,medsl,1
2012,IA,Jackson,0,10242,0,0,5907,4177,10242,medsl,1
2016,IA,Jackson,0,10310,0,0,3837,5824,10310,medsl,1
2020,IA,Jackson,0,11135,0,0,4029,6957,11135,medsl,1
2024,IA,Jackson,0,10849,0,0,3567,7074,10849,medsl,1
2004,IA,Jasper,0,20062,0,0,10430,9462,20062,medsl,1
2008,IA,Jasper,0,19421,0,0,10250,8794,19421,medsl,1
2012,IA,Jasper,0,19515,0,0,10257,8877,19515,medsl,1
2016,IA,Jasper,0,19034,0,0,7109,10560,19034,medsl,1
2020,IA,Jasper,0,20184,0,0,7737,12125,20184,medsl,1
2024,IA,Jasper,0,20306,0,0,7141,12701,20306,medsl,1
2004,IA,Jefferson,0,8281,0,0,4490,3648,8281,medsl,1
2008,IA,Jefferson,0,8631,0,0,5070,3324,8631,medsl,1
2012,IA,Jefferson,0,8530,0,0,4798,3436,8530,medsl,1
2016,IA,Jefferson,0,8156,0,0,3710,3748,8156,medsl,1
2020,IA,Jefferson,0,8959,0,0,4319,4476,8959,medsl,1
2024,IA,Jefferson,0,8454,0,0,3788,4353,8454,medsl,1
2004,IA,Johnson,0,65373,0,0,41847,22715,65373,medsl,1
2008,IA,Johnson,0,72975,0,0,51027,20732,72975,medsl,1
2012,IA,Johnson,0,75977,0,0,50666,23698,75977,medsl,1
2016,IA,Johnson,0,76940,0,0,50200,21044,76940,medsl,1
2020,IA,Johnson,0,83851,0,0,59177,23206,83851,medsl,1
2024,IA,Johnson,0,87107,0,0,58846,26087,87107,medsl,1
2004,IA,Jones,0,9978,0,0,5054,4834,9978,medsl,1
2008,IA,Jones,0,10004,0,0,5446,4405,10004,medsl,1
2012,IA,Jones,0,10449,0,0,5534,4721,10449,medsl,1
2016,IA,Jones,0,10133,0,0,3787,5720,10133,medsl,1
2020,IA,Jones,0,10989,0,0,4213,6596,10989,medsl,1
2024,IA,Jones,0,11054,0,0,3942,6820,11054,medsl,1
2004,IA,Keokuk,0,5480,0,0,2294,3119,5480,medsl,1
2008,IA,Keokuk,0,5361,0,0,2518,2712,5361,medsl,1
2012,IA,Keokuk,0,5266,0,0,2303,2843,5266,medsl,1
2016,IA,Keokuk,0,4985,0,0,1342,3390,4985,medsl,1
2020,IA,Keokuk,0,5303,0,0,1414,3809,5303,medsl,1
2024,IA,Keokuk,0,5182,0,0,1219,3869,5182,medsl,1
2004,IA,Kossuth,0,9258,0,0,4132,5042,9258,medsl,1
2008,IA,Kossuth,0,9097,0,0,4625,4329,9097,medsl,1
2012,IA,Kossuth,0,8923,0,0,3850,4937,8923,medsl,1
2016,IA,Kossuth,0,8607,0,0,2543,5653,8607,medsl,1
2020,IA,Kossuth,0,9090,0,0,2696,6288,9090,medsl,1
2024,IA,Kossuth,0,8450,0,0,2284,5983,8450,medsl,1
2004,IA,Lee,0,17858,0,0,10152,7472,17858,medsl,1
2008,IA,Lee,0,17224,0,0,9821,7062,17224,medsl,1
2012,IA,Lee,0,18911,0,0,10714,7785,18911,medsl,1
2016,IA,Lee,0,16151,0,0,6215,8803,16151,medsl,1
2020,IA,Lee,0,16734,0,0,6541,9808,16734,medsl,1
2024,IA,Lee,0,16311,0,0,5659,10152,16311,medsl,1
2004,IA,Linn,0,110740,0,0,60442,49442,110740,medsl,1
2008,IA,Linn,0,113355,0,0,68037,43626,113355,medsl,1
2012,IA,Linn,0,118453,0,0,68581,47622,118453,medsl,1
2016,IA,Linn,0,117098,0,0,58935,48390,117098,medsl,1
2020,IA,Linn,0,127458,0,0,70874,53744,127458,medsl,1
2024,IA,Linn,0,123750,0,0,66358,54237,123750,medsl,1
2004,IA,Louisa,0,4916,0,0,2297,2572,4916,medsl,1
2008,IA,Louisa,0,4920,0,0,2523,2314,4920,medsl,1
2012,IA,Louisa,0,4968,0,0,2452,2420,4968,medsl,1
2016,IA,Louisa,0,5008,0,0,1648,3069,5008,medsl,1
2020,IA,Louisa,0,5332,0,0,1726,3506,5332,medsl,1
2024,IA,Louisa,0,5178,0,0,1480,3584,5178,medsl,1
2004,IA,Lucas,0,4571,0,0,1987,2543,4571,medsl,1
2008,IA,Lucas,0,4471,0,0,2029,2330,4471,medsl,1
2012,IA,Lucas,0,4323,0,0,1987,2254,4323,medsl,1
2016,IA,Lucas,0,4354,0,0,1239,2877,4354,medsl,1
2020,IA,Lucas,0,4630,0,0,1284,3295,4630,medsl,1
2024,IA,Lucas,0,4676,0,0,1169,3400,4676,medsl,1
2004,IA,Lyon,0,6101,0,0,1303,4751,6101,medsl,1
2008,IA,Lyon,0,6217,0,0,1675,4471,6217,medsl,1
2012,IA,Lyon,0,6509,0,0,1423,4978,6509,medsl,1
2016,IA,Lyon,0,6377,0,0,920,5192,6377,medsl,1
2020,IA,Lyon,0,6863,0,0,1067,5718,6863,medsl,1
2024,IA,Lyon,0,7046,0,0,1023,5899,7046,medsl,1
2004,IA,Madison,0,8004,0,0,3380,4538,8004,medsl,1
2008,IA,Madison,0,8480,0,0,3733,4579,8480,medsl,1
2012,IA,Madison,0,8458,0,0,3630,4638,8458,medsl,1
2016,IA,Madison,0,8636,0,0,2678,5360,8636,medsl,1
2020,IA,Madison,0,9824,0,0,3134,6525,9824,medsl,1
2024,IA,Madison,0,10117,0,0,3008,6864,10117,medsl,1
2004,IA,Mahaska,0,10728,0,0,3790,6858,10728,medsl,1
2008,IA,Mahaska,0,10932,0,0,4464,6271,10932,medsl,1
2012,IA,Mahaska,0,10883,0,0,4213,6448,10883,medsl,1
2016,IA,Mahaska,0,10632,0,0,2619,7432,10632,medsl,1
2020,IA,Mahaska,0,11404,0,0,2894,8320,11404,medsl,1
2024,IA,Mahaska,0,11017,0,0,2577,8207,11017,medsl,1
2004,IA,Marion,0,16696,0,0,6574,9990,16696,medsl,1
2008,IA,Marion,0,17030,0,0,7421,9256,17030,medsl,1
2012,IA,Marion,0,17687,0,0,7507,9828,17687,medsl,1
2016,IA,Marion,0,17816,0,0,5482,10962,17816,medsl,1
2020,IA,Marion,0,19232,0,0,6178,12722,19232,medsl,1
2024,IA,Marion,0,19661,0,0,5928,13289,19661,medsl,1
2004,IA,Marshall,0,19164,0,0,9443,9557,19164,medsl,1
2008,IA,Marshall,0,18657,0,0,10023,8278,18657,medsl,1
2012,IA,Marshall,0,19064,0,0,10257,8472,19064,medsl,1
2016,IA,Marshall,0,17980,0,0,7652,9146,17980,medsl,1
2020,IA,Marshall,0,18136,0,0,8176,9610,18136,medsl,1
2024,IA,Marshall,0,17406,0,0,7134,9815,17406,medsl,1
2004,IA,Mills,0,6940,0,0,2308,4556,6940,medsl,1
2008,IA,Mills,0,7282,0,0,2976,4183,7282,medsl,1
2012,IA,Mills,0,7212,0,0,2848,4216,7212,medsl,1
2016,IA,Mills,0,7698,0,0,2090,5067,7698,medsl,1
2020,IA,Mills,0,8268,0,0,2508,5616,8268,medsl,1
2024,IA,Mills,0,8329,0,0,2456,5671,8329,medsl,1
2004,IA,Mitchell,0,5480,0,0,2785,2646,5480,medsl,1
2008,IA,Mitchell,0,5766,0,0,3179,2469,5766,medsl,1
2012,IA,Mitchell,0,5586,0,0,2831,2643,5586,medsl,1
2016,IA,Mitchell,0,5417,0,0,1888,3190,5417,medsl,1
2020,IA,Mitchell,0,5822,0,0,2053,3684,5822,medsl,1
2024,IA,Mitchell,0,5796,0,0,1943,3736,5796,medsl,1
2004,IA,Monona,0,5018,0,0,2397,2575,5018,medsl,1
2008,IA,Monona,0,4796,0,0,2295,2411,4796,medsl,1
2012,IA,Monona,0,4742,0,0,2101,2557,4742,medsl,1
2016,IA,Monona,0,4572,0,0,1247,3120,4572,medsl,1
2020,IA,Monona,0,4728,0,0,1407,3262,4728,medsl,1
2024,IA,Monona,0,4669,0,0,1236,3331,4669,medsl,1
2004,IA,Monroe,0,3963,0,0,1855,2067,3963,medsl,1
2008,IA,Monroe,0,3873,0,0,1798,2000,3873,medsl,1
2012,IA,Monroe,0,3830,0,0,1731,2026,3830,medsl,1
2016,IA,Monroe,0,3865,0,0,1056,2638,3865,medsl,1
2020,IA,Monroe,0,4088,0,0,1078,2978,4088,medsl,1
2024,IA,Monroe,0,4185,0,0,1002,3104,4185,medsl,1
2004,IA,Montgomery,0,5556,0,0,1899,3601,5556,medsl,1
2008,IA,Montgomery,0,5287,0,0,2326,2887,5287,medsl,1
2012,IA,Montgomery,0,5025,0,0,1922,3001,5025,medsl,1
2016,IA,Montgomery,0,5044,0,0,1314,3436,5044,medsl,1
2020,IA,Montgomery,0,5327,0,0,1583,3666,5327,medsl,1
2024,IA,Montgomery,0,5105,0,0,1508,3486,5105,medsl,1
2004,IA,Muscatine,0,18717,0,0,9542,9020,18717,medsl,1
2008,IA,Muscatine,0,19119,0,0,10920,7929,19119,medsl,1
2012,IA,Muscatine,0,19865,0,0,11323,8168,19865,medsl,1
2016,IA,Muscatine,0,19434,0,0,8368,9584,19434,medsl,1
2020,IA,Muscatine,0,20671,0,0,9372,10865,20671,medsl,1
2024,IA,Muscatine,0,19873,0,0,8212,11152,19873,medsl,1
2004,IA,O'Brien,0,7731,0,0,2330,5328,7731,medsl,1
2008,IA,O'Brien,0,7333,0,0,2338,4894,7333,medsl,1
2012,IA,O'Brien,0,7341,0,0,1969,5266,7341,medsl,1
2016,IA,O'Brien,0,7406,0,0,1315,5752,7406,medsl,1
2020,IA,O'Brien,0,7551,0,0,1569,5871,7551,medsl,1
2024,IA,O'Brien,0,7569,0,0,1428,5998,7569,medsl,1
2004,IA,Osceola,0,3266,0,0,934,2295,3266,medsl,1
2008,IA,Osceola,0,3127,0,0,1037,2027,3127,medsl,1
2012,IA,Osceola,0,3194,0,0,912,2230,3194,medsl,1
2016,IA,Osceola,0,3213,0,0,552,2531,3213,medsl,1
2020,IA,Osceola,0,3328,0,0,601,2695,3328,medsl,1
2024,IA,Osceola,0,3245,0,0,555,2623,3245,medsl,1
2004,IA,Page,0,7513,0,0,2211,5243,7513,medsl,1
2008,IA,Page,0,7356,0,0,2900,4351,7356,medsl,1
2012,IA,Page,0,7079,0,0,2613,4348,7079,medsl,1
2016,IA,Page,0,7044,0,0,1807,4893,7044,medsl,1
2020,IA,Page,0,7528,0,0,2086,5328,7528,medsl,1
2024,IA,Page,0,7419,0,0,2060,5153,7419,medsl,1
2004,IA,Palo Alto,0,5191,0,0,2482,2674,5191,medsl,1
2008,IA,Palo Alto,0,4806,0,0,2428,2294,4806,medsl,1
2012,IA,Palo Alto,0,4887,0,0,2139,2660,4887,medsl,1
2016,IA,Palo Alto,0,4703,0,0,1398,3081,4703,medsl,1
2020,IA,Palo Alto,0,4958,0,0,1519,3378,4958,medsl,1
2024,IA,Palo Alto,0,5013,0,0,1338,3576,5013,medsl,1
2004,IA,Plymouth,0,12222,0,0,4278,7810,12222,medsl,1
2008,IA,Plymouth,0,12512,0,0,4629,7765,12512,medsl,1
2012,IA,Plymouth,0,12950,0,0,4164,8597,12950,medsl,1
2016,IA,Plymouth,0,13190,0,0,2885,9680,13190,medsl,1
2020,IA,Plymouth,0,14188,0,0,3494,10515,14188,medsl,1
2024,IA,Plymouth,0,14084,0,0,3104,10661,14084,medsl,1
2004,IA,Pocahontas,0,4313,0,0,1822,2441,4313,medsl,1
2008,IA,Pocahontas,0,4011,0,0,1800,2138,4011,medsl,1
2012,IA,Pocahontas,0,4032,0,0,1523,2396,4032,medsl,1
2016,IA,Pocahontas,0,3865,0,0,963,2702,3865,medsl,1
2020,IA,Pocahontas,0,3823,0,0,933,2832,3823,medsl,1
2024,IA,Pocahontas,0,3600,0,0,796,2727,3600,medsl,1
2004,IA,Polk,0,202618,0,0,105218,95828,202618,medsl,1
2008,IA,Polk,0,214386,0,0,120984,89668,214386,medsl,1
2012,IA,Polk,0,228882,0,0,128465,96096,228882,medsl,1
2016,IA,Polk,0,231555,0,0,119804,93492,231555,medsl,1
2020,IA,Polk,0,258755,0,0,146250,107564,258755,medsl,1
2024,IA,Polk,0,258067,0,0,140075,112240,258067,medsl,1
2004,IA,Pottawattamie,0,41820,0,0,16906,24558,41820,medsl,1
2008,IA,Pottawattamie,0,42320,0,0,20436,21237,42320,medsl,1
2012,IA,Pottawattamie,0,42301,0,0,19644,21860,42301,medsl,1
2016,IA,Pottawattamie,0,42680,0,0,15355,24447,42680,medsl,1
2020,IA,Pottawattamie,0,45744,0,0,18575,26352,45744,medsl,1
2024,IA,Pottawattamie,0,44766,0,0,17468,26335,44766,medsl,1
2004,IA,Poweshiek,0,10091,0,0,5043,4965,10091,medsl,1
2008,IA,Poweshiek,0,10031,0,0,5519,4340,10031,medsl,1
2012,IA,Poweshiek,0,9975,0,0,5357,4424,9975,medsl,1
2016,IA,Poweshiek,0,9833,0,0,4304,4946,9833,medsl,1
2020,IA,Poweshiek,0,10140,0,0,4306,5673,10140,medsl,1
2024,IA,Poweshiek,0,10069,0,0,4067,5758,10069,medsl,1
2004,IA,Ringgold,0,2778,0,0,1286,1466,2778,medsl,1
2008,IA,Ringgold,0,2689,0,0,1236,1401,2689,medsl,1
2012,IA,Ringgold,0,2599,0,0,1186,1368,2599,medsl,1
2016,IA,Ringgold,0,2707,0,0,753,1824,2707,medsl,1
2020,IA,Ringgold,0,2714,0,0,709,1974,2714,medsl,1
2024,IA,Ringgold,0,2711,0,0,638,2015,2711,medsl,1
2004,IA,Sac,0,5374,0,0,2215,3128,5374,medsl,1
2008,IA,Sac,0,5053,0,0,2256,2705,5053,medsl,1
2012,IA,Sac,0,5291,0,0,2122,3094,5291,medsl,1
2016,IA,Sac,0,5212,0,0,1270,3703,5212,medsl,1
2020,IA,Sac,0,5535,0,0,1389,4069,5535,medsl,1
2024,IA,Sac,0,5498,0,0,1289,4100,5498,medsl,1
2004,IA,Scott,0,82722,0,0,42122,39958,82722,medsl,1
2008,IA,Scott,0,86371,0,0,48927,36365,86371,medsl,1
2012,IA,Scott,0,90263,0,0,50652,38251,90263,medsl,1
2016,IA,Scott,0,86220,0,0,40440,39149,86220,medsl,1
2020,IA,Scott,0,92599,0,0,46926,43958,92599,medsl,1
2024,IA,Scott,0,90612,0,0,42479,45976,90612,medsl,1
2004,IA,Shelby,0,6670,0,0,2355,4256,6670,medsl,1
2008,IA,Shelby,0,6453,0,0,2863,3488,6453,medsl,1
2012,IA,Shelby,0,6483,0,0,2469,3911,6483,medsl,1
2016,IA,Shelby,0,6370,0,0,1662,4362,6370,medsl,1
2020,IA,Shelby,0,6795,0,0,1959,4711,6795,medsl,1
2024,IA,Shelby,0,6543,0,0,1811,4600,6543,medsl,1
2004,IA,Sioux,0,16570,0,0,2259,14229,16570,medsl,1
2008,IA,Sioux,0,16664,0,0,3030,13490,16664,medsl,1
2012,IA,Sioux,0,17308,0,0,2700,14407,17308,medsl,1
2016,IA,Sioux,0,18194,0,0,2300,14785,18194,medsl,1
2020,IA,Sioux,0,19051,0,0,3019,15775,19051,medsl,1
2024,IA,Sioux,0,19120,0,0,2626,16053,19120,medsl,1
2004,IA,Story,0,44652,0,0,23296,20819,44652,medsl,1
2008,IA,Story,0,46575,0,0,26548,18995,46575,medsl,1
2012,IA,Story,0,47150,0,0,26192,19668,47150,medsl,1
2016,IA,Story,0,50667,0,0,25709,19458,50667,medsl,1
2020,IA,Story,0,51038,0,0,29175,20541,51038,medsl,1
2024,IA,Story,0,49818,0,0,26765,21665,49818,medsl,1
2004,IA,Tama,0,9001,0,0,4487,4456,9001,medsl,1
2008,IA,Tama,0,8850,0,0,4899,3820,8850,medsl,1
2012,IA,Tama,0,9017,0,0,4768,4098,9017,medsl,1
2016,IA,Tama,0,8752,0,0,3196,4971,8752,medsl,1
2020,IA,Tama,0,9048,0,0,3577,5325,9048,medsl,1
2024,IA,Tama,0,8685,0,0,3070,5379,8685,medsl,1
2004,IA,Taylor,0,3190,0,0,1252,1908,3190,medsl,1
2008,IA,Taylor,0,3026,0,0,1347,1607,3026,medsl,1
2012,IA,Taylor,0,2995,0,0,1262,1683,2995,medsl,1
2016,IA,Taylor,0,3029,0,0,758,2111,3029,medsl,1
2020,IA,Taylor,0,3249,0,0,746,2470,3249,medsl,1
2024,IA,Taylor,0,3102,0,0,666,2381,3102,medsl,1
2004,IA,Union,0,5978,0,0,2747,3165,5978,medsl,1
2008,IA,Union,0,5909,0,0,3000,2781,5909,medsl,1
2012,IA,Union,0,5957,0,0,3043,2813,5957,medsl,1
2016,IA,Union,0,5832,0,0,1922,3525,5832,medsl,1
2020,IA,Union,0,6185,0,0,2061,4024,6185,medsl,1
2024,IA,Union,0,6041,0,0,1874,4044,6041,medsl,1
2004,IA,Van Buren,0,3836,0,0,1568,2211,3836,medsl,1
2008,IA,Van Buren,0,3608,0,0,1546,1986,3608,medsl,1
2012,IA,Van Buren,0,3569,0,0,1402,2064,3569,medsl,1
2016,IA,Van Buren,0,3561,0,0,845,2527,3561,medsl,1
2020,IA,Van Buren,0,3791,0,0,875,2870,3791,medsl,1
2024,IA,Van Buren,0,3655,0,0,778,2785,3655,medsl,1
2004,IA,Wapello,0,16707,0,0,9125,7403,16707,medsl,1
2008,IA,Wapello,0,15931,0,0,8820,6663,15931,medsl,1
2012,IA,Wapello,0,15770,0,0,8663,6789,15770,medsl,1
2016,IA,Wapello,0,15149,0,0,5594,8715,15149,medsl,1
2020,IA,Wapello,0,15633,0,0,5821,9536,15633,medsl,1
2024,IA,Wapello,0,14697,0,0,4896,9479,14697,medsl,1
2004,IA,Warren,0,23053,0,0,10730,12160,23053,medsl,0
2008,IA,Warren,0,24880,0,0,12299,12144,24880,medsl,0
2012,IA,Warren,0,26072,0,0,12551,13052,26072,medsl,0
2016,IA,Warren,0,27300,0,0,10411,14814,27300,medsl,0
2020,IA,Warren,0,31039,0,0,12574,17868,31039,medsl,0
2024,IA,Warren,0,33123,0,0,12712,19486,33123,medsl,0
2004,IA,Washington,0,10688,0,0,4595,5977,10688,medsl,1
2008,IA,Washington,0,10626,0,0,5170,5247,10626,medsl,1
2012,IA,Washington,0,11004,0,0,5115,5562,11004,medsl,1
2016,IA,Washington,0,10929,0,0,3943,6173,10929,medsl,1
2020,IA,Washington,0,11765,0,0,4561,6991,11765,medsl,1
2024,IA,Washington,0,11673,0,0,4297,7119,11673,medsl,1
2004,IA,Wayne,0,3133,0,0,1379,1733,3133,medsl,1
2008,IA,Wayne,0,2980,0,0,1357,1565,2980,medsl,1
2012,IA,Wayne,0,2900,0,0,1251,1583,2900,medsl,1
2016,IA,Wayne,0,2940,0,0,719,2069,2940,medsl,1
2020,IA,Wayne,0,3109,0,0,727,2344,3109,medsl,1
2024,IA,Wayne,0,3162,0,0,643,2426,3162,medsl,1
2004,IA,Webster,0,18631,0,0,9561,8959,18631,medsl,1
2008,IA,Webster,0,18554,0,0,9917,8337,18554,medsl,1
2012,IA,Webster,0,18292,0,0,9537,8469,18292,medsl,1
2016,IA,Webster,0,17430,0,0,6305,10056,17430,medsl,1
2020,IA,Webster,0,17822,0,0,6613,10970,17822,medsl,1
2024,IA,Webster,0,16825,0,0,5641,10850,16825,medsl,1
2004,IA,Winnebago,0,5952,0,0,2707,3175,5952,medsl,1
2008,IA,Winnebago,0,6082,0,0,3254,2730,6082,medsl,1
2012,IA,Winnebago,0,5918,0,0,2903,2906,5918,medsl,1
2016,IA,Winnebago,0,5787,0,0,1931,3447,5787,medsl,1
2020,IA,Winnebago,0,5970,0,0,2135,3726,5970,medsl,1
2024,IA,Winnebago,0,5668,0,0,1909,3636,5668,medsl,1
2004,IA,Winneshiek,0,10784,0,0,5354,5324,10784,medsl,1
2008,IA,Winneshiek,0,11280,0,0,6829,4273,11280,medsl,1
2012,IA,Winneshiek,0,11084,0,0,6256,4622,11084,medsl,1
2016,IA,Winneshiek,0,11362,0,0,5254,5344,11362,medsl,1
2020,IA,Winneshiek,0,12064,0,0,5617,6263,12064,medsl,1
2024,IA,Winneshiek,0,12079,0,0,5321,6427,12079,medsl,1
2004,IA,Woodbury,0,44195,0,0,21455,22451,44195,medsl,1
2008,IA,Woodbury,0,44801,0,0,21983,22219,44801,medsl,1
2012,IA,Woodbury,0,45019,0,0,22302,21841,45019,medsl,1
2016,IA,Woodbury,0,43718,0,0,16210,24727,43718,medsl,1
2020,IA,Woodbury,0,45362,0,0,18704,25926,45362,medsl,1
2024,IA,Woodbury,0,43247,0,0,16145,25969,43247,medsl,1
2004,IA,Worth,0,4123,0,0,2286,1795,4123,medsl,1
2008,IA,Worth,0,4257,0,0,2567,1612,4257,medsl,1
2012,IA,Worth,0,4172,0,0,2350,1744,4172,medsl,1
2016,IA,Worth,0,4257,0,0,1530,2453,4257,medsl,1
2020,IA,Worth,0,4418,0,0,1596,2742,4418,medsl,1
2024,IA,Worth,0,4313,0,0,1508,2715,4313,medsl,1
2004,IA,Wright,0,6603,0,0,2930,3631,6603,medsl,1
2008,IA,Wright,0,6395,0,0,3102,3198,6395,medsl,1
2012,IA,Wright,0,6278,0,0,2836,3349,6278,medsl,1
2016,IA,Wright,0,6026,0,0,1896,3800,6026,medsl,1
2020,IA,Wright,0,6254,0,0,1996,4148,6254,medsl,1
2024,IA,Wright,0,5772,0,0,1770,3853,5772,medsl,1
2004,ID,Ada,0,155002,0,0,58523,94641,155002,medsl,1
2008,ID,Ada,0,179402,0,0,82236,93328,179402,medsl,1
2012,ID,Ada,0,180546,0,0,77137,97554,180546,medsl,1
2016,ID,Ada,0,195669,0,0,75677,93752,195669,medsl,1
2020,ID,Ada,0,259389,0,0,120539,130699,259389,medsl,1
2024,ID,Ada,0,267419,0,0,116116,143759,267419,medsl,1
2004,ID,Adams,0,2063,0,0,555,1468,2063,medsl,1
2008,ID,Adams,0,2320,0,0,728,1517,2320,medsl,1
2012,ID,Adams,0,2060,0,0,577,1413,2060,medsl,1
2016,ID,Adams,0,2183,0,0,415,1556,2183,medsl,1
2020,ID,Adams,0,2586,0,0,591,1941,2586,medsl,1
2024,ID,Adams,0,2681,0,0,577,2037,2681,medsl,1
2004,ID,Bannock,0,34843,0,0,12903,21479,34843,medsl,1
2008,ID,Bannock,0,35105,0,0,14792,19356,35105,medsl,1
2012,ID,Bannock,0,35260,0,0,13214,21010,35260,medsl,1
2016,ID,Bannock,0,33416,0,0,10342,17180,33416,medsl,1
2020,ID,Bannock,0,39553,0,0,14682,23331,39553,medsl,1
2024,ID,Bannock,0,39976,0,0,14306,24329,39976,medsl,1
2004,ID,Bear Lake,0,3040,0,0,494,2506,3040,medsl,1
2008,ID,Bear Lake,0,2943,0,0,502,2377,2943,medsl,1
2012,ID,Bear Lake,0,2822,0,0,302,2489,2822,medsl,1
2016,ID,Bear Lake,0,2928,0,0,255,2203,2928,medsl,1
2020,ID,Bear Lake,0,3315,0,0,350,2914,3315,medsl,1
2024,ID,Bear Lake,0,3325,0,0,346,2908,3325,medsl,1
2004,ID,Benewah,0,4047,0,0,1148,2823,4047,medsl,1
2008,ID,Benewah,0,4164,0,0,1407,2646,4164,medsl,1
2012,ID,Benewah,0,3884,0,0,1164,2596,3884,medsl,1
2016,ID,Benewah,0,4185,0,0,770,3103,4185,medsl,1
2020,ID,Benewah,0,4973,0,0,977,3878,4973,medsl,1
2024,ID,Benewah,0,5145,0,0,935,4094,5145,medsl,1
2004,ID,Bingham,0,16564,0,0,3605,12734,16564,medsl,1
2008,ID,Bingham,0,17155,0,0,4424,12230,17155,medsl,1
2012,ID,Bingham,0,17603,0,0,3822,13440,17603,medsl,1
2016,ID,Bingham,0,16625,0,0,2924,10907,16625,medsl,1
2020,ID,Bingham,0,19996,0,0,4124,15295,19996,medsl,1
2024,ID,Bingham,0,20651,0,0,3878,16188,20651,medsl,1
2004,ID,Blaine,0,10146,0,0,5992,4034,10146,medsl,1
2008,ID,Blaine,0,10571,0,0,6947,3439,10571,medsl,1
2012,ID,Blaine,0,10194,0,0,5992,3939,10194,medsl,1
2016,ID,Blaine,0,10724,0,0,6416,3340,10724,medsl,1
2020,ID,Blaine,0,13289,0,0,8919,4032,13289,medsl,1
2024,ID,Blaine,0,13089,0,0,8424,4281,13089,medsl,1
2004,ID,Boise,0,3527,0,0,970,2501,3527,medsl,1
2008,ID,Boise,0,3773,0,0,1240,2433,3773,medsl,1
2012,ID,Boise,0,3445,0,0,1053,2284,3445,medsl,1
2016,ID,Boise,0,3814,0,0,777,2673,3814,medsl,1
2020,ID,Boise,0,4820,0,0,1204,3485,4820,medsl,1
2024,ID,Boise,0,4910,0,0,1065,3727,4910,medsl,1
2004,ID,Bonner,0,17681,0,0,6649,10697,17681,medsl,1
2008,ID,Bonner,0,19547,0,0,7840,11145,19547,medsl,1
2012,ID,Bonner,0,18536,0,0,6500,11367,18536,medsl,1
2016,ID,Bonner,0,20943,0,0,5819,13343,20943,medsl,1
2020,ID,Bonner,0,27335,0,0,8310,18369,27335,medsl,1
2024,ID,Bonner,0,29710,0,0,7650,21352,29710,medsl,1
2004,ID,Bonneville,0,38871,0,0,8356,30048,38871,medsl,0
2008,ID,Bonneville,0,41703,0,0,11417,29334,41703,medsl,0
2012,ID,Bonneville,0,43213,0,0,9903,32276,43213,medsl,0
2016,ID,Bonneville,0,44221,0,0,8930,26699,44221,medsl,0
2020,ID,Bonneville,0,53995,0,0,14254,37805,53995,medsl,0
2024,ID,Bonneville,0,56436,0,0,14458,40053,56436,medsl,0
2004,ID,Boundary,0,4378,0,0,1268,3012,4378,medsl,1
2008,ID,Boundary,0,4733,0,0,1484,3078,4733,medsl,1
2012,ID,Boundary,0,4544,0,0,1225,3138,4544,medsl,1
2016,ID,Boundary,0,5163,0,0,933,3789,5163,medsl,1
2020,ID,Boundary,0,6313,0,0,1220,4937,6313,medsl,1
2024,ID,Boundary,0,7110,0,0,1145,5794,7110,medsl,1
2004,ID,Butte,0,1406,0,0,321,1077,1406,medsl,1
2008,ID,Butte,0,1410,0,0,318,1056,1410,medsl,1
2012,ID,Butte,0,1286,0,0,258,1001,1286,medsl,1
2016,ID,Butte,0,1230,0,0,160,914,1230,medsl,1
2020,ID,Butte,0,1415,0,0,188,1202,1415,medsl,1
2024,ID,Butte,0,1494,0,0,185,1268,1494,medsl,1
2004,ID,Camas,0,595,0,0,139,450,595,medsl,1
2008,ID,Camas,0,618,0,0,187,422,618,medsl,1
2012,ID,Camas,0,578,0,0,159,402,578,medsl,1
2016,ID,Camas,0,590,0,0,110,410,590,medsl,1
2020,ID,Camas,0,754,0,0,149,507,754,medsl,1
2024,ID,Camas,0,728,0,0,153,547,728,medsl,1
2004,ID,Canyon,0,55692,0,0,13415,41599,55692,medsl,1
2008,ID,Canyon,0,64246,0,0,20147,42752,64246,medsl,1
2012,ID,Canyon,0,66090,0,0,19866,44369,66090,medsl,1
2016,ID,Canyon,0,72785,0,0,16883,47222,72785,medsl,1
2020,ID,Canyon,0,90410,0,0,25881,61759,90410,medsl,1
2024,ID,Canyon,0,101030,0,0,25669,72755,101030,medsl,1
2004,ID,Caribou,0,3281,0,0,491,2753,3281,medsl,0
2008,ID,Caribou,0,3302,0,0,553,2656,3302,medsl,0
2012,ID,Caribou,0,3052,0,0,386,2608,3052,medsl,0
2016,ID,Caribou,0,3035,0,0,271,2275,3035,medsl,0
2020,ID,Caribou,0,3416,0,0,431,2906,3416,medsl,0
2024,ID,Caribou,0,3456,0,0,445,2906,3456,medsl,0
2004,ID,Cassia,0,7821,0,0,1153,6562,7821,medsl,1
2008,ID,Cassia,0,7842,0,0,1332,6309,7842,medsl,1
2012,ID,Cassia,0,8396,0,0,1098,7154,8396,medsl,1
2016,ID,Cassia,0,8178,0,0,1036,5949,8178,medsl,1
2020,ID,Cassia,0,9629,0,0,1464,7907,9629,medsl,1
2024,ID,Cassia,0,9558,0,0,1359,7959,9558,medsl,1
2004,ID,Clark,0,353,0,0,46,302,353,medsl,0
2008,ID,Clark,0,375,0,0,64,305,375,medsl,0
2012,ID,Clark,0,328,0,0,66,235,328,medsl,0
2016,ID,Clark,0,283,0,0,44,203,283,medsl,0
2020,ID,Clark,0,311,0,0,41,264,311,medsl,0
2024,ID,Clark,0,333,0,0,50,280,333,medsl,0
2004,ID,Clearwater,0,4034,0,0,1117,2839,4034,medsl,1
2008,ID,Clearwater,0,3906,0,0,1211,2569,3906,medsl,1
2012,ID,Clearwater,0,3696,0,0,1032,2541,3696,medsl,1
2016,ID,Clearwater,0,3801,0,0,704,2852,3801,medsl,1
2020,ID,Clearwater,0,4419,0,0,877,3453,4419,medsl,1
2024,ID,Clearwater,0,4420,0,0,774,3550,4420,medsl,1
2004,ID,Custer,0,2358,0,0,559,1762,2358,medsl,1
2008,ID,Custer,0,2352,0,0,611,1694,2352,medsl,1
2012,ID,Custer,0,2352,0,0,530,1744,2352,medsl,1
2016,ID,Custer,0,2414,0,0,427,1777,2414,medsl,1
2020,ID,Custer,0,2739,0,0,603,2089,2739,medsl,1
2024,ID,Custer,0,2650,0,0,586,1998,2650,medsl,1
2004,ID,Elmore,0,8059,0,0,1959,6011,8059,medsl,0
2008,ID,Elmore,0,8436,0,0,2591,5665,8436,medsl,0
2012,ID,Elmore,0,8001,0,0,2513,5227,8001,medsl,0
2016,ID,Elmore,0,8522,0,0,1814,5816,8522,medsl,0
2020,ID,Elmore,0,10205,0,0,2601,7246,10205,medsl,0
2024,ID,Elmore,0,10672,0,0,2611,7791,10672,medsl,0
2004,ID,Franklin,0,5054,0,0,456,4527,5054,medsl,0
2008,ID,Franklin,0,5073,0,0,600,4246,5073,medsl,0
2012,ID,Franklin,0,5600,0,0,325,5195,5600,medsl,0
2016,ID,Franklin,0,5499,0,0,385,3901,5499,medsl,0
2020,ID,Franklin,0,6664,0,0,657,5845,6664,medsl,0
2024,ID,Franklin,0,7184,0,0,703,6279,7184,medsl,0
2004,ID,Fremont,0,5769,0,0,741,4965,5769,medsl,1
2008,ID,Fremont,0,5880,0,0,1065,4700,5880,medsl,1
2012,ID,Fremont,0,5802,0,0,810,4907,5802,medsl,1
2016,ID,Fremont,0,5715,0,0,651,4090,5715,medsl,1
2020,ID,Fremont,0,6719,0,0,998,5548,6719,medsl,1
2024,ID,Fremont,0,6803,0,0,954,5645,6803,medsl,1
2004,ID,Gem,0,7134,0,0,1628,5416,7134,medsl,1
2008,ID,Gem,0,7947,0,0,2166,5585,7947,medsl,1
2012,ID,Gem,0,7490,0,0,1957,5311,7490,medsl,1
2016,ID,Gem,0,7954,0,0,1229,5980,7954,medsl,1
2020,ID,Gem,0,9958,0,0,1803,7951,9958,medsl,1
2024,ID,Gem,0,10620,0,0,1699,8707,10620,medsl,1
2004,ID,Gooding,0,5325,0,0,1278,3973,5325,medsl,1
2008,ID,Gooding,0,5391,0,0,1489,3765,5391,medsl,1
2012,ID,Gooding,0,5118,0,0,1287,3696,5118,medsl,1
2016,ID,Gooding,0,5191,0,0,930,3743,5191,medsl,1
2020,ID,Gooding,0,6050,0,0,1256,4659,6050,medsl,1
2024,ID,Gooding,0,5918,0,0,1100,4676,5918,medsl,1
2004,ID,Idaho,0,7965,0,0,1689,6017,7965,medsl,1
2008,ID,Idaho,0,8210,0,0,2017,5895,8210,medsl,1
2012,ID,Idaho,0,7837,0,0,1708,5921,7837,medsl,1
2016,ID,Idaho,0,8233,0,0,1196,6441,8233,medsl,1
2020,ID,Idaho,0,9602,0,0,1561,7826,9602,medsl,1
2024,ID,Idaho,0,9867,0,0,1460,8148,9867,medsl,1
2004,ID,Idaho County,9271,7970,1186,6784,1689,6017,7970,manual,1
2008,ID,Idaho County,10814,8212,1312,5900,2017,5895,8212,manual,1
2012,ID,Idaho County,10573,7840,1284,6556,1708,5921,7840,manual,1
2016,ID,Idaho County,9302,8233,1333,6900,1196,6441,8233,manual,1
2020,ID,Idaho County,11412,9610,1561,7826,1561,7826,9610,manual,1
2024,ID,Idaho County,12165,9867,1460,8148,1460,8148,9867,manual,1
2004,ID,Jefferson,0,8906,0,0,1084,7703,8906,medsl,0
2008,ID,Jefferson,0,10441,0,0,1641,8540,10441,medsl,0
2012,ID,Jefferson,0,11381,0,0,1303,9895,11381,medsl,0
2016,ID,Jefferson,0,11475,0,0,976,8436,11475,medsl,0
2020,ID,Jefferson,0,14173,0,0,1661,12099,14173,medsl,0
2024,ID,Jefferson,0,15820,0,0,1891,13481,15820,medsl,0
2004,ID,Jerome,0,6580,0,0,1344,5177,6580,medsl,1
2008,ID,Jerome,0,6847,0,0,1794,4897,6847,medsl,1
2012,ID,Jerome,0,6681,0,0,1699,4804,6681,medsl,1
2016,ID,Jerome,0,6751,0,0,1329,4644,6751,medsl,1
2020,ID,Jerome,0,7812,0,0,1893,5734,7812,medsl,1
2024,ID,Jerome,0,7946,0,0,1742,6012,7946,medsl,1
2004,ID,Kootenai,0,54596,0,0,17584,36173,54596,medsl,1
2008,ID,Kootenai,0,61932,0,0,22120,38387,61932,medsl,1
2012,ID,Kootenai,0,59828,0,0,18851,39381,59828,medsl,1
2016,ID,Kootenai,0,66310,0,0,16264,44449,66310,medsl,1
2020,ID,Kootenai,0,89467,0,0,24312,62837,89467,medsl,1
2024,ID,Kootenai,0,96365,0,0,22113,72059,96365,medsl,1
2004,ID,Latah,0,17547,0,0,8430,8686,17547,medsl,1
2008,ID,Latah,0,17714,0,0,9195,7988,17714,medsl,1
2012,ID,Latah,0,16759,0,0,8306,7589,16759,medsl,1
2016,ID,Latah,0,18173,0,0,8093,7265,18173,medsl,1
2020,ID,Latah,0,20570,0,0,10236,9472,20570,medsl,1
2024,ID,Latah,0,20461,0,0,9039,10669,20461,medsl,1
2004,ID,Lemhi,0,4053,0,0,915,3079,4053,medsl,0
2008,ID,Lemhi,0,4105,0,0,1061,2938,4105,medsl,0
2012,ID,Lemhi,0,4110,0,0,960,3029,4110,medsl,0
2016,ID,Lemhi,0,4096,0,0,733,3011,4096,medsl,0
2020,ID,Lemhi,0,4738,0,0,1032,3592,4738,medsl,0
2024,ID,Lemhi,0,4874,0,0,1038,3716,4874,medsl,0
2004,ID,Lewis,0,1820,0,0,440,1359,1820,medsl,1
2008,ID,Lewis,0,1804,0,0,479,1275,1804,medsl,1
2012,ID,Lewis,0,1614,0,0,396,1173,1614,medsl,1
2016,ID,Lewis,0,1590,0,0,270,1202,1590,medsl,1
2020,ID,Lewis,0,1870,0,0,349,1489,1870,medsl,1
2024,ID,Lewis,0,1846,0,0,305,1503,1846,medsl,1
2004,ID,Lincoln,0,1875,0,0,466,1388,1875,medsl,1
2008,ID,Lincoln,0,1870,0,0,545,1232,1870,medsl,1
2012,ID,Lincoln,0,1662,0,0,469,1141,1662,medsl,1
2016,ID,Lincoln,0,1748,0,0,360,1184,1748,medsl,1
2020,ID,Lincoln,0,1940,0,0,414,1469,1940,medsl,1
2024,ID,Lincoln,0,1917,0,0,392,1466,1917,medsl,1
2004,ID,Madison,0,11637,0,0,826,10693,11637,medsl,0
2008,ID,Madison,0,13057,0,0,1627,11131,13057,medsl,0
2012,ID,Madison,0,14412,0,0,832,13445,14412,medsl,0
2016,ID,Madison,0,15688,0,0,1201,8941,15688,medsl,0
2020,ID,Madison,0,17112,0,0,2666,13559,17112,medsl,0
2024,ID,Madison,0,17363,0,0,2767,13925,17363,medsl,0
2004,ID,Minidoka,0,7200,0,0,1331,5797,7200,medsl,1
2008,ID,Minidoka,0,6890,0,0,1630,5087,6890,medsl,1
2012,ID,Minidoka,0,6973,0,0,1390,5442,6973,medsl,1
2016,ID,Minidoka,0,6871,0,0,1167,4887,6871,medsl,1
2020,ID,Minidoka,0,7993,0,0,1550,6265,7993,medsl,1
2024,ID,Minidoka,0,7948,0,0,1373,6401,7948,medsl,1
2004,ID,Nez Perce,0,17700,0,0,6476,11009,17700,medsl,1
2008,ID,Nez Perce,0,17823,0,0,7123,10357,17823,medsl,1
2012,ID,Nez Perce,0,16848,0,0,6451,9967,16848,medsl,1
2016,ID,Nez Perce,0,17201,0,0,4828,10699,17201,medsl,1
2020,ID,Nez Perce,0,20967,0,0,6686,13738,20967,medsl,1
2024,ID,Nez Perce,0,20135,0,0,5928,13707,20135,medsl,1
2004,ID,Oneida,0,2133,0,0,304,1789,2133,medsl,0
2008,ID,Oneida,0,2162,0,0,381,1724,2162,medsl,0
2012,ID,Oneida,0,2089,0,0,217,1838,2089,medsl,0
2016,ID,Oneida,0,2068,0,0,184,1531,2068,medsl,0
2020,ID,Oneida,0,2451,0,0,249,2148,2451,medsl,0
2024,ID,Oneida,0,2457,0,0,253,2119,2457,medsl,0
2004,ID,Owyhee,0,3590,0,0,685,2859,3590,medsl,1
2008,ID,Owyhee,0,4058,0,0,944,3024,4058,medsl,1
2012,ID,Owyhee,0,3724,0,0,833,2794,3724,medsl,1
2016,ID,Owyhee,0,3925,0,0,591,3052,3925,medsl,1
2020,ID,Owyhee,0,4742,0,0,816,3819,4742,medsl,1
2024,ID,Owyhee,0,4950,0,0,756,4101,4950,medsl,1
2004,ID,Payette,0,8180,0,0,1848,6256,8180,medsl,1
2008,ID,Payette,0,8613,0,0,2415,5988,8613,medsl,1
2012,ID,Payette,0,8495,0,0,2271,6004,8495,medsl,1
2016,ID,Payette,0,8704,0,0,1507,6489,8704,medsl,1
2020,ID,Payette,0,11293,0,0,2161,8862,11293,medsl,1
2024,ID,Payette,0,11761,0,0,2064,9458,11761,medsl,1
2004,ID,Power,0,2958,0,0,829,2105,2958,medsl,1
2008,ID,Power,0,2842,0,0,1027,1754,2842,medsl,1
2012,ID,Power,0,2903,0,0,982,1870,2903,medsl,1
2016,ID,Power,0,2758,0,0,699,1666,2758,medsl,1
2020,ID,Power,0,3074,0,0,865,2116,3074,medsl,1
2024,ID,Power,0,3021,0,0,785,2146,3021,medsl,1
2004,ID,Shoshone,0,5337,0,0,2331,2922,5337,medsl,1
2008,ID,Shoshone,0,5666,0,0,2521,2953,5666,medsl,1
2012,ID,Shoshone,0,5148,0,0,2277,2699,5148,medsl,1
2016,ID,Shoshone,0,5120,0,0,1384,3297,5120,medsl,1
2020,ID,Shoshone,0,6049,0,0,1693,4216,6049,medsl,1
2024,ID,Shoshone,0,6132,0,0,1472,4500,6132,medsl,1
2004,ID,Teton,0,3690,0,0,1416,2235,3690,medsl,0
2008,ID,Teton,0,4658,0,0,2302,2263,4658,medsl,0
2012,ID,Teton,0,4523,0,0,1926,2458,4523,medsl,0
2016,ID,Teton,0,4976,0,0,2159,2167,4976,medsl,0
2020,ID,Teton,0,6347,0,0,3318,2858,6347,medsl,0
2024,ID,Teton,0,6698,0,0,3463,3005,6698,medsl,0
2004,ID,Twin Falls,0,26435,0,0,6458,19672,26435,medsl,1
2008,ID,Twin Falls,0,28344,0,0,8621,19032,28344,medsl,1
2012,ID,Twin Falls,0,28142,0,0,7541,19773,28142,medsl,1
2016,ID,Twin Falls,0,29874,0,0,6233,19828,29874,medsl,1
2020,ID,Twin Falls,0,36501,0,0,9391,25897,36501,medsl,1
2024,ID,Twin Falls,0,37383,0,0,9064,27304,37383,medsl,1
2004,ID,Valley,0,4772,0,0,1843,2863,4772,medsl,1
2008,ID,Valley,0,5296,0,0,2405,2772,5296,medsl,1
2012,ID,Valley,0,4919,0,0,2095,2664,4919,medsl,1
2016,ID,Valley,0,5349,0,0,1913,2906,5349,medsl,1
2020,ID,Valley,0,7063,0,0,2976,3947,7063,medsl,1
2024,ID,Valley,0,7240,0,0,2869,4214,7240,medsl,1
2004,ID,Washington,0,4359,0,0,1033,3274,4359,medsl,1
2008,ID,Washington,0,4506,0,0,1241,3168,4506,medsl,1
2012,ID,Washington,0,4330,0,0,1104,3128,4330,medsl,1
2016,ID,Washington,0,4455,0,0,776,3283,4455,medsl,1
2020,ID,Washington,0,5344,0,0,1073,4154,5344,medsl,1
2024,ID,Washington,0,5555,0,0,1010,4429,5555,medsl,1
2004,IL,Adams,0,31477,0,0,10511,20834,31477,medsl,1
2008,IL,Adams,0,30823,0,0,11794,18711,30823,medsl,1
2012,IL,Adams,0,30607,0,0,9648,20416,30607,medsl,1
2016,IL,Adams,0,31951,0,0,7676,22790,31951,medsl,1
2020,IL,Adams,0,33527,0,0,8633,24220,33527,medsl,1
2024,IL,Adams,0,31766,0,0,8111,23161,31766,medsl,1
2004,IL,Alexander,0,3873,0,0,2016,1831,3873,medsl,1
2008,IL,Alexander,0,3937,0,0,2189,1692,3937,medsl,1
2012,IL,Alexander,0,3501,0,0,1965,1487,3501,medsl,1
2016,IL,Alexander,0,2846,0,0,1262,1496,2846,medsl,1
2020,IL,Alexander,0,2618,0,0,1114,1486,2618,medsl,1
2024,IL,Alexander,0,2271,0,0,904,1341,2271,medsl,1
2004,IL,Bond,0,7369,0,0,3228,4068,7369,medsl,1
2008,IL,Bond,0,7924,0,0,3843,3947,7924,medsl,1
2012,IL,Bond,0,7336,0,0,3020,4095,7336,medsl,1
2016,IL,Bond,0,7530,0,0,2068,4888,7530,medsl,1
2020,IL,Bond,0,8145,0,0,2288,5625,8145,medsl,1
2024,IL,Bond,0,7991,0,0,2117,5692,7991,medsl,1
2004,IL,Boone,0,19541,0,0,8286,11132,19541,medsl,1
2008,IL,Boone,0,22157,0,0,11333,10403,22157,medsl,1
2012,IL,Boone,0,21365,0,0,9883,11096,21365,medsl,1
2016,IL,Boone,0,23001,0,0,8986,12282,23001,medsl,1
2020,IL,Boone,0,24979,0,0,10542,13883,24979,medsl,1
2024,IL,Boone,0,24256,0,0,10159,13673,24256,medsl,1
2004,IL,Brown,0,2585,0,0,895,1679,2585,medsl,1
2008,IL,Brown,0,2569,0,0,986,1544,2569,medsl,1
2012,IL,Brown,0,2364,0,0,787,1513,2364,medsl,1
2016,IL,Brown,0,2379,0,0,476,1796,2379,medsl,1
2020,IL,Brown,0,2521,0,0,486,1931,2521,medsl,1
2024,IL,Brown,0,2455,0,0,467,1938,2455,medsl,1
2004,IL,Bureau,0,17902,0,0,7961,9822,17902,medsl,1
2008,IL,Bureau,0,17113,0,0,8889,7911,17113,medsl,1
2012,IL,Bureau,0,16631,0,0,8134,8164,16631,medsl,1
2016,IL,Bureau,0,16571,0,0,6029,9281,16571,medsl,1
2020,IL,Bureau,0,17434,0,0,6669,10411,17434,medsl,1
2024,IL,Bureau,0,15999,0,0,5900,9784,15999,medsl,1
2004,IL,Calhoun,0,2706,0,0,1367,1317,2706,medsl,1
2008,IL,Calhoun,0,2699,0,0,1423,1221,2699,medsl,1
2012,IL,Calhoun,0,2576,0,0,1080,1440,2576,medsl,1
2016,IL,Calhoun,0,2571,0,0,739,1721,2571,medsl,1
2020,IL,Calhoun,0,2772,0,0,677,2046,2772,medsl,1
2024,IL,Calhoun,0,2680,0,0,560,2059,2680,medsl,1
2004,IL,Carroll,0,8135,0,0,3537,4534,8135,medsl,1
2008,IL,Carroll,0,7674,0,0,3965,3596,7674,medsl,1
2012,IL,Carroll,0,7386,0,0,3665,3555,7386,medsl,1
2016,IL,Carroll,0,7445,0,0,2447,4434,7445,medsl,1
2020,IL,Carroll,0,8024,0,0,2748,5105,8024,medsl,1
2024,IL,Carroll,0,7840,0,0,2600,5082,7840,medsl,1
2004,IL,Cass,0,5700,0,0,2492,3163,5700,medsl,1
2008,IL,Cass,0,5408,0,0,2690,2617,5408,medsl,1
2012,IL,Cass,0,4862,0,0,2053,2707,4862,medsl,1
2016,IL,Cass,0,5124,0,0,1621,3216,5124,medsl,1
2020,IL,Cass,0,5317,0,0,1615,3625,5317,medsl,1
2024,IL,Cass,0,5241,0,0,1438,3712,5241,medsl,1
2004,IL,Champaign,0,82434,0,0,41524,39896,82434,medsl,1
2008,IL,Champaign,0,84143,0,0,48597,33871,84143,medsl,1
2012,IL,Champaign,0,78359,0,0,40831,35312,78359,medsl,1
2016,IL,Champaign,0,91628,0,0,50137,33368,91628,medsl,1
2020,IL,Champaign,0,95142,0,0,57067,35285,95142,medsl,1
2024,IL,Champaign,0,89581,0,0,54314,32965,89581,medsl,1
2004,IL,Christian,0,15267,0,0,6112,9044,15267,medsl,1
2008,IL,Christian,0,15100,0,0,6918,7872,15100,medsl,1
2012,IL,Christian,0,14701,0,0,5494,8885,14701,medsl,1
2016,IL,Christian,0,15459,0,0,3992,10543,15459,medsl,1
2020,IL,Christian,0,16204,0,0,4335,11563,16204,medsl,1
2024,IL,Christian,0,15545,0,0,4026,11278,15545,medsl,1
2004,IL,Clark,0,8007,0,0,2877,5082,8007,medsl,1
2008,IL,Clark,0,8288,0,0,3742,4409,8288,medsl,1
2012,IL,Clark,0,7860,0,0,2591,5144,7860,medsl,1
2016,IL,Clark,0,7928,0,0,1877,5622,7928,medsl,1
2020,IL,Clark,0,8356,0,0,1993,6226,8356,medsl,1
2024,IL,Clark,0,8206,0,0,1927,6130,8206,medsl,1
2004,IL,Clay,0,6554,0,0,2101,4416,6554,medsl,1
2008,IL,Clay,0,6454,0,0,2425,3926,6454,medsl,1
2012,IL,Clay,0,5908,0,0,1584,4190,5908,medsl,1
2016,IL,Clay,0,6350,0,0,1020,5021,6350,medsl,1
2020,IL,Clay,0,6886,0,0,1129,5629,6886,medsl,1
2024,IL,Clay,0,6769,0,0,1054,5610,6769,medsl,1
2004,IL,Clinton,0,17131,0,0,6797,10219,17131,medsl,1
2008,IL,Clinton,0,17314,0,0,7657,9357,17314,medsl,1
2012,IL,Clinton,0,16450,0,0,5596,10524,16450,medsl,1
2016,IL,Clinton,0,17419,0,0,3945,12412,17419,medsl,1
2020,IL,Clinton,0,19170,0,0,4493,14304,19170,medsl,1
2024,IL,Clinton,0,19230,0,0,4447,14407,19230,medsl,1
2004,IL,Coles,0,22780,0,0,9566,13015,22780,medsl,1
2008,IL,Coles,0,23076,0,0,11716,10978,23076,medsl,1
2012,IL,Coles,0,21358,0,0,9262,11631,21358,medsl,1
2016,IL,Coles,0,21863,0,0,7309,13003,21863,medsl,1
2020,IL,Coles,0,22606,0,0,8067,14037,22606,medsl,1
2024,IL,Coles,0,21507,0,0,7495,13606,21507,medsl,1
2004,IL,Cook,0,2049434,0,0,1439724,597405,2049434,medsl,1
2008,IL,Cook,0,2137466,0,0,1629024,487736,2137466,medsl,1
2012,IL,Cook,0,2011597,0,0,1488537,495542,2011597,medsl,1
2016,IL,Cook,0,2158615,0,0,1611946,453287,2158615,medsl,1
2020,IL,Cook,0,2321486,0,0,1725973,558269,2321486,medsl,1
2024,IL,Cook,0,2079239,0,0,1447821,583852,2079239,medsl,1
2004,IL,Cook County,2673791,2049434,1439724,597405,1439724,597405,2049434,manual,1
2008,IL,Cook County,2610637,2137466,1629024,487736,1629024,487736,2137466,manual,1
2012,IL,Cook County,2781182,2014819,1488537,495542,1488537,495542,2014819,manual,1
2016,IL,Cook County,30827190,2180344,1611946,453287,1611946,453287,2180344,manual,1
2020,IL,Cook County,3253333,2325405,1725973,558269,1725973,558269,2325405,manual,1
2024,IL,Cook County,3138913,2079175,1447821,583852,1447821,583852,2079175,manual,1
2004,IL,Crawford,0,9332,0,0,3194,6083,9332,medsl,1
2008,IL,Crawford,0,9129,0,0,3883,5070,9129,medsl,1
2012,IL,Crawford,0,8609,0,0,2858,5585,8609,medsl,1
2016,IL,Crawford,0,8728,0,0,1992,6277,8728,medsl,1
2020,IL,Crawford,0,9425,0,0,2202,7043,9425,medsl,1
2024,IL,Crawford,0,8935,0,0,2048,6727,8935,medsl,1
2004,IL,Cumberland,0,5416,0,0,1862,3497,5416,medsl,1
2008,IL,Cumberland,0,5321,0,0,2055,3156,5321,medsl,1
2012,IL,Cumberland,0,5295,0,0,1641,3509,5295,medsl,1
2016,IL,Cumberland,0,5567,0,0,1031,4206,5567,medsl,1
2020,IL,Cumberland,0,5832,0,0,1142,4601,5832,medsl,1
2024,IL,Cumberland,0,5769,0,0,1059,4627,5769,medsl,1
2004,IL,De Witt,0,7798,0,0,2836,4920,7798,medsl,0
2008,IL,De Witt,0,7801,0,0,3308,4348,7801,medsl,0
2012,IL,De Witt,0,7345,0,0,2601,4579,7345,medsl,0
2016,IL,De Witt,0,7543,0,0,1910,5077,7543,medsl,0
2020,IL,De Witt,0,8024,0,0,2191,5632,8024,medsl,0
2004,IL,Dekalb,0,40768,0,0,19263,21095,40768,medsl,1
2008,IL,Dekalb,0,44818,0,0,25784,18266,44818,medsl,1
2012,IL,Dekalb,0,41092,0,0,21207,18934,41092,medsl,1
2016,IL,Dekalb,0,43600,0,0,20466,19091,43600,medsl,1
2020,IL,Dekalb,0,47825,0,0,24643,21905,47825,medsl,1
2024,IL,Dekalb,0,47401,0,0,23648,22716,47401,medsl,1
2024,IL,Dewitt,0,7758,0,0,2058,5529,7758,medsl,0
2004,IL,Douglas,0,8540,0,0,2767,5702,8540,medsl,1
2008,IL,Douglas,0,8356,0,0,3228,5005,8356,medsl,1
2012,IL,Douglas,0,7897,0,0,2430,5334,7897,medsl,1
2016,IL,Douglas,0,8169,0,0,1949,5698,8169,medsl,1
2020,IL,Douglas,0,8738,0,0,2335,6227,8738,medsl,1
2024,IL,Douglas,0,8410,0,0,2198,6076,8410,medsl,1
2004,IL,Dupage,0,402446,0,0,180097,218902,402446,medsl,1
2008,IL,Dupage,0,417973,0,0,228698,183626,417973,medsl,1
2012,IL,Dupage,0,401079,0,0,199460,195046,401079,medsl,1
2016,IL,Dupage,0,428769,0,0,228622,166415,428769,medsl,1
2020,IL,Dupage,0,485104,0,0,281222,193611,485104,medsl,1
2024,IL,Dupage,0,456882,0,0,251164,191243,456882,medsl,1
2004,IL,Edgar,0,8429,0,0,3093,5258,8429,medsl,1
2008,IL,Edgar,0,8255,0,0,3743,4398,8255,medsl,1
2012,IL,Edgar,0,7819,0,0,2565,5132,7819,medsl,1
2016,IL,Edgar,0,7873,0,0,1793,5645,7873,medsl,1
2020,IL,Edgar,0,8196,0,0,1887,6193,8196,medsl,1
2024,IL,Edgar,0,7912,0,0,1816,5955,7912,medsl,1
2004,IL,Edwards,0,3364,0,0,930,2412,3364,medsl,1
2008,IL,Edwards,0,3350,0,0,1140,2137,3350,medsl,1
2012,IL,Edwards,0,3228,0,0,754,2405,3228,medsl,1
2016,IL,Edwards,0,3347,0,0,434,2778,3347,medsl,1
2020,IL,Edwards,0,3366,0,0,488,2833,3366,medsl,1
2024,IL,Edwards,0,3289,0,0,457,2794,3289,medsl,1
2004,IL,Effingham,0,16278,0,0,4388,11774,16278,medsl,1
2008,IL,Effingham,0,16835,0,0,5262,11323,16835,medsl,1
2012,IL,Effingham,0,16613,0,0,3861,12501,16613,medsl,1
2016,IL,Effingham,0,17609,0,0,3083,13635,17609,medsl,1
2020,IL,Effingham,0,19049,0,0,3716,15006,19049,medsl,1
2024,IL,Effingham,0,19084,0,0,3617,15124,19084,medsl,1
2004,IL,Fayette,0,9549,0,0,3571,5880,9549,medsl,1
2008,IL,Fayette,0,9680,0,0,3967,5499,9680,medsl,1
2012,IL,Fayette,0,8971,0,0,2853,5951,8971,medsl,1
2016,IL,Fayette,0,9585,0,0,1819,7372,9585,medsl,1
2020,IL,Fayette,0,10056,0,0,1826,8055,10056,medsl,1
2024,IL,Fayette,0,9601,0,0,1632,7847,9601,medsl,1
2004,IL,Ford,0,6479,0,0,1912,4511,6479,medsl,1
2008,IL,Ford,0,6386,0,0,2227,4079,6386,medsl,1
2012,IL,Ford,0,6006,0,0,1656,4229,6006,medsl,1
2016,IL,Ford,0,6396,0,0,1414,4480,6396,medsl,1
2020,IL,Ford,0,6953,0,0,1754,5048,6953,medsl,1
2024,IL,Ford,0,6553,0,0,1643,4778,6553,medsl,1
2004,IL,Franklin,0,19352,0,0,8816,10388,19352,medsl,1
2008,IL,Franklin,0,18641,0,0,8880,9404,18641,medsl,1
2012,IL,Franklin,0,17914,0,0,7254,10267,17914,medsl,1
2016,IL,Franklin,0,18711,0,0,4727,13116,18711,medsl,1
2020,IL,Franklin,0,18626,0,0,4760,13622,18626,medsl,1
2024,IL,Franklin,0,17692,0,0,4257,13200,17692,medsl,1
2004,IL,Fulton,0,17035,0,0,9080,7818,17035,medsl,1
2008,IL,Fulton,0,16323,0,0,9732,6251,16323,medsl,1
2012,IL,Fulton,0,15356,0,0,8328,6632,15356,medsl,1
2016,IL,Fulton,0,15797,0,0,6133,8492,15797,medsl,1
2020,IL,Fulton,0,16678,0,0,6503,9867,16678,medsl,1
2024,IL,Fulton,0,16144,0,0,5980,9827,16144,medsl,1
2004,IL,Gallatin,0,3225,0,0,1573,1619,3225,medsl,1
2008,IL,Gallatin,0,2859,0,0,1587,1212,2859,medsl,1
2012,IL,Gallatin,0,2573,0,0,1029,1492,2573,medsl,1
2016,IL,Gallatin,0,2707,0,0,657,1942,2707,medsl,1
2020,IL,Gallatin,0,2674,0,0,622,2019,2674,medsl,1
2024,IL,Gallatin,0,2530,0,0,561,1923,2530,medsl,1
2004,IL,Greene,0,6068,0,0,2457,3559,6068,medsl,1
2008,IL,Greene,0,5807,0,0,2619,3053,5807,medsl,1
2012,IL,Greene,0,5622,0,0,2023,3451,5622,medsl,1
2016,IL,Greene,0,5585,0,0,1205,4145,5585,medsl,1
2020,IL,Greene,0,6227,0,0,1349,4770,6227,medsl,1
2024,IL,Greene,0,6056,0,0,1220,4719,6056,medsl,1
2004,IL,Grundy,0,19831,0,0,8463,11198,19831,medsl,1
2008,IL,Grundy,0,22171,0,0,11063,10687,22171,medsl,1
2012,IL,Grundy,0,21244,0,0,9451,11343,21244,medsl,1
2016,IL,Grundy,0,23237,0,0,8065,13454,23237,medsl,1
2020,IL,Grundy,0,26691,0,0,9626,16523,26691,medsl,1
2024,IL,Grundy,0,26589,0,0,9143,16997,26589,medsl,1
2004,IL,Hamilton,0,4514,0,0,1814,2653,4514,medsl,1
2008,IL,Hamilton,0,4264,0,0,1796,2353,4264,medsl,1
2012,IL,Hamilton,0,3941,0,0,1269,2566,3941,medsl,1
2016,IL,Hamilton,0,4166,0,0,802,3206,4166,medsl,1
2020,IL,Hamilton,0,4315,0,0,824,3432,4315,medsl,1
2024,IL,Hamilton,0,4181,0,0,739,3385,4181,medsl,1
2004,IL,Hancock,0,9899,0,0,3975,5837,9899,medsl,1
2008,IL,Hancock,0,9469,0,0,4141,5161,9469,medsl,1
2012,IL,Hancock,0,9111,0,0,3650,5271,9111,medsl,1
2016,IL,Hancock,0,9121,0,0,2139,6430,9121,medsl,1
2020,IL,Hancock,0,9383,0,0,2315,6906,9383,medsl,1
2024,IL,Hancock,0,9065,0,0,2183,6708,9065,medsl,1
2004,IL,Hardin,0,2437,0,0,923,1501,2437,medsl,1
2008,IL,Hardin,0,2255,0,0,892,1330,2255,medsl,1
2012,IL,Hardin,0,2330,0,0,742,1535,2330,medsl,1
2016,IL,Hardin,0,2148,0,0,420,1653,2148,medsl,1
2020,IL,Hardin,0,2162,0,0,449,1691,2162,medsl,1
2024,IL,Hardin,0,1926,0,0,357,1546,1926,medsl,1
2004,IL,Henderson,0,4153,0,0,2269,1857,4153,medsl,1
2008,IL,Henderson,0,3814,0,0,2215,1541,3814,medsl,1
2012,IL,Henderson,0,3568,0,0,1978,1541,3568,medsl,1
2016,IL,Henderson,0,3518,0,0,1155,2155,3518,medsl,1
2020,IL,Henderson,0,3647,0,0,1187,2394,3647,medsl,1
2024,IL,Henderson,0,3464,0,0,1026,2369,3464,medsl,1
2004,IL,Henry,0,25241,0,0,11877,13212,25241,medsl,1
2008,IL,Henry,0,24785,0,0,13181,11263,24785,medsl,1
2012,IL,Henry,0,24322,0,0,12332,11583,24322,medsl,1
2016,IL,Henry,0,24643,0,0,8871,13985,24643,medsl,1
2020,IL,Henry,0,25635,0,0,9797,15300,25635,medsl,1
2024,IL,Henry,0,25092,0,0,9226,15359,25092,medsl,1
2004,IL,Iroquois,0,13835,0,0,3832,9914,13835,medsl,1
2008,IL,Iroquois,0,13596,0,0,4643,8695,13596,medsl,1
2012,IL,Iroquois,0,12784,0,0,3413,9120,12784,medsl,1
2016,IL,Iroquois,0,13064,0,0,2504,9750,13064,medsl,1
2020,IL,Iroquois,0,14025,0,0,2908,10877,14025,medsl,1
2024,IL,Iroquois,0,13324,0,0,2747,10376,13324,medsl,1
2004,IL,Jackson,0,25826,0,0,14300,11190,25826,medsl,0
2008,IL,Jackson,0,25532,0,0,15248,9687,25532,medsl,0
2012,IL,Jackson,0,24012,0,0,13319,9864,24012,medsl,0
2016,IL,Jackson,0,24617,0,0,11634,10843,24617,medsl,0
2020,IL,Jackson,0,22643,0,0,11181,10890,22643,medsl,0
2024,IL,Jackson,0,22465,0,0,11394,10614,22465,medsl,0
2004,IL,Jasper,0,5336,0,0,1781,3529,5336,medsl,1
2008,IL,Jasper,0,5131,0,0,2063,2964,5131,medsl,1
2012,IL,Jasper,0,5043,0,0,1436,3514,5043,medsl,1
2016,IL,Jasper,0,5136,0,0,924,3975,5136,medsl,1
2020,IL,Jasper,0,5576,0,0,1007,4494,5576,medsl,1
2024,IL,Jasper,0,5425,0,0,912,4449,5425,medsl,1
2004,IL,Jefferson,0,16948,0,0,6713,10160,16948,medsl,1
2008,IL,Jefferson,0,17141,0,0,7462,9302,17141,medsl,1
2012,IL,Jefferson,0,16320,0,0,6089,9811,16320,medsl,1
2016,IL,Jefferson,0,16999,0,0,4425,11695,16999,medsl,1
2020,IL,Jefferson,0,17404,0,0,4608,12476,17404,medsl,1
2024,IL,Jefferson,0,16662,0,0,4240,12189,16662,medsl,1
2004,IL,Jersey,0,10137,0,0,4597,5435,10137,medsl,1
2008,IL,Jersey,0,10583,0,0,5042,5329,10583,medsl,1
2012,IL,Jersey,0,9959,0,0,3667,6039,9959,medsl,1
2016,IL,Jersey,0,10991,0,0,2679,7748,10991,medsl,1
2020,IL,Jersey,0,11937,0,0,2961,8712,11937,medsl,1
2024,IL,Jersey,0,11694,0,0,2816,8684,11694,medsl,1
2004,IL,Jo Daviess,0,11584,0,0,5311,6174,11584,medsl,0
2008,IL,Jo Daviess,0,11750,0,0,6403,5170,11750,medsl,0
2012,IL,Jo Daviess,0,11429,0,0,5667,5534,11429,medsl,0
2016,IL,Jo Daviess,0,11334,0,0,4462,6121,11334,medsl,0
2020,IL,Jo Daviess,0,12496,0,0,5109,7166,12496,medsl,0
2024,IL,Jodaviess,0,12414,0,0,5051,7136,12414,medsl,0
2004,IL,Johnson,0,5865,0,0,1813,3997,5865,medsl,1
2008,IL,Johnson,0,5901,0,0,1871,3912,5901,medsl,1
2012,IL,Johnson,0,5672,0,0,1572,3963,5672,medsl,1
2016,IL,Johnson,0,6089,0,0,1142,4649,6089,medsl,1
2020,IL,Johnson,0,6437,0,0,1281,5059,6437,medsl,1
2024,IL,Johnson,0,6103,0,0,1241,4798,6103,medsl,1
2004,IL,Kane,0,171715,0,0,75922,94359,171715,medsl,1
2008,IL,Kane,0,193299,0,0,106756,83963,193299,medsl,1
2012,IL,Kane,0,181642,0,0,90332,88335,181642,medsl,1
2016,IL,Kane,0,199314,0,0,103665,82734,199314,medsl,1
2020,IL,Kane,0,231876,0,0,130166,96775,231876,medsl,1
2024,IL,Kane,0,223534,0,0,120077,99260,223534,medsl,1
2004,IL,Kankakee,0,45036,0,0,20003,24739,45036,medsl,1
2008,IL,Kankakee,0,48016,0,0,24750,22527,48016,medsl,1
2012,IL,Kankakee,0,45509,0,0,21595,23136,45509,medsl,1
2016,IL,Kankakee,0,47305,0,0,18971,25129,47305,medsl,1
2020,IL,Kankakee,0,49902,0,0,20271,28532,49902,medsl,1
2024,IL,Kankakee,0,47569,0,0,18399,28285,47569,medsl,1
2004,IL,Kendall,0,32402,0,0,12374,19774,32402,medsl,1
2008,IL,Kendall,0,46631,0,0,24742,21380,46631,medsl,1
2012,IL,Kendall,0,47295,0,0,22471,24047,47295,medsl,1
2016,IL,Kendall,0,53447,0,0,24884,24961,53447,medsl,1
2020,IL,Kendall,0,63974,0,0,33168,29492,63974,medsl,1
2024,IL,Kendall,0,66397,0,0,32977,31970,66397,medsl,1
2004,IL,Knox,0,24708,0,0,13403,11111,24708,medsl,1
2008,IL,Knox,0,23988,0,0,14191,9419,23988,medsl,1
2012,IL,Knox,0,23278,0,0,13451,9408,23278,medsl,1
2016,IL,Knox,0,22243,0,0,10083,10737,22243,medsl,1
2020,IL,Knox,0,23143,0,0,10703,12009,23143,medsl,1
2024,IL,Knox,0,22191,0,0,9838,11917,22191,medsl,1
2004,IL,Lake,0,275295,0,0,134352,139081,275295,medsl,1
2008,IL,Lake,0,299105,0,0,177242,118545,299105,medsl,1
2012,IL,Lake,0,287493,0,0,153757,129764,287493,medsl,1
2016,IL,Lake,0,303520,0,0,171095,109767,303520,medsl,1
2020,IL,Lake,0,334177,0,0,204032,123594,334177,medsl,1
2024,IL,Lake,0,310913,0,0,184642,120402,310913,medsl,1
2004,IL,Lasalle,0,50729,0,0,24263,26101,50729,medsl,1
2008,IL,Lasalle,0,50185,0,0,27443,21872,50185,medsl,1
2012,IL,Lasalle,0,47259,0,0,23073,23256,47259,medsl,1
2016,IL,Lasalle,0,49743,0,0,19543,26689,49743,medsl,1
2020,IL,Lasalle,0,53591,0,0,22442,30113,53591,medsl,1
2024,IL,Lasalle,0,52508,0,0,21029,30717,52508,medsl,1
2004,IL,Lawrence,0,6729,0,0,2518,4162,6729,medsl,1
2008,IL,Lawrence,0,6536,0,0,3016,3403,6536,medsl,1
2012,IL,Lawrence,0,5989,0,0,2011,3857,5989,medsl,1
2016,IL,Lawrence,0,6094,0,0,1290,4521,6094,medsl,1
2020,IL,Lawrence,0,6411,0,0,1419,4886,6411,medsl,1
2024,IL,Lawrence,0,6110,0,0,1283,4715,6110,medsl,1
2004,IL,Lee,0,15876,0,0,6416,9307,15876,medsl,1
2008,IL,Lee,0,16318,0,0,7765,8258,16318,medsl,1
2012,IL,Lee,0,15301,0,0,6937,8059,15301,medsl,1
2016,IL,Lee,0,15489,0,0,5528,8612,15489,medsl,1
2020,IL,Lee,0,16397,0,0,6407,9630,16397,medsl,1
2024,IL,Lee,0,16113,0,0,6105,9680,16113,medsl,1
2004,IL,Livingston,0,16039,0,0,5632,10316,16039,medsl,1
2008,IL,Livingston,0,15625,0,0,6189,9191,15625,medsl,1
2012,IL,Livingston,0,15039,0,0,5020,9753,15039,medsl,1
2016,IL,Livingston,0,15269,0,0,4023,10208,15269,medsl,1
2020,IL,Livingston,0,17174,0,0,4615,12208,17174,medsl,1
2024,IL,Livingston,0,16549,0,0,4311,11970,16549,medsl,1
2004,IL,Logan,0,13467,0,0,4273,9112,13467,medsl,1
2008,IL,Logan,0,12896,0,0,5250,7429,12896,medsl,1
2012,IL,Logan,0,12053,0,0,3978,7844,12053,medsl,1
2016,IL,Logan,0,12401,0,0,3313,8181,12401,medsl,1
2020,IL,Logan,0,13294,0,0,3840,9136,13294,medsl,1
2024,IL,Logan,0,12564,0,0,3543,8757,12564,medsl,1
2004,IL,Macon,0,51746,0,0,23341,28118,51746,medsl,1
2008,IL,Macon,0,51216,0,0,25487,24948,51216,medsl,1
2012,IL,Macon,0,48899,0,0,22780,25309,48899,medsl,1
2016,IL,Macon,0,48060,0,0,18343,26866,48060,medsl,1
2020,IL,Macon,0,49390,0,0,19847,28589,49390,medsl,1
2024,IL,Macon,0,45341,0,0,18009,26562,45341,medsl,1
2004,IL,Macoupin,0,22785,0,0,11193,11413,22785,medsl,1
2008,IL,Macoupin,0,22373,0,0,12090,9891,22373,medsl,1
2012,IL,Macoupin,0,21010,0,0,9464,10946,21010,medsl,1
2016,IL,Macoupin,0,22360,0,0,6689,14322,22360,medsl,1
2020,IL,Macoupin,0,24022,0,0,7365,16153,24022,medsl,1
2024,IL,Macoupin,0,23425,0,0,6892,16065,23425,medsl,1
2004,IL,Madison,0,123678,0,0,63399,59384,123678,medsl,1
2008,IL,Madison,0,128334,0,0,68979,57177,128334,medsl,1
2012,IL,Madison,0,122473,0,0,58922,60608,122473,medsl,1
2016,IL,Madison,0,130179,0,0,50587,70490,130179,medsl,1
2020,IL,Madison,0,137139,0,0,57836,76031,137139,medsl,1
2024,IL,Madison,0,133072,0,0,56341,73925,133072,medsl,1
2004,IL,Marion,0,17224,0,0,7694,9413,17224,medsl,1
2008,IL,Marion,0,17364,0,0,8345,8691,17364,medsl,1
2012,IL,Marion,0,15764,0,0,6225,9248,15764,medsl,1
2016,IL,Marion,0,17074,0,0,4369,11859,17074,medsl,1
2020,IL,Marion,0,17458,0,0,4524,12678,17458,medsl,1
2024,IL,Marion,0,16762,0,0,4116,12409,16762,medsl,1
2004,IL,Marshall,0,6584,0,0,2806,3734,6584,medsl,1
2008,IL,Marshall,0,6333,0,0,3081,3145,6333,medsl,1
2012,IL,Marshall,0,5850,0,0,2455,3290,5850,medsl,1
2016,IL,Marshall,0,5984,0,0,1789,3785,5984,medsl,1
2020,IL,Marshall,0,6334,0,0,2005,4197,6334,medsl,1
2024,IL,Marshall,0,6127,0,0,1913,4119,6127,medsl,1
2004,IL,Mason,0,7183,0,0,3215,3907,7183,medsl,1
2008,IL,Mason,0,6808,0,0,3542,3141,6808,medsl,1
2012,IL,Mason,0,6272,0,0,2867,3265,6272,medsl,1
2016,IL,Mason,0,6486,0,0,2014,4058,6486,medsl,1
2020,IL,Mason,0,6766,0,0,1985,4654,6766,medsl,1
2024,IL,Mason,0,6374,0,0,1773,4464,6374,medsl,1
2004,IL,Massac,0,7424,0,0,2805,4578,7424,medsl,1
2008,IL,Massac,0,7186,0,0,2693,4371,7186,medsl,1
2012,IL,Massac,0,6495,0,0,2092,4278,6495,medsl,1
2016,IL,Massac,0,6683,0,0,1558,4846,6683,medsl,1
2020,IL,Massac,0,6813,0,0,1725,4997,6813,medsl,1
2024,IL,Massac,0,6676,0,0,1683,4939,6676,medsl,1
2004,IL,Mcdonough,0,14929,0,0,7119,7656,14929,medsl,1
2008,IL,Mcdonough,0,13042,0,0,6783,6055,13042,medsl,1
2012,IL,Mcdonough,0,12454,0,0,5967,6147,12454,medsl,1
2016,IL,Mcdonough,0,13092,0,0,5288,6795,13092,medsl,1
2020,IL,Mcdonough,0,12285,0,0,4992,7027,12285,medsl,1
2024,IL,Mcdonough,0,11972,0,0,4736,6987,11972,medsl,1
2004,IL,Mchenry,0,127948,0,0,50330,76412,127948,medsl,1
2008,IL,Mchenry,0,139268,0,0,72288,64845,139268,medsl,1
2012,IL,Mchenry,0,133844,0,0,59797,71598,133844,medsl,1
2016,IL,Mchenry,0,141750,0,0,60803,71612,141750,medsl,1
2020,IL,Mchenry,0,163879,0,0,78154,82260,163879,medsl,1
2024,IL,Mchenry,0,162283,0,0,75370,83933,162283,medsl,1
2004,IL,Mclean,0,71620,0,0,29877,41276,71620,medsl,1
2008,IL,Mclean,0,75750,0,0,37689,36767,75750,medsl,1
2012,IL,Mclean,0,73382,0,0,31883,39947,73382,medsl,1
2016,IL,Mclean,0,79835,0,0,36196,37237,79835,medsl,1
2020,IL,Mclean,0,87002,0,0,43933,40502,87002,medsl,1
2024,IL,Mclean,0,86522,0,0,44495,40290,86522,medsl,1
2004,IL,Menard,0,6574,0,0,2137,4408,6574,medsl,1
2008,IL,Menard,0,6464,0,0,2706,3672,6464,medsl,1
2012,IL,Menard,0,6151,0,0,2100,3948,6151,medsl,1
2016,IL,Menard,0,6515,0,0,1817,4231,6515,medsl,1
2020,IL,Menard,0,6928,0,0,2022,4764,6928,medsl,1
2024,IL,Menard,0,6431,0,0,1834,4499,6431,medsl,1
2004,IL,Mercer,0,8974,0,0,4512,4405,8974,medsl,1
2008,IL,Mercer,0,8848,0,0,4887,3833,8848,medsl,1
2012,IL,Mercer,0,8534,0,0,4507,3876,8534,medsl,1
2016,IL,Mercer,0,8525,0,0,3071,4807,8525,medsl,1
2020,IL,Mercer,0,8893,0,0,3280,5418,8893,medsl,1
2024,IL,Mercer,0,8346,0,0,2950,5215,8346,medsl,1
2004,IL,Monroe,0,16370,0,0,6788,9468,16370,medsl,1
2008,IL,Monroe,0,18083,0,0,7953,9881,18083,medsl,1
2012,IL,Monroe,0,17432,0,0,6215,10888,17432,medsl,1
2016,IL,Monroe,0,19354,0,0,5535,12629,19354,medsl,1
2020,IL,Monroe,0,21148,0,0,6569,14142,21148,medsl,1
2024,IL,Monroe,0,20902,0,0,6473,14055,20902,medsl,1
2004,IL,Montgomery,0,12930,0,0,5979,6851,12930,medsl,1
2008,IL,Montgomery,0,12871,0,0,6491,6150,12871,medsl,1
2012,IL,Montgomery,0,12133,0,0,5058,6776,12133,medsl,1
2016,IL,Montgomery,0,12978,0,0,3504,8630,12978,medsl,1
2020,IL,Montgomery,0,13727,0,0,3905,9544,13727,medsl,1
2024,IL,Montgomery,0,13203,0,0,3573,9378,13203,medsl,1
2004,IL,Morgan,0,15180,0,0,5650,9392,15180,medsl,1
2008,IL,Morgan,0,15353,0,0,7467,7591,15353,medsl,1
2012,IL,Morgan,0,14096,0,0,5806,7972,14096,medsl,1
2016,IL,Morgan,0,14800,0,0,4696,9076,14800,medsl,1
2020,IL,Morgan,0,15309,0,0,5076,9950,15309,medsl,1
2024,IL,Morgan,0,14677,0,0,4848,9607,14677,medsl,1
2004,IL,Moultrie,0,6466,0,0,2388,4028,6466,medsl,1
2008,IL,Moultrie,0,6260,0,0,2668,3471,6260,medsl,1
2012,IL,Moultrie,0,6057,0,0,2144,3784,6057,medsl,1
2016,IL,Moultrie,0,6283,0,0,1481,4455,6283,medsl,1
2020,IL,Moultrie,0,6744,0,0,1662,4964,6744,medsl,1
2024,IL,Moultrie,0,6528,0,0,1615,4816,6528,medsl,1
2004,IL,Ogle,0,24091,0,0,9018,14918,24091,medsl,1
2008,IL,Ogle,0,24850,0,0,11253,13144,24850,medsl,1
2012,IL,Ogle,0,23367,0,0,9514,13422,23367,medsl,1
2016,IL,Ogle,0,24193,0,0,8050,14352,24193,medsl,1
2020,IL,Ogle,0,26272,0,0,9428,16248,26272,medsl,1
2024,IL,Ogle,0,25799,0,0,8883,16450,25799,medsl,1
2004,IL,Peoria,0,82771,0,0,41121,41051,82771,medsl,1
2008,IL,Peoria,0,81704,0,0,45906,34579,81704,medsl,1
2012,IL,Peoria,0,78411,0,0,40209,36774,78411,medsl,1
2016,IL,Peoria,0,78503,0,0,38060,35633,78503,medsl,1
2020,IL,Peoria,0,83973,0,0,43578,38252,83973,medsl,1
2024,IL,Peoria,0,79138,0,0,40564,36896,79138,medsl,1
2004,IL,Perry,0,10425,0,0,4770,5589,10425,medsl,1
2008,IL,Perry,0,9995,0,0,4701,5086,9995,medsl,1
2012,IL,Perry,0,9549,0,0,3819,5507,9549,medsl,1
2016,IL,Perry,0,9853,0,0,2462,6855,9853,medsl,1
2020,IL,Perry,0,10053,0,0,2612,7313,10053,medsl,1
2024,IL,Perry,0,9248,0,0,2146,6949,9248,medsl,1
2004,IL,Piatt,0,8586,0,0,3124,5392,8586,medsl,1
2008,IL,Piatt,0,8999,0,0,3859,4991,8999,medsl,1
2012,IL,Piatt,0,8707,0,0,3090,5413,8707,medsl,1
2016,IL,Piatt,0,9008,0,0,2645,5634,9008,medsl,1
2020,IL,Piatt,0,9822,0,0,3329,6248,9822,medsl,1
2024,IL,Piatt,0,9508,0,0,3204,6104,9508,medsl,1
2004,IL,Pike,0,7980,0,0,2849,5032,7980,medsl,1
2008,IL,Pike,0,7616,0,0,3024,4457,7616,medsl,1
2012,IL,Pike,0,7286,0,0,2278,4860,7286,medsl,1
2016,IL,Pike,0,7530,0,0,1413,5754,7530,medsl,1
2020,IL,Pike,0,7949,0,0,1484,6332,7949,medsl,1
2024,IL,Pike,0,7509,0,0,1302,6086,7509,medsl,1
2004,IL,Pope,0,2436,0,0,918,1500,2436,medsl,1
2008,IL,Pope,0,2231,0,0,845,1343,2231,medsl,1
2012,IL,Pope,0,2222,0,0,650,1512,2222,medsl,1
2016,IL,Pope,0,2142,0,0,375,1678,2142,medsl,1
2020,IL,Pope,0,2175,0,0,433,1722,2175,medsl,1
2024,IL,Pope,0,2133,0,0,416,1698,2133,medsl,1
2004,IL,Pulaski,0,3108,0,0,1372,1720,3108,medsl,1
2008,IL,Pulaski,0,3270,0,0,1638,1593,3270,medsl,1
2012,IL,Pulaski,0,3003,0,0,1389,1564,3003,medsl,1
2016,IL,Pulaski,0,2735,0,0,962,1675,2735,medsl,1
2020,IL,Pulaski,0,2624,0,0,891,1699,2624,medsl,1
2024,IL,Pulaski,0,2381,0,0,769,1583,2381,medsl,1
2004,IL,Putnam,0,3352,0,0,1704,1623,3352,medsl,1
2008,IL,Putnam,0,3337,0,0,1900,1378,3337,medsl,1
2012,IL,Putnam,0,3135,0,0,1559,1502,3135,medsl,1
2016,IL,Putnam,0,3111,0,0,1147,1767,3111,medsl,1
2020,IL,Putnam,0,3390,0,0,1338,1993,3390,medsl,1
2024,IL,Putnam,0,3334,0,0,1254,2014,3334,medsl,1
2004,IL,Randolph,0,14956,0,0,6771,8076,14956,medsl,1
2008,IL,Randolph,0,15202,0,0,7395,7538,15202,medsl,1
2012,IL,Randolph,0,14392,0,0,5759,8290,14392,medsl,1
2016,IL,Randolph,0,14194,0,0,3439,10023,14194,medsl,1
2020,IL,Randolph,0,14891,0,0,3592,11076,14891,medsl,1
2024,IL,Randolph,0,14333,0,0,3461,10624,14333,medsl,1
2004,IL,Richland,0,7749,0,0,2529,5153,7749,medsl,1
2008,IL,Richland,0,7650,0,0,3181,4329,7650,medsl,1
2012,IL,Richland,0,7282,0,0,2362,4756,7282,medsl,1
2016,IL,Richland,0,7684,0,0,1584,5739,7684,medsl,1
2020,IL,Richland,0,8063,0,0,1830,6089,8063,medsl,1
2024,IL,Richland,0,7755,0,0,1747,5889,7755,medsl,1
2004,IL,Rock Island,0,69972,0,0,39880,29663,69972,medsl,1
2008,IL,Rock Island,0,68401,0,0,42210,25364,68401,medsl,1
2012,IL,Rock Island,0,65016,0,0,39157,24934,65016,medsl,1
2016,IL,Rock Island,0,63994,0,0,32298,26998,63994,medsl,1
2020,IL,Rock Island,0,66758,0,0,36691,28603,66758,medsl,1
2024,IL,Rock Island,0,63458,0,0,34126,28061,63458,medsl,1
2004,IL,Saline,0,11814,0,0,4697,7057,11814,medsl,1
2008,IL,Saline,0,11428,0,0,5083,6099,11428,medsl,1
2012,IL,Saline,0,10720,0,0,3701,6806,10720,medsl,1
2016,IL,Saline,0,11384,0,0,2572,8276,11384,medsl,1
2020,IL,Saline,0,11066,0,0,2789,8103,11066,medsl,1
2024,IL,Saline,0,10605,0,0,2634,7830,10605,medsl,1
2004,IL,Sangamon,0,95375,0,0,38630,55904,95375,medsl,1
2008,IL,Sangamon,0,99828,0,0,51300,46945,99828,medsl,1
2012,IL,Sangamon,0,94297,0,0,42107,50225,94297,medsl,1
2016,IL,Sangamon,0,98373,0,0,40907,49944,98373,medsl,1
2020,IL,Sangamon,0,104752,0,0,48917,53485,104752,medsl,1
2024,IL,Sangamon,0,99171,0,0,46074,50979,99171,medsl,1
2004,IL,Schuyler,0,4031,0,0,1594,2403,4031,medsl,1
2008,IL,Schuyler,0,3823,0,0,1900,1833,3823,medsl,1
2012,IL,Schuyler,0,3890,0,0,1727,2069,3890,medsl,1
2016,IL,Schuyler,0,3828,0,0,1075,2524,3828,medsl,1
2020,IL,Schuyler,0,3906,0,0,1068,2773,3906,medsl,1
2024,IL,Schuyler,0,3759,0,0,961,2720,3759,medsl,1
2004,IL,Scott,0,2636,0,0,927,1696,2636,medsl,1
2008,IL,Scott,0,2600,0,0,1090,1455,2600,medsl,1
2012,IL,Scott,0,2555,0,0,910,1587,2555,medsl,1
2016,IL,Scott,0,2608,0,0,535,1966,2608,medsl,1
2020,IL,Scott,0,2737,0,0,572,2114,2737,medsl,1
2024,IL,Scott,0,2587,0,0,488,2071,2587,medsl,1
2004,IL,Shelby,0,10577,0,0,3744,6753,10577,medsl,1
2008,IL,Shelby,0,10868,0,0,4245,6396,10868,medsl,1
2012,IL,Shelby,0,10395,0,0,3342,6843,10395,medsl,1
2016,IL,Shelby,0,11010,0,0,2288,8229,11010,medsl,1
2020,IL,Shelby,0,12097,0,0,2504,9426,12097,medsl,1
2024,IL,Shelby,0,11670,0,0,2240,9267,11670,medsl,1
2004,IL,St. Clair,0,113189,0,0,62410,50203,113189,medsl,1
2008,IL,St. Clair,0,125744,0,0,76160,47958,125744,medsl,1
2012,IL,St. Clair,0,119466,0,0,67285,50125,119466,medsl,1
2016,IL,St. Clair,0,120580,0,0,60756,53857,120580,medsl,1
2020,IL,St. Clair,0,128091,0,0,68325,57150,128091,medsl,1
2024,IL,St. Clair,0,119962,0,0,63433,54021,119962,medsl,1
2004,IL,Stark,0,3061,0,0,1189,1841,3061,medsl,1
2008,IL,Stark,0,2907,0,0,1357,1513,2907,medsl,1
2012,IL,Stark,0,2662,0,0,1095,1528,2662,medsl,1
2016,IL,Stark,0,2743,0,0,751,1778,2743,medsl,1
2020,IL,Stark,0,2883,0,0,815,2004,2883,medsl,1
2024,IL,Stark,0,2761,0,0,725,1983,2761,medsl,1
2004,IL,Stephenson,0,21320,0,0,8913,12212,21320,medsl,1
2008,IL,Stephenson,0,21605,0,0,11349,9909,21605,medsl,1
2012,IL,Stephenson,0,21055,0,0,10165,10512,21055,medsl,1
2016,IL,Stephenson,0,20343,0,0,7768,11083,20343,medsl,1
2020,IL,Stephenson,0,22048,0,0,9055,12521,22048,medsl,1
2024,IL,Stephenson,0,20995,0,0,8278,12347,20995,medsl,1
2004,IL,Tazewell,0,62338,0,0,25814,36058,62338,medsl,1
2008,IL,Tazewell,0,63854,0,0,29384,33247,63854,medsl,1
2012,IL,Tazewell,0,61048,0,0,24438,35335,61048,medsl,1
2016,IL,Tazewell,0,64400,0,0,20685,38707,64400,medsl,1
2020,IL,Tazewell,0,69052,0,0,24819,42513,69052,medsl,1
2024,IL,Tazewell,0,68027,0,0,24325,42451,68027,medsl,1
2004,IL,Union,0,9119,0,0,3735,5333,9119,medsl,1
2008,IL,Union,0,9116,0,0,3918,5003,9116,medsl,1
2012,IL,Union,0,8282,0,0,3137,4957,8282,medsl,1
2016,IL,Union,0,8537,0,0,2402,5790,8537,medsl,1
2020,IL,Union,0,8886,0,0,2579,6161,8886,medsl,1
2024,IL,Union,0,8226,0,0,2285,5837,8226,medsl,1
2004,IL,Vermilion,0,33714,0,0,14726,18731,33714,medsl,1
2008,IL,Vermilion,0,32872,0,0,16246,16054,32872,medsl,1
2012,IL,Vermilion,0,30314,0,0,12878,16892,30314,medsl,1
2016,IL,Vermilion,0,30570,0,0,10039,19087,30570,medsl,1
2020,IL,Vermilion,0,31584,0,0,10323,20725,31584,medsl,1
2024,IL,Vermilion,0,29549,0,0,9254,19777,29549,medsl,1
2004,IL,Wabash,0,6006,0,0,1752,4212,6006,medsl,1
2008,IL,Wabash,0,5782,0,0,2462,3254,5782,medsl,1
2012,IL,Wabash,0,5134,0,0,1590,3478,5134,medsl,1
2016,IL,Wabash,0,5464,0,0,1151,4047,5464,medsl,1
2020,IL,Wabash,0,5593,0,0,1253,4237,5593,medsl,1
2024,IL,Wabash,0,5377,0,0,1200,4095,5377,medsl,1
2004,IL,Warren,0,8457,0,0,3938,4474,8457,medsl,1
2008,IL,Warren,0,8029,0,0,4286,3637,8029,medsl,1
2012,IL,Warren,0,7793,0,0,4044,3618,7793,medsl,1
2016,IL,Warren,0,7807,0,0,2987,4275,7807,medsl,1
2020,IL,Warren,0,7909,0,0,3090,4676,7909,medsl,1
2024,IL,Warren,0,7447,0,0,2711,4579,7447,medsl,1
2004,IL,Washington,0,8104,0,0,2986,5072,8104,medsl,1
2008,IL,Washington,0,7932,0,0,3342,4473,7932,medsl,1
2012,IL,Washington,0,7405,0,0,2450,4792,7405,medsl,1
2016,IL,Washington,0,7427,0,0,1448,5571,7427,medsl,1
2020,IL,Washington,0,7902,0,0,1641,6115,7902,medsl,1
2024,IL,Washington,0,7562,0,0,1564,5892,7562,medsl,1
2004,IL,Wayne,0,8287,0,0,2139,6102,8287,medsl,1
2008,IL,Wayne,0,8071,0,0,2547,5390,8071,medsl,1
2012,IL,Wayne,0,7680,0,0,1514,5988,7680,medsl,1
2016,IL,Wayne,0,8261,0,0,1048,6967,8261,medsl,1
2020,IL,Wayne,0,8486,0,0,1187,7176,8486,medsl,1
2024,IL,Wayne,0,8275,0,0,1155,7019,8275,medsl,1
2004,IL,White,0,8301,0,0,3071,5180,8301,medsl,1
2008,IL,White,0,7453,0,0,3315,3987,7453,medsl,1
2012,IL,White,0,7064,0,0,2188,4731,7064,medsl,1
2016,IL,White,0,7335,0,0,1412,5640,7335,medsl,1
2020,IL,White,0,7421,0,0,1517,5791,7421,medsl,1
2024,IL,White,0,7067,0,0,1390,5586,7067,medsl,1
2004,IL,Whiteside,0,26873,0,0,13723,12959,26873,medsl,1
2008,IL,Whiteside,0,26906,0,0,15607,10883,26906,medsl,1
2012,IL,Whiteside,0,25654,0,0,14833,10334,25654,medsl,1
2016,IL,Whiteside,0,25582,0,0,11035,12615,25582,medsl,1
2020,IL,Whiteside,0,27375,0,0,12253,14527,27375,medsl,1
2024,IL,Whiteside,0,26447,0,0,11012,14898,26447,medsl,1
2004,IL,Will,0,246409,0,0,115625,129098,246409,medsl,1
2008,IL,Will,0,286420,0,0,160406,122597,286420,medsl,1
2012,IL,Will,0,277387,0,0,144229,128969,277387,medsl,1
2016,IL,Will,0,300904,0,0,151927,132720,300904,medsl,1
2020,IL,Will,0,345105,0,0,183915,155116,345105,medsl,1
2024,IL,Will,0,327604,0,0,162874,157672,327604,medsl,1
2004,IL,Williamson,0,29960,0,0,11685,18086,29960,medsl,1
2008,IL,Williamson,0,30821,0,0,12914,17387,30821,medsl,1
2012,IL,Williamson,0,29143,0,0,10647,17909,29143,medsl,1
2016,IL,Williamson,0,31852,0,0,8581,21570,31852,medsl,1
2020,IL,Williamson,0,33653,0,0,10206,22801,33653,medsl,1
2024,IL,Williamson,0,33068,0,0,9890,22686,33068,medsl,1
2004,IL,Winnebago,0,121425,0,0,59740,60782,121425,medsl,1
2008,IL,Winnebago,0,126031,0,0,70034,53886,126031,medsl,1
2012,IL,Winnebago,0,118984,0,0,61732,55138,118984,medsl,1
2016,IL,Winnebago,0,118376,0,0,55713,55624,118376,medsl,1
2020,IL,Winnebago,0,127709,0,0,64056,60861,127709,medsl,1
2024,IL,Winnebago,0,121347,0,0,59942,59257,121347,medsl,1
2004,IL,Woodford,0,18802,0,0,6005,12698,18802,medsl,1
2008,IL,Woodford,0,19483,0,0,6999,12191,19483,medsl,1
2012,IL,Woodford,0,18874,0,0,5572,12961,18874,medsl,1
2016,IL,Woodford,0,19864,0,0,5092,13207,19864,medsl,1
2020,IL,Woodford,0,21432,0,0,6160,14799,21432,medsl,1
2024,IL,Woodford,0,21123,0,0,5958,14837,21123,medsl,1
2004,IN,Adams,0,13340,0,0,3512,9734,13340,medsl,1
2008,IN,Adams,0,13513,0,0,4928,8404,13513,medsl,1
2012,IN,Adams,0,13011,0,0,3806,8937,13011,medsl,1
2016,IN,Adams,0,13090,0,0,2805,9648,13090,medsl,1
2020,IN,Adams,0,14209,0,0,3236,10686,14209,medsl,1
2024,IN,Adams,0,13966,0,0,3179,10528,13966,medsl,1
2004,IN,Allen,0,129609,0,0,46710,82013,129609,medsl,1
2008,IN,Allen,0,150324,0,0,71263,77793,150324,medsl,1
2012,IN,Allen,0,146939,0,0,60036,84613,146939,medsl,1
2016,IN,Allen,0,147137,0,0,55382,83930,147137,medsl,1
2020,IN,Allen,0,169082,0,0,73189,92083,169082,medsl,1
2024,IN,Allen,0,163163,0,0,69960,90283,163163,medsl,1
2004,IN,Bartholomew,0,28515,0,0,9191,19093,28515,medsl,1
2008,IN,Bartholomew,0,31043,0,0,13567,17067,31043,medsl,1
2012,IN,Bartholomew,0,29326,0,0,10625,18083,29326,medsl,1
2016,IN,Bartholomew,0,32490,0,0,9841,20640,32490,medsl,1
2020,IN,Bartholomew,0,36235,0,0,12934,22410,36235,medsl,1
2024,IN,Bartholomew,0,35488,0,0,12525,22220,35488,medsl,1
2004,IN,Benton,0,3992,0,0,1135,2797,3992,medsl,1
2008,IN,Benton,0,3814,0,0,1563,2183,3814,medsl,1
2012,IN,Benton,0,3578,0,0,1159,2329,3578,medsl,1
2016,IN,Benton,0,3666,0,0,860,2579,3666,medsl,1
2020,IN,Benton,0,4114,0,0,1009,3007,4114,medsl,1
2024,IN,Benton,0,3954,0,0,1010,2873,3954,medsl,1
2004,IN,Blackford,0,5380,0,0,1903,3447,5380,medsl,1
2008,IN,Blackford,0,5441,0,0,2677,2690,5441,medsl,1
2012,IN,Blackford,0,4743,0,0,1927,2711,4743,medsl,1
2016,IN,Blackford,0,4839,0,0,1243,3350,4839,medsl,1
2020,IN,Blackford,0,5351,0,0,1376,3841,5351,medsl,1
2024,IN,Blackford,0,5136,0,0,1227,3811,5136,medsl,1
2004,IN,Boone,0,22898,0,0,5636,17055,22898,medsl,0
2008,IN,Boone,0,26647,0,0,9752,16622,26647,medsl,0
2012,IN,Boone,0,27737,0,0,8328,18808,27737,medsl,0
2016,IN,Boone,0,32178,0,0,10181,19654,32178,medsl,0
2020,IN,Boone,0,38520,0,0,15244,22351,38520,medsl,0
2024,IN,Boone,0,40109,0,0,16426,22840,40109,medsl,0
2004,IN,Brown,0,7330,0,0,2730,4512,7330,medsl,1
2008,IN,Brown,0,8055,0,0,3854,4060,8055,medsl,1
2012,IN,Brown,0,7604,0,0,3060,4332,7604,medsl,1
2016,IN,Brown,0,7945,0,0,2518,5016,7945,medsl,1
2020,IN,Brown,0,8981,0,0,3036,5777,8981,medsl,1
2024,IN,Brown,0,8627,0,0,2832,5647,8627,medsl,1
2004,IN,Carroll,0,8638,0,0,2689,5868,8638,medsl,1
2008,IN,Carroll,0,8736,0,0,3736,4858,8736,medsl,1
2012,IN,Carroll,0,7810,0,0,2635,4999,7810,medsl,1
2016,IN,Carroll,0,8643,0,0,1892,6273,8643,medsl,1
2020,IN,Carroll,0,9495,0,0,2224,7086,9495,medsl,1
2024,IN,Carroll,0,9184,0,0,2120,6902,9184,medsl,1
2004,IN,Cass,0,13931,0,0,4315,9480,13931,medsl,1
2008,IN,Cass,0,15653,0,0,7011,8346,15653,medsl,1
2012,IN,Cass,0,14161,0,0,5371,8443,14161,medsl,1
2016,IN,Cass,0,14209,0,0,3759,9701,14209,medsl,1
2020,IN,Cass,0,15198,0,0,4304,10552,15198,medsl,1
2024,IN,Cass,0,14213,0,0,3722,10285,14213,medsl,1
2004,IN,Clark,0,42337,0,0,17648,24495,42337,medsl,1
2008,IN,Clark,0,47725,0,0,21953,25326,47725,medsl,1
2012,IN,Clark,0,47146,0,0,20807,25450,47146,medsl,1
2016,IN,Clark,0,51147,0,0,18808,30035,51147,medsl,1
2020,IN,Clark,0,57869,0,0,23093,33668,57869,medsl,1
2024,IN,Clark,0,58612,0,0,22810,34734,58612,medsl,1
2004,IN,Clay,0,10783,0,0,3333,7361,10783,medsl,1
2008,IN,Clay,0,11395,0,0,4954,6267,11395,medsl,1
2012,IN,Clay,0,10784,0,0,3460,7096,10784,medsl,1
2016,IN,Clay,0,11282,0,0,2306,8531,11282,medsl,1
2020,IN,Clay,0,12267,0,0,2552,9499,12267,medsl,1
2024,IN,Clay,0,12055,0,0,2495,9354,12055,medsl,1
2004,IN,Clinton,0,11877,0,0,3335,8471,11877,medsl,1
2008,IN,Clinton,0,12392,0,0,5307,6919,12392,medsl,1
2012,IN,Clinton,0,9883,0,0,3308,6338,9883,medsl,1
2016,IN,Clinton,0,11936,0,0,2819,8531,11936,medsl,1
2020,IN,Clinton,0,12949,0,0,3361,9334,12949,medsl,1
2024,IN,Clinton,0,12450,0,0,3135,9108,12450,medsl,1
2004,IN,Crawford,0,4574,0,0,1932,2609,4574,medsl,1
2008,IN,Crawford,0,4744,0,0,2286,2393,4744,medsl,1
2012,IN,Crawford,0,4590,0,0,2041,2421,4590,medsl,1
2016,IN,Crawford,0,4593,0,0,1323,3015,4593,medsl,1
2020,IN,Crawford,0,4944,0,0,1355,3483,4944,medsl,1
2024,IN,Crawford,0,5011,0,0,1235,3668,5011,medsl,1
2004,IN,Daviess,0,10599,0,0,2573,7936,10599,medsl,1
2008,IN,Daviess,0,10586,0,0,3370,7098,10586,medsl,1
2012,IN,Daviess,0,10250,0,0,2437,7638,10250,medsl,1
2016,IN,Daviess,0,10768,0,0,1800,8545,10768,medsl,1
2020,IN,Daviess,0,11954,0,0,2169,9576,11954,medsl,1
2024,IN,Daviess,0,11449,0,0,1963,9322,11449,medsl,1
2004,IN,Dearborn,0,20969,0,0,6596,14231,20969,medsl,1
2008,IN,Dearborn,0,22217,0,0,7123,14886,22217,medsl,1
2012,IN,Dearborn,0,22356,0,0,6528,15394,22356,medsl,1
2016,IN,Dearborn,0,23987,0,0,4883,18113,23987,medsl,1
2020,IN,Dearborn,0,25383,0,0,5446,19528,25383,medsl,1
2024,IN,Dearborn,0,26600,0,0,5335,20844,26600,medsl,1
2004,IN,Decatur,0,10199,0,0,2621,7499,10199,medsl,1
2008,IN,Decatur,0,10488,0,0,3892,6449,10488,medsl,1
2012,IN,Decatur,0,10308,0,0,2941,7119,10308,medsl,1
2016,IN,Decatur,0,11127,0,0,2121,8490,11127,medsl,1
2020,IN,Decatur,0,12287,0,0,2439,9575,12287,medsl,1
2024,IN,Decatur,0,12111,0,0,2406,9491,12111,medsl,1
2004,IN,Dekalb,0,15403,0,0,4810,10468,15403,medsl,0
2008,IN,Dekalb,0,17149,0,0,7175,9780,17149,medsl,0
2012,IN,Dekalb,0,16328,0,0,5419,10587,16328,medsl,0
2016,IN,Dekalb,0,16902,0,0,3942,12054,16902,medsl,0
2020,IN,Dekalb,0,19628,0,0,4966,14237,19628,medsl,0
2024,IN,Dekalb,0,19792,0,0,5064,14377,19792,medsl,0
2004,IN,Delaware,0,47939,0,0,20436,27064,47939,medsl,1
2008,IN,Delaware,0,49863,0,0,28384,20916,49863,medsl,1
2012,IN,Delaware,0,44968,0,0,22654,21251,44968,medsl,1
2016,IN,Delaware,0,45123,0,0,18153,24263,45123,medsl,1
2020,IN,Delaware,0,48191,0,0,20474,26827,48191,medsl,1
2024,IN,Delaware,0,45784,0,0,18848,26067,45784,medsl,1
2004,IN,Dubois,0,17066,0,0,5210,11726,17066,medsl,1
2008,IN,Dubois,0,18565,0,0,8748,9526,18565,medsl,1
2012,IN,Dubois,0,18542,0,0,6522,11654,18542,medsl,1
2016,IN,Dubois,0,19984,0,0,5389,13365,19984,medsl,1
2020,IN,Dubois,0,21770,0,0,6292,15033,21770,medsl,1
2024,IN,Dubois,0,21424,0,0,5944,14983,21424,medsl,1
2004,IN,Elkhart,0,61380,0,0,17966,42967,61380,medsl,1
2008,IN,Elkhart,0,71458,0,0,31398,39396,71458,medsl,1
2012,IN,Elkhart,0,67852,0,0,24399,42378,67852,medsl,1
2016,IN,Elkhart,0,65630,0,0,20740,41867,65630,medsl,1
2020,IN,Elkhart,0,74387,0,0,26108,46972,74387,medsl,1
2024,IN,Elkhart,0,69765,0,0,23082,45652,69765,medsl,1
2004,IN,Fayette,0,9468,0,0,3626,5761,9468,medsl,1
2008,IN,Fayette,0,9462,0,0,4389,4917,9462,medsl,1
2012,IN,Fayette,0,8837,0,0,3555,5045,8837,medsl,1
2016,IN,Fayette,0,9530,0,0,2252,6839,9530,medsl,1
2020,IN,Fayette,0,10136,0,0,2237,7755,10136,medsl,1
2024,IN,Fayette,0,9838,0,0,2084,7625,9838,medsl,1
2004,IN,Floyd,0,33890,0,0,13857,19877,33890,medsl,1
2008,IN,Floyd,0,36537,0,0,16263,19957,36537,medsl,1
2012,IN,Floyd,0,35305,0,0,14812,19878,35305,medsl,1
2016,IN,Floyd,0,37425,0,0,13945,21432,37425,medsl,1
2020,IN,Floyd,0,41802,0,0,17511,23400,41802,medsl,1
2024,IN,Floyd,0,41181,0,0,17025,23408,41181,medsl,1
2004,IN,Fountain,0,7804,0,0,2477,5260,7804,medsl,1
2008,IN,Fountain,0,7410,0,0,3094,4158,7410,medsl,1
2012,IN,Fountain,0,7111,0,0,2237,4664,7111,medsl,1
2016,IN,Fountain,0,7492,0,0,1476,5662,7492,medsl,1
2020,IN,Fountain,0,7986,0,0,1629,6154,7986,medsl,1
2024,IN,Fountain,0,7982,0,0,1526,6311,7982,medsl,1
2004,IN,Franklin,0,9992,0,0,2925,6977,9992,medsl,1
2008,IN,Franklin,0,10610,0,0,3404,7018,10610,medsl,1
2012,IN,Franklin,0,10560,0,0,2909,7424,10560,medsl,1
2016,IN,Franklin,0,11013,0,0,1969,8669,11013,medsl,1
2020,IN,Franklin,0,12000,0,0,2137,9691,12000,medsl,1
2024,IN,Franklin,0,12034,0,0,2061,9810,12034,medsl,1
2004,IN,Fulton,0,8703,0,0,2607,6027,8703,medsl,1
2008,IN,Fulton,0,9006,0,0,3702,5147,9006,medsl,1
2012,IN,Fulton,0,8126,0,0,2621,5317,8126,medsl,1
2016,IN,Fulton,0,8374,0,0,1960,6010,8374,medsl,1
2020,IN,Fulton,0,9147,0,0,2280,6694,9147,medsl,1
2024,IN,Fulton,0,8854,0,0,2097,6633,8854,medsl,1
2004,IN,Gibson,0,14614,0,0,5378,9133,14614,medsl,1
2008,IN,Gibson,0,15095,0,0,6455,8449,15095,medsl,1
2012,IN,Gibson,0,14721,0,0,4928,9487,14721,medsl,1
2016,IN,Gibson,0,15484,0,0,3721,11081,15484,medsl,1
2020,IN,Gibson,0,16161,0,0,4023,11817,16161,medsl,1
2024,IN,Gibson,0,15901,0,0,3722,11896,15901,medsl,1
2004,IN,Grant,0,27460,0,0,8509,18769,27460,medsl,1
2008,IN,Grant,0,26299,0,0,11293,14734,26299,medsl,1
2012,IN,Grant,0,25285,0,0,9589,15151,25285,medsl,1
2016,IN,Grant,0,25312,0,0,7010,17008,25312,medsl,1
2020,IN,Grant,0,27159,0,0,8015,18543,27159,medsl,1
2024,IN,Grant,0,25156,0,0,7083,17580,25156,medsl,1
2004,IN,Greene,0,13352,0,0,4606,8609,13352,medsl,1
2008,IN,Greene,0,13629,0,0,5709,7691,13629,medsl,1
2012,IN,Greene,0,13111,0,0,4350,8457,13111,medsl,1
2016,IN,Greene,0,13801,0,0,2929,10277,13801,medsl,1
2020,IN,Greene,0,14784,0,0,3389,11103,14784,medsl,1
2024,IN,Greene,0,14633,0,0,3270,11132,14633,medsl,1
2004,IN,Hamilton,0,104906,0,0,26388,77887,104906,medsl,0
2008,IN,Hamilton,0,129064,0,0,49704,78401,129064,medsl,0
2012,IN,Hamilton,0,136863,0,0,43796,90747,136863,medsl,0
2016,IN,Hamilton,0,154256,0,0,57263,87404,154256,medsl,0
2020,IN,Hamilton,0,193999,0,0,88390,101587,193999,medsl,0
2024,IN,Hamilton,0,196727,0,0,90394,102318,196727,medsl,0
2004,IN,Hancock,0,27867,0,0,6912,20771,27867,medsl,0
2008,IN,Hancock,0,34253,0,0,11874,22008,34253,medsl,0
2012,IN,Hancock,0,32843,0,0,9319,22796,32843,medsl,0
2016,IN,Hancock,0,36181,0,0,8904,25074,36181,medsl,0
2020,IN,Hancock,0,42911,0,0,12895,28996,42911,medsl,0
2024,IN,Hancock,0,44450,0,0,14312,29288,44450,medsl,0
2004,IN,Harrison,0,17310,0,0,6171,11015,17310,medsl,1
2008,IN,Harrison,0,18091,0,0,7288,10551,18091,medsl,1
2012,IN,Harrison,0,17671,0,0,6607,10640,17671,medsl,1
2016,IN,Harrison,0,18558,0,0,4783,12943,18558,medsl,1
2020,IN,Harrison,0,20236,0,0,5343,14565,20236,medsl,1
2024,IN,Harrison,0,20448,0,0,5233,14830,20448,medsl,1
2004,IN,Hendricks,0,52302,0,0,13548,38430,52302,medsl,1
2008,IN,Hendricks,0,64955,0,0,24548,39728,64955,medsl,1
2012,IN,Hendricks,0,66644,0,0,21112,44312,66644,medsl,1
2016,IN,Hendricks,0,75559,0,0,22600,48337,75559,medsl,1
2020,IN,Hendricks,0,88505,0,0,32604,53802,88505,medsl,1
2024,IN,Hendricks,0,83189,0,0,31917,49783,83189,medsl,1
2004,IN,Henry,0,20504,0,0,7176,13137,20504,medsl,1
2008,IN,Henry,0,21319,0,0,10059,10896,21319,medsl,1
2012,IN,Henry,0,19007,0,0,7613,10838,19007,medsl,1
2016,IN,Henry,0,20155,0,0,5124,13895,20155,medsl,1
2020,IN,Henry,0,21030,0,0,5544,15043,21030,medsl,1
2024,IN,Henry,0,20604,0,0,5208,15033,20604,medsl,1
2004,IN,Howard,0,37021,0,0,12998,23714,37021,medsl,1
2008,IN,Howard,0,38624,0,0,17871,20248,38624,medsl,1
2012,IN,Howard,0,36290,0,0,15135,20327,36290,medsl,1
2016,IN,Howard,0,36843,0,0,11215,23675,36843,medsl,1
2020,IN,Howard,0,40630,0,0,13303,26449,40630,medsl,1
2024,IN,Howard,0,38784,0,0,12197,25871,38784,medsl,1
2004,IN,Huntington,0,15627,0,0,3877,11617,15627,medsl,1
2008,IN,Huntington,0,16328,0,0,5843,10291,16328,medsl,1
2012,IN,Huntington,0,15765,0,0,4596,10862,15765,medsl,1
2016,IN,Huntington,0,16043,0,0,3506,11649,16043,medsl,1
2020,IN,Huntington,0,17829,0,0,4255,13147,17829,medsl,1
2024,IN,Huntington,0,17735,0,0,4416,12990,17735,medsl,1
2004,IN,Jackson,0,16309,0,0,5092,11083,16309,medsl,1
2008,IN,Jackson,0,17374,0,0,7354,9726,17374,medsl,1
2012,IN,Jackson,0,16712,0,0,5838,10419,16712,medsl,1
2016,IN,Jackson,0,17573,0,0,3843,12859,17573,medsl,1
2020,IN,Jackson,0,19238,0,0,4302,14555,19238,medsl,1
2024,IN,Jackson,0,18654,0,0,4015,14323,18654,medsl,1
2004,IN,Jasper,0,11844,0,0,3678,8056,11844,medsl,1
2008,IN,Jasper,0,12875,0,0,5044,7669,12875,medsl,1
2012,IN,Jasper,0,12896,0,0,4672,7955,12896,medsl,1
2016,IN,Jasper,0,13378,0,0,3329,9382,13378,medsl,1
2020,IN,Jasper,0,15475,0,0,3798,11383,15475,medsl,1
2024,IN,Jasper,0,15826,0,0,3489,12082,15826,medsl,1
2004,IN,Jay,0,8232,0,0,2740,5427,8232,medsl,1
2008,IN,Jay,0,8315,0,0,3748,4401,8315,medsl,1
2012,IN,Jay,0,7901,0,0,3063,4645,7901,medsl,1
2016,IN,Jay,0,7986,0,0,1889,5697,7986,medsl,1
2020,IN,Jay,0,8461,0,0,1926,6361,8461,medsl,1
2024,IN,Jay,0,8103,0,0,1747,6217,8103,medsl,1
2004,IN,Jefferson,0,12971,0,0,5117,7763,12971,medsl,1
2008,IN,Jefferson,0,13490,0,0,6255,7053,13490,medsl,1
2012,IN,Jefferson,0,13126,0,0,5728,7096,13126,medsl,1
2016,IN,Jefferson,0,13544,0,0,4326,8546,13544,medsl,1
2020,IN,Jefferson,0,14697,0,0,4731,9663,14697,medsl,1
2024,IN,Jefferson,0,14327,0,0,4442,9614,14327,medsl,1
2004,IN,Jennings,0,10517,0,0,3538,6864,10517,medsl,1
2008,IN,Jennings,0,11839,0,0,5312,6261,11839,medsl,1
2012,IN,Jennings,0,10250,0,0,3821,6120,10250,medsl,1
2016,IN,Jennings,0,11150,0,0,2364,8224,11150,medsl,1
2020,IN,Jennings,0,12251,0,0,2523,9490,12251,medsl,1
2024,IN,Jennings,0,11809,0,0,2328,9273,11809,medsl,1
2004,IN,Johnson,0,51255,0,0,13109,37765,51255,medsl,0
2008,IN,Johnson,0,58644,0,0,21553,36487,58644,medsl,0
2012,IN,Johnson,0,57964,0,0,17260,39513,57964,medsl,0
2016,IN,Johnson,0,66500,0,0,17318,45456,66500,medsl,0
2020,IN,Johnson,0,77618,0,0,24736,51219,77618,medsl,0
2024,IN,Johnson,0,77832,0,0,24880,51588,77832,medsl,0
2004,IN,Knox,0,15746,0,0,5649,9990,15746,medsl,1
2008,IN,Knox,0,16424,0,0,7569,8639,16424,medsl,1
2012,IN,Knox,0,15145,0,0,5228,9612,15145,medsl,1
2016,IN,Knox,0,15516,0,0,3772,11077,15516,medsl,1
2020,IN,Knox,0,16011,0,0,4067,11655,16011,medsl,1
2024,IN,Knox,0,15110,0,0,3625,11236,15110,medsl,1
2004,IN,Kosciusko,0,28360,0,0,5977,22136,28360,medsl,1
2008,IN,Kosciusko,0,30134,0,0,9236,20488,30134,medsl,1
2012,IN,Kosciusko,0,30060,0,0,6862,22558,30060,medsl,1
2016,IN,Kosciusko,0,32084,0,0,6313,23935,32084,medsl,1
2020,IN,Kosciusko,0,35787,0,0,8364,26499,35787,medsl,1
2024,IN,Kosciusko,0,34896,0,0,7995,26213,34896,medsl,1
2004,IN,Lagrange,0,9003,0,0,2523,6430,9003,medsl,1
2008,IN,Lagrange,0,9491,0,0,3663,5702,9491,medsl,1
2012,IN,Lagrange,0,9316,0,0,2898,6231,9316,medsl,1
2016,IN,Lagrange,0,9566,0,0,2080,7025,9566,medsl,1
2020,IN,Lagrange,0,10633,0,0,2355,8110,10633,medsl,1
2024,IN,Lagrange,0,10411,0,0,2162,8073,10411,medsl,1
2004,IN,Lake,0,188022,0,0,114743,71903,188022,medsl,1
2008,IN,Lake,0,208757,0,0,139301,67742,208757,medsl,1
2012,IN,Lake,0,201758,0,0,130897,68431,201758,medsl,1
2016,IN,Lake,0,201205,0,0,116935,75625,201205,medsl,1
2020,IN,Lake,0,219956,0,0,124870,91760,219956,medsl,1
2024,IN,Lake,0,209551,0,0,109086,97270,209551,medsl,1
2004,IN,Laporte,0,42606,0,0,21114,20916,42606,medsl,1
2008,IN,Laporte,0,46919,0,0,28258,17918,46919,medsl,1
2012,IN,Laporte,0,43681,0,0,24107,18615,43681,medsl,1
2016,IN,Laporte,0,45203,0,0,19798,22687,45203,medsl,1
2020,IN,Laporte,0,49392,0,0,22427,25997,49392,medsl,1
2024,IN,Laporte,0,47553,0,0,20007,26726,47553,medsl,1
2004,IN,Lawrence,0,17698,0,0,5346,12207,17698,medsl,0
2008,IN,Lawrence,0,18534,0,0,7208,11018,18534,medsl,0
2012,IN,Lawrence,0,17822,0,0,5779,11622,17822,medsl,0
2016,IN,Lawrence,0,19152,0,0,4210,14035,19152,medsl,0
2020,IN,Lawrence,0,21025,0,0,4961,15601,21025,medsl,0
2024,IN,Lawrence,0,21220,0,0,5010,15830,21220,medsl,0
2004,IN,Madison,0,54855,0,0,21882,32526,54855,medsl,0
2008,IN,Madison,0,57340,0,0,30152,26403,57340,medsl,0
2012,IN,Madison,0,52370,0,0,24407,26769,52370,medsl,0
2016,IN,Madison,0,53909,0,0,18595,32376,53909,medsl,0
2020,IN,Madison,0,51793,0,0,19524,31215,51793,medsl,0
2024,IN,Madison,0,55730,0,0,19824,34837,55730,medsl,0
2004,IN,Marion,0,320838,0,0,162249,156072,320838,medsl,1
2008,IN,Marion,0,379362,0,0,241987,134313,379362,medsl,1
2012,IN,Marion,0,359009,0,0,216336,136509,359009,medsl,1
2016,IN,Marion,0,362372,0,0,212899,130360,362372,medsl,1
2020,IN,Marion,0,389619,0,0,247772,134175,389619,medsl,1
2024,IN,Marion,0,352540,0,0,221719,124327,352540,medsl,1
2004,IN,Marshall,0,17814,0,0,5593,12074,17814,medsl,1
2008,IN,Marshall,0,18550,0,0,7889,10406,18550,medsl,1
2012,IN,Marshall,0,17765,0,0,6137,11260,17765,medsl,1
2016,IN,Marshall,0,18082,0,0,4798,12288,18082,medsl,1
2020,IN,Marshall,0,19927,0,0,5712,13844,19927,medsl,1
2024,IN,Marshall,0,19559,0,0,5356,13837,19559,medsl,1
2004,IN,Martin,0,4996,0,0,1522,3414,4996,medsl,1
2008,IN,Martin,0,4903,0,0,1706,3122,4903,medsl,1
2012,IN,Martin,0,4743,0,0,1351,3262,4743,medsl,1
2016,IN,Martin,0,4809,0,0,881,3697,4809,medsl,1
2020,IN,Martin,0,5144,0,0,1011,4029,5144,medsl,1
2024,IN,Martin,0,4992,0,0,933,3961,4992,medsl,1
2004,IN,Miami,0,13628,0,0,3886,9600,13628,medsl,1
2008,IN,Miami,0,14113,0,0,5564,8312,14113,medsl,1
2012,IN,Miami,0,12781,0,0,4222,8174,12781,medsl,1
2016,IN,Miami,0,13482,0,0,2766,9975,13482,medsl,1
2020,IN,Miami,0,14473,0,0,3235,10925,14473,medsl,1
2024,IN,Miami,0,13977,0,0,3046,10670,13977,medsl,1
2004,IN,Monroe,0,50467,0,0,26965,22834,50467,medsl,1
2008,IN,Monroe,0,63215,0,0,41450,21118,63215,medsl,1
2012,IN,Monroe,0,57223,0,0,33436,22481,57223,medsl,1
2016,IN,Monroe,0,58454,0,0,34216,20592,58454,medsl,1
2020,IN,Monroe,0,63151,0,0,39861,22071,63151,medsl,1
2024,IN,Monroe,0,59256,0,0,37213,21004,59256,medsl,1
2004,IN,Montgomery,0,14548,0,0,3536,10901,14548,medsl,1
2008,IN,Montgomery,0,15285,0,0,6013,9060,15285,medsl,1
2012,IN,Montgomery,0,14440,0,0,4271,9824,14440,medsl,1
2016,IN,Montgomery,0,15156,0,0,3362,11059,15156,medsl,1
2020,IN,Montgomery,0,17198,0,0,4213,12659,17198,medsl,1
2024,IN,Montgomery,0,16581,0,0,4134,12122,16581,medsl,1
2004,IN,Morgan,0,26029,0,0,6650,19197,26029,medsl,1
2008,IN,Morgan,0,28811,0,0,10330,18129,28811,medsl,1
2012,IN,Morgan,0,28266,0,0,7969,19591,28266,medsl,1
2016,IN,Morgan,0,31280,0,0,6040,23674,31280,medsl,1
2020,IN,Morgan,0,36159,0,0,7781,27512,36159,medsl,1
2024,IN,Morgan,0,35352,0,0,7765,26965,35352,medsl,1
2004,IN,Newton,0,5848,0,0,2032,3757,5848,medsl,1
2008,IN,Newton,0,6045,0,0,2625,3301,6045,medsl,1
2012,IN,Newton,0,5654,0,0,2212,3291,5654,medsl,1
2016,IN,Newton,0,5795,0,0,1404,4077,5795,medsl,1
2020,IN,Newton,0,6591,0,0,1509,4942,6591,medsl,1
2024,IN,Newton,0,6601,0,0,1370,5131,6601,medsl,1
2004,IN,Noble,0,15679,0,0,4703,10859,15679,medsl,1
2008,IN,Noble,0,16974,0,0,7064,9673,16974,medsl,1
2012,IN,Noble,0,16244,0,0,5229,10680,16244,medsl,1
2016,IN,Noble,0,16890,0,0,3904,12198,16890,medsl,1
2020,IN,Noble,0,19190,0,0,4660,14195,19190,medsl,1
2024,IN,Noble,0,18964,0,0,4462,14209,18964,medsl,1
2004,IN,Ohio,0,2958,0,0,1139,1796,2958,medsl,0
2008,IN,Ohio,0,2918,0,0,1158,1713,2918,medsl,0
2012,IN,Ohio,0,2819,0,0,994,1759,2819,medsl,0
2016,IN,Ohio,0,2921,0,0,686,2118,2921,medsl,0
2020,IN,Ohio,0,3075,0,0,668,2054,3075,medsl,0
2024,IN,Ohio,0,3091,0,0,666,2381,3091,medsl,0
2004,IN,Orange,0,8652,0,0,2885,5683,8652,medsl,1
2008,IN,Orange,0,8086,0,0,3390,4536,8086,medsl,1
2012,IN,Orange,0,7776,0,0,2939,4617,7776,medsl,1
2016,IN,Orange,0,8192,0,0,2048,5803,8192,medsl,1
2020,IN,Orange,0,8832,0,0,2224,6432,8832,medsl,1
2024,IN,Orange,0,8595,0,0,1988,6467,8595,medsl,1
2004,IN,Owen,0,7604,0,0,2536,5000,7604,medsl,1
2008,IN,Owen,0,8170,0,0,3570,4415,8170,medsl,1
2012,IN,Owen,0,8113,0,0,2823,5062,8113,medsl,1
2016,IN,Owen,0,8557,0,0,1946,6153,8557,medsl,1
2020,IN,Owen,0,9904,0,0,2420,7286,9904,medsl,1
2024,IN,Owen,0,9876,0,0,2354,7360,9876,medsl,1
2004,IN,Parke,0,6971,0,0,2362,4550,6971,medsl,1
2008,IN,Parke,0,6964,0,0,2924,3909,6964,medsl,1
2012,IN,Parke,0,6515,0,0,2110,4234,6515,medsl,1
2016,IN,Parke,0,6582,0,0,1441,4863,6582,medsl,1
2020,IN,Parke,0,7013,0,0,1503,5400,7013,medsl,1
2024,IN,Parke,0,6654,0,0,1371,5158,6654,medsl,1
2004,IN,Perry,0,8315,0,0,4131,4137,8315,medsl,1
2008,IN,Perry,0,8490,0,0,5141,3202,8490,medsl,1
2012,IN,Perry,0,7875,0,0,4316,3403,7875,medsl,1
2016,IN,Perry,0,8055,0,0,3062,4556,8055,medsl,1
2020,IN,Perry,0,8722,0,0,3203,5345,8722,medsl,1
2024,IN,Perry,0,8666,0,0,2970,5549,8666,medsl,1
2004,IN,Pike,0,6212,0,0,2418,3745,6212,medsl,1
2008,IN,Pike,0,6028,0,0,2700,3221,6028,medsl,1
2012,IN,Pike,0,5926,0,0,2125,3627,5926,medsl,1
2016,IN,Pike,0,5977,0,0,1297,4398,5977,medsl,1
2020,IN,Pike,0,6220,0,0,1415,4692,6220,medsl,1
2024,IN,Pike,0,6009,0,0,1314,4610,6009,medsl,1
2004,IN,Porter,0,64873,0,0,29388,34794,64873,medsl,1
2008,IN,Porter,0,73916,0,0,39178,33857,73916,medsl,1
2012,IN,Porter,0,73039,0,0,37252,34406,73039,medsl,1
2016,IN,Porter,0,77190,0,0,33676,38832,77190,medsl,1
2020,IN,Porter,0,86509,0,0,39746,45008,86509,medsl,1
2024,IN,Porter,0,84969,0,0,37213,46109,84969,medsl,1
2004,IN,Posey,0,11986,0,0,4085,7833,11986,medsl,1
2008,IN,Posey,0,12771,0,0,5828,6804,12771,medsl,1
2012,IN,Posey,0,12226,0,0,4533,7430,12226,medsl,1
2016,IN,Posey,0,12467,0,0,3521,8404,12467,medsl,1
2020,IN,Posey,0,13236,0,0,3811,9206,13236,medsl,1
2024,IN,Posey,0,12978,0,0,3572,9206,12978,medsl,1
2004,IN,Pulaski,0,5614,0,0,1750,3797,5614,medsl,1
2008,IN,Pulaski,0,5964,0,0,2466,3388,5964,medsl,1
2012,IN,Pulaski,0,5399,0,0,1899,3366,5399,medsl,1
2016,IN,Pulaski,0,5459,0,0,1327,3854,5459,medsl,1
2020,IN,Pulaski,0,5806,0,0,1463,4246,5806,medsl,1
2024,IN,Pulaski,0,5763,0,0,1280,4372,5763,medsl,1
2004,IN,Putnam,0,13136,0,0,4103,8908,13136,medsl,1
2008,IN,Putnam,0,14646,0,0,6334,8086,14646,medsl,1
2012,IN,Putnam,0,13829,0,0,4507,9005,13829,medsl,1
2016,IN,Putnam,0,14715,0,0,3356,10637,14715,medsl,1
2020,IN,Putnam,0,16597,0,0,3946,12278,16597,medsl,1
2024,IN,Putnam,0,16734,0,0,3871,12566,16734,medsl,1
2004,IN,Randolph,0,11092,0,0,3812,7172,11092,medsl,1
2008,IN,Randolph,0,10808,0,0,4839,5788,10808,medsl,1
2012,IN,Randolph,0,10189,0,0,3769,6218,10189,medsl,1
2016,IN,Randolph,0,10458,0,0,2446,7517,10458,medsl,1
2020,IN,Randolph,0,11070,0,0,2513,8312,11070,medsl,1
2024,IN,Randolph,0,10553,0,0,2349,8008,10553,medsl,1
2004,IN,Ripley,0,11834,0,0,3510,8224,11834,medsl,1
2008,IN,Ripley,0,12188,0,0,4187,7794,12188,medsl,1
2012,IN,Ripley,0,10983,0,0,3241,7484,10983,medsl,1
2016,IN,Ripley,0,12810,0,0,2471,9806,12810,medsl,1
2020,IN,Ripley,0,14271,0,0,2774,11261,14271,medsl,1
2024,IN,Ripley,0,14405,0,0,2682,11526,14405,medsl,1
2004,IN,Rush,0,7421,0,0,2000,5363,7421,medsl,1
2008,IN,Rush,0,7629,0,0,3229,4271,7629,medsl,1
2012,IN,Rush,0,7026,0,0,2221,4633,7026,medsl,1
2016,IN,Rush,0,7214,0,0,1525,5292,7214,medsl,1
2020,IN,Rush,0,7932,0,0,1754,6035,7932,medsl,1
2024,IN,Rush,0,7656,0,0,1675,5812,7656,medsl,1
2004,IN,Scott,0,8677,0,0,3822,4793,8677,medsl,1
2008,IN,Scott,0,8877,0,0,4271,4445,8877,medsl,1
2012,IN,Scott,0,8720,0,0,3998,4539,8720,medsl,1
2016,IN,Scott,0,9101,0,0,2642,6074,9101,medsl,1
2020,IN,Scott,0,10167,0,0,2701,7331,10167,medsl,1
2024,IN,Scott,0,10187,0,0,2389,7633,10187,medsl,1
2004,IN,Shelby,0,16027,0,0,4519,11397,16027,medsl,1
2008,IN,Shelby,0,17574,0,0,6987,10333,17574,medsl,1
2012,IN,Shelby,0,16760,0,0,5359,10978,16760,medsl,1
2016,IN,Shelby,0,17994,0,0,4247,12718,17994,medsl,1
2020,IN,Shelby,0,19991,0,0,5023,14568,19991,medsl,1
2024,IN,Shelby,0,19754,0,0,4955,14438,19754,medsl,1
2004,IN,Spencer,0,9924,0,0,3920,5934,9924,medsl,1
2008,IN,Spencer,0,10181,0,0,5039,5001,10181,medsl,1
2012,IN,Spencer,0,9728,0,0,4026,5515,9728,medsl,1
2016,IN,Spencer,0,9979,0,0,2861,6572,9979,medsl,1
2020,IN,Spencer,0,10769,0,0,3213,7357,10769,medsl,1
2024,IN,Spencer,0,10442,0,0,2853,7364,10442,medsl,1
2004,IN,St. Joseph,0,108619,0,0,52637,55254,108619,medsl,1
2008,IN,St. Joseph,0,118389,0,0,68710,48510,118389,medsl,1
2012,IN,St. Joseph,0,110704,0,0,56460,52578,110704,medsl,1
2016,IN,St. Joseph,0,110060,0,0,52252,52021,110060,medsl,1
2020,IN,St. Joseph,0,115238,0,0,59896,53164,115238,medsl,1
2024,IN,St. Joseph,0,110823,0,0,55215,53585,110823,medsl,1
2004,IN,Starke,0,8937,0,0,3987,4846,8937,medsl,1
2008,IN,Starke,0,9466,0,0,4778,4473,9466,medsl,1
2012,IN,Starke,0,8754,0,0,3809,4738,8754,medsl,1
2016,IN,Starke,0,9226,0,0,2489,6367,9226,medsl,1
2020,IN,Starke,0,10290,0,0,2650,7466,10290,medsl,1
2024,IN,Starke,0,10478,0,0,2436,7889,10478,medsl,1
2004,IN,Steuben,0,12905,0,0,4345,8433,12905,medsl,0
2008,IN,Steuben,0,14146,0,0,6284,7674,14146,medsl,0
2012,IN,Steuben,0,13695,0,0,4853,8547,13695,medsl,0
2016,IN,Steuben,0,14566,0,0,3744,10133,14566,medsl,0
2020,IN,Steuben,0,16162,0,0,4513,11327,16162,medsl,0
2024,IN,Steuben,0,16364,0,0,4598,11487,16364,medsl,0
2004,IN,Sullivan,0,8394,0,0,3341,4999,8394,medsl,1
2008,IN,Sullivan,0,8782,0,0,4284,4343,8782,medsl,1
2012,IN,Sullivan,0,8290,0,0,3191,4902,8290,medsl,1
2016,IN,Sullivan,0,8559,0,0,2113,6138,8559,medsl,1
2020,IN,Sullivan,0,8994,0,0,2153,6691,8994,medsl,1
2024,IN,Sullivan,0,8795,0,0,2006,6639,8795,medsl,1
2004,IN,Switzerland,0,3671,0,0,1479,2161,3671,medsl,1
2008,IN,Switzerland,0,3640,0,0,1638,1940,3640,medsl,1
2012,IN,Switzerland,0,3397,0,0,1437,1872,3397,medsl,1
2016,IN,Switzerland,0,3699,0,0,930,2558,3699,medsl,1
2020,IN,Switzerland,0,4154,0,0,964,3133,4154,medsl,1
2024,IN,Switzerland,0,4258,0,0,873,3319,4258,medsl,1
2004,IN,Tippecanoe,0,52360,0,0,20818,30897,52360,medsl,1
2008,IN,Tippecanoe,0,68436,0,0,37781,29822,68436,medsl,1
2012,IN,Tippecanoe,0,56896,0,0,26711,28757,56896,medsl,1
2016,IN,Tippecanoe,0,62515,0,0,27282,30768,62515,medsl,1
2020,IN,Tippecanoe,0,71448,0,0,35017,34581,71448,medsl,1
2024,IN,Tippecanoe,0,66906,0,0,32683,32783,66906,medsl,1
2004,IN,Tipton,0,7892,0,0,2203,5628,7892,medsl,1
2008,IN,Tipton,0,7827,0,0,3250,4452,7827,medsl,1
2012,IN,Tipton,0,7365,0,0,2432,4773,7365,medsl,1
2016,IN,Tipton,0,7510,0,0,1587,5589,7510,medsl,1
2020,IN,Tipton,0,8116,0,0,1834,6110,8116,medsl,1
2024,IN,Tipton,0,7976,0,0,1893,5946,7976,medsl,1
2004,IN,Union,0,3344,0,0,1045,2266,3344,medsl,0
2008,IN,Union,0,3348,0,0,1224,2061,3348,medsl,0
2012,IN,Union,0,3100,0,0,1018,2022,3100,medsl,0
2016,IN,Union,0,3291,0,0,715,2445,3291,medsl,0
2020,IN,Union,0,3483,0,0,736,2688,3483,medsl,0
2024,IN,Union,0,3494,0,0,746,2698,3494,medsl,0
2004,IN,Vanderburgh,0,70654,0,0,28767,41463,70654,medsl,1
2008,IN,Vanderburgh,0,77656,0,0,39423,37512,77656,medsl,1
2012,IN,Vanderburgh,0,72404,0,0,31725,39389,72404,medsl,1
2016,IN,Vanderburgh,0,72507,0,0,28530,40496,72507,medsl,1
2020,IN,Vanderburgh,0,77662,0,0,34415,41844,77662,medsl,1
2024,IN,Vanderburgh,0,73832,0,0,31727,41056,73832,medsl,1
2004,IN,Vermillion,0,7017,0,0,3424,3536,7017,medsl,1
2008,IN,Vermillion,0,7135,0,0,4003,3010,7135,medsl,1
2012,IN,Vermillion,0,6581,0,0,2979,3426,6581,medsl,1
2016,IN,Vermillion,0,6939,0,0,2081,4513,6939,medsl,1
2020,IN,Vermillion,0,7481,0,0,2145,5184,7481,medsl,1
2024,IN,Vermillion,0,7256,0,0,1928,5174,7256,medsl,1
2004,IN,Vigo,0,39744,0,0,18426,20988,39744,medsl,1
2008,IN,Vigo,0,43706,0,0,25040,18121,43706,medsl,1
2012,IN,Vigo,0,39877,0,0,19712,19369,39877,medsl,1
2016,IN,Vigo,0,39818,0,0,15931,21937,39818,medsl,1
2020,IN,Vigo,0,43594,0,0,18123,24545,43594,medsl,1
2024,IN,Vigo,0,40914,0,0,16338,23738,40914,medsl,1
2004,IN,Wabash,0,13602,0,0,3920,9607,13602,medsl,1
2008,IN,Wabash,0,13871,0,0,5456,8238,13871,medsl,1
2012,IN,Wabash,0,12874,0,0,3973,8644,12874,medsl,1
2016,IN,Wabash,0,13468,0,0,3018,9821,13468,medsl,1
2020,IN,Wabash,0,14576,0,0,3494,10762,14576,medsl,1
2024,IN,Wabash,0,13961,0,0,3335,10425,13961,medsl,1
2004,IN,Warren,0,3960,0,0,1356,2565,3960,medsl,1
2008,IN,Warren,0,3998,0,0,1755,2166,3998,medsl,1
2012,IN,Warren,0,3800,0,0,1324,2377,3800,medsl,1
2016,IN,Warren,0,3930,0,0,839,2898,3930,medsl,1
2020,IN,Warren,0,4472,0,0,974,3401,4472,medsl,1
2024,IN,Warren,0,4370,0,0,898,3402,4370,medsl,1
2004,IN,Warrick,0,26025,0,0,8980,16930,26025,medsl,1
2008,IN,Warrick,0,28665,0,0,12329,16013,28665,medsl,1
2012,IN,Warrick,0,24630,0,0,8793,15351,24630,medsl,1
2016,IN,Warrick,0,29589,0,0,9086,19113,29589,medsl,1
2020,IN,Warrick,0,33829,0,0,11923,21326,33829,medsl,1
2024,IN,Warrick,0,33102,0,0,11292,21280,33102,medsl,1
2004,IN,Washington,0,10880,0,0,3879,6915,10880,medsl,1
2008,IN,Washington,0,11305,0,0,4562,6519,11305,medsl,1
2012,IN,Washington,0,10737,0,0,3909,6533,10737,medsl,1
2016,IN,Washington,0,11382,0,0,2636,8209,11382,medsl,1
2020,IN,Washington,0,12139,0,0,2784,9114,12139,medsl,1
2024,IN,Washington,0,12723,0,0,2764,9739,12723,medsl,1
2004,IN,Wayne,0,27657,0,0,10775,16586,27657,medsl,1
2008,IN,Wayne,0,28562,0,0,13459,14558,28562,medsl,1
2012,IN,Wayne,0,25477,0,0,10591,14321,25477,medsl,1
2016,IN,Wayne,0,25579,0,0,8322,16028,25579,medsl,1
2020,IN,Wayne,0,27679,0,0,9524,17567,27679,medsl,1
2024,IN,Wayne,0,26827,0,0,8828,17526,26827,medsl,1
2004,IN,Wells,0,12354,0,0,3112,9168,12354,medsl,1
2008,IN,Wells,0,13073,0,0,4403,8504,13073,medsl,1
2012,IN,Wells,0,12935,0,0,3436,9256,12935,medsl,1
2016,IN,Wells,0,13185,0,0,2586,10005,13185,medsl,1
2020,IN,Wells,0,14050,0,0,2928,10855,14050,medsl,1
2024,IN,Wells,0,14110,0,0,2850,11006,14110,medsl,1
2004,IN,White,0,10366,0,0,3277,6974,10366,medsl,1
2008,IN,White,0,10767,0,0,4839,5731,10767,medsl,1
2012,IN,White,0,9903,0,0,3637,5970,9903,medsl,1
2016,IN,White,0,10053,0,0,2590,6893,10053,medsl,1
2020,IN,White,0,11166,0,0,3032,7957,11166,medsl,1
2024,IN,White,0,11163,0,0,2945,7969,11163,medsl,1
2004,IN,Whitley,0,13481,0,0,3880,9512,13481,medsl,0
2008,IN,Whitley,0,15188,0,0,5862,9124,15188,medsl,0
2012,IN,Whitley,0,15011,0,0,4420,10258,15011,medsl,0
2016,IN,Whitley,0,15623,0,0,3379,11358,15623,medsl,0
2020,IN,Whitley,0,17556,0,0,4234,12862,17556,medsl,0
2024,IN,Whitley,0,17740,0,0,4275,13122,17740,medsl,0
2004,KS,Allen,0,5873,0,0,1922,3867,5873,medsl,1
2008,KS,Allen,0,5855,0,0,2189,3552,5855,medsl,1
2012,KS,Allen,0,5310,0,0,1869,3316,5310,medsl,1
2016,KS,Allen,0,5454,0,0,1433,3651,5454,medsl,1
2020,KS,Allen,0,5892,0,0,1570,4218,5892,medsl,1
2024,KS,Allen,0,5600,0,0,1445,4029,5600,medsl,1
2004,KS,Anderson,0,3863,0,0,1295,2500,3863,medsl,1
2008,KS,Anderson,0,3626,0,0,1175,2362,3626,medsl,1
2012,KS,Anderson,0,3315,0,0,944,2276,3315,medsl,1
2016,KS,Anderson,0,3350,0,0,672,2435,3350,medsl,1
2020,KS,Anderson,0,3792,0,0,782,2929,3792,medsl,1
2024,KS,Anderson,0,3791,0,0,732,2998,3791,medsl,1
2004,KS,Atchison,0,7118,0,0,3120,3880,7118,medsl,1
2008,KS,Atchison,0,7191,0,0,3241,3791,7191,medsl,1
2012,KS,Atchison,0,6674,0,0,2567,3917,6674,medsl,1
2016,KS,Atchison,0,6575,0,0,1989,4049,6575,medsl,1
2020,KS,Atchison,0,7440,0,0,2359,4906,7440,medsl,1
2024,KS,Atchison,0,7255,0,0,2201,4911,7255,medsl,1
2004,KS,Barber,0,2403,0,0,588,1782,2403,medsl,1
2008,KS,Barber,0,2462,0,0,598,1833,2462,medsl,1
2012,KS,Barber,0,2314,0,0,482,1772,2314,medsl,1
2016,KS,Barber,0,2252,0,0,286,1850,2252,medsl,1
2020,KS,Barber,0,2342,0,0,291,2014,2342,medsl,1
2024,KS,Barber,0,2170,0,0,288,1854,2170,medsl,1
2004,KS,Barton,0,11706,0,0,2874,8666,11706,medsl,1
2008,KS,Barton,0,11057,0,0,3027,7802,11057,medsl,1
2012,KS,Barton,0,10341,0,0,2297,7874,10341,medsl,1
2016,KS,Barton,0,10269,0,0,1839,7888,10269,medsl,1
2020,KS,Barton,0,11130,0,0,2340,8608,11130,medsl,1
2024,KS,Barton,0,10570,0,0,2207,8205,10570,medsl,1
2004,KS,Bourbon,0,6686,0,0,2216,4372,6686,medsl,1
2008,KS,Bourbon,0,6781,0,0,2394,4240,6781,medsl,1
2012,KS,Bourbon,0,6254,0,0,1996,4102,6254,medsl,1
2016,KS,Bourbon,0,6093,0,0,1336,4424,6093,medsl,1
2020,KS,Bourbon,0,6676,0,0,1541,5023,6676,medsl,1
2024,KS,Bourbon,0,6572,0,0,1444,5003,6572,medsl,1
2004,KS,Brown,0,4418,0,0,1268,3092,4418,medsl,1
2008,KS,Brown,0,4376,0,0,1317,2985,4376,medsl,1
2012,KS,Brown,0,3993,0,0,1076,2829,3993,medsl,1
2016,KS,Brown,0,4036,0,0,863,2906,4036,medsl,1
2020,KS,Brown,0,4471,0,0,1104,3262,4471,medsl,1
2024,KS,Brown,0,4258,0,0,1065,3106,4258,medsl,1
2004,KS,Butler,0,26280,0,0,7495,18438,26280,medsl,1
2008,KS,Butler,0,27873,0,0,9159,18155,27873,medsl,1
2012,KS,Butler,0,26085,0,0,7282,18157,26085,medsl,1
2016,KS,Butler,0,27657,0,0,6573,19073,27657,medsl,1
2020,KS,Butler,0,32520,0,0,9181,22634,32520,medsl,1
2024,KS,Butler,0,32236,0,0,9150,22426,32236,medsl,1
2004,KS,Chase,0,1501,0,0,418,1055,1501,medsl,1
2008,KS,Chase,0,1384,0,0,383,976,1384,medsl,1
2012,KS,Chase,0,1271,0,0,358,875,1271,medsl,1
2016,KS,Chase,0,1369,0,0,316,969,1369,medsl,1
2020,KS,Chase,0,1491,0,0,345,1123,1491,medsl,1
2024,KS,Chase,0,1462,0,0,348,1090,1462,medsl,1
2004,KS,Chautauqua,0,1960,0,0,404,1529,1960,medsl,1
2008,KS,Chautauqua,0,1852,0,0,401,1418,1852,medsl,1
2012,KS,Chautauqua,0,1630,0,0,280,1304,1630,medsl,1
2016,KS,Chautauqua,0,1481,0,0,197,1236,1481,medsl,1
2020,KS,Chautauqua,0,1639,0,0,212,1402,1639,medsl,1
2024,KS,Chautauqua,0,1527,0,0,211,1299,1527,medsl,1
2004,KS,Cherokee,0,9913,0,0,3726,6083,9913,medsl,1
2008,KS,Cherokee,0,9665,0,0,3594,5886,9665,medsl,1
2012,KS,Cherokee,0,8571,0,0,2930,5456,8571,medsl,1
2016,KS,Cherokee,0,8620,0,0,2005,6182,8620,medsl,1
2020,KS,Cherokee,0,9128,0,0,2194,6766,9128,medsl,1
2024,KS,Cherokee,0,8717,0,0,1970,6584,8717,medsl,1
2004,KS,Cheyenne,0,1692,0,0,320,1353,1692,medsl,1
2008,KS,Cheyenne,0,1498,0,0,323,1148,1498,medsl,1
2012,KS,Cheyenne,0,1426,0,0,233,1159,1426,medsl,1
2016,KS,Cheyenne,0,1407,0,0,181,1173,1407,medsl,1
2020,KS,Cheyenne,0,1429,0,0,224,1183,1429,medsl,1
2024,KS,Cheyenne,0,1422,0,0,206,1185,1422,medsl,1
2004,KS,Clark,0,1291,0,0,257,1014,1291,medsl,1
2008,KS,Clark,0,1159,0,0,245,897,1159,medsl,1
2012,KS,Clark,0,1017,0,0,174,805,1017,medsl,1
2016,KS,Clark,0,1005,0,0,120,825,1005,medsl,1
2020,KS,Clark,0,1067,0,0,143,904,1067,medsl,1
2024,KS,Clark,0,1014,0,0,129,867,1014,medsl,1
2004,KS,Clay,0,4010,0,0,793,3174,4010,medsl,1
2008,KS,Clay,0,4054,0,0,1009,2998,4054,medsl,1
2012,KS,Clay,0,3686,0,0,834,2788,3686,medsl,1
2016,KS,Clay,0,3820,0,0,677,2891,3820,medsl,1
2020,KS,Clay,0,4182,0,0,894,3177,4182,medsl,1
2024,KS,Clay,0,4113,0,0,867,3150,4113,medsl,1
2004,KS,Cloud,0,4503,0,0,1210,3221,4503,medsl,1
2008,KS,Cloud,0,4451,0,0,1233,3121,4451,medsl,1
2012,KS,Cloud,0,4058,0,0,974,2954,4058,medsl,1
2016,KS,Cloud,0,3930,0,0,761,2919,3930,medsl,1
2020,KS,Cloud,0,4263,0,0,920,3242,4263,medsl,1
2024,KS,Cloud,0,4047,0,0,767,3218,4047,medsl,1
2004,KS,Coffey,0,4408,0,0,1093,3259,4408,medsl,1
2008,KS,Coffey,0,4232,0,0,1121,3054,4232,medsl,1
2012,KS,Coffey,0,3906,0,0,898,2903,3906,medsl,1
2016,KS,Coffey,0,4068,0,0,727,3050,4068,medsl,1
2020,KS,Coffey,0,4565,0,0,964,3489,4565,medsl,1
2024,KS,Coffey,0,4377,0,0,934,3371,4377,medsl,1
2004,KS,Comanche,0,981,0,0,200,770,981,medsl,1
2008,KS,Comanche,0,974,0,0,194,765,974,medsl,1
2012,KS,Comanche,0,928,0,0,143,767,928,medsl,1
2016,KS,Comanche,0,867,0,0,102,715,867,medsl,1
2020,KS,Comanche,0,916,0,0,126,762,916,medsl,1
2024,KS,Comanche,0,874,0,0,130,727,874,medsl,1
2004,KS,Cowley,0,14447,0,0,4818,9407,14447,medsl,1
2008,KS,Cowley,0,13787,0,0,5012,8492,13787,medsl,1
2012,KS,Cowley,0,12710,0,0,4319,8081,12710,medsl,1
2016,KS,Cowley,0,12621,0,0,3551,8270,12621,medsl,1
2020,KS,Cowley,0,14231,0,0,4273,9656,14231,medsl,1
2024,KS,Cowley,0,13505,0,0,3919,9360,13505,medsl,1
2004,KS,Crawford,0,16527,0,0,7617,8626,16527,medsl,1
2008,KS,Crawford,0,16075,0,0,7957,7735,16075,medsl,1
2012,KS,Crawford,0,14945,0,0,6826,7708,14945,medsl,1
2016,KS,Crawford,0,14891,0,0,5199,8624,14891,medsl,1
2020,KS,Crawford,0,16645,0,0,6179,10045,16645,medsl,1
2024,KS,Crawford,0,16334,0,0,5956,10084,16334,medsl,1
2004,KS,Decatur,0,1740,0,0,355,1355,1740,medsl,1
2008,KS,Decatur,0,1548,0,0,343,1189,1548,medsl,1
2012,KS,Decatur,0,1532,0,0,266,1218,1532,medsl,1
2016,KS,Decatur,0,1452,0,0,178,1210,1452,medsl,1
2020,KS,Decatur,0,1498,0,0,218,1260,1498,medsl,1
2024,KS,Decatur,0,1452,0,0,215,1217,1452,medsl,1
2004,KS,Dickinson,0,8791,0,0,2364,6295,8791,medsl,1
2008,KS,Dickinson,0,8667,0,0,2422,6081,8667,medsl,1
2012,KS,Dickinson,0,8042,0,0,2020,5832,8042,medsl,1
2016,KS,Dickinson,0,8210,0,0,1609,6029,8210,medsl,1
2020,KS,Dickinson,0,9349,0,0,2060,7126,9349,medsl,1
2024,KS,Dickinson,0,9144,0,0,1989,7014,9144,medsl,1
2004,KS,Doniphan,0,3603,0,0,1065,2491,3603,medsl,1
2008,KS,Doniphan,0,3564,0,0,1115,2372,3564,medsl,1
2012,KS,Doniphan,0,3403,0,0,902,2414,3403,medsl,1
2016,KS,Doniphan,0,3378,0,0,587,2606,3378,medsl,1
2020,KS,Doniphan,0,3709,0,0,686,2976,3709,medsl,1
2024,KS,Doniphan,0,3577,0,0,626,2899,3577,medsl,1
2004,KS,Douglas,0,50111,0,0,28634,20544,50111,medsl,1
2008,KS,Douglas,0,53398,0,0,34398,17929,53398,medsl,1
2012,KS,Douglas,0,48145,0,0,29267,17401,48145,medsl,1
2016,KS,Douglas,0,50087,0,0,31195,14688,50087,medsl,1
2020,KS,Douglas,0,59495,0,0,40785,17286,59495,medsl,1
2024,KS,Douglas,0,58041,0,0,39582,17523,58041,medsl,1
2004,KS,Edwards,0,1496,0,0,386,1084,1496,medsl,1
2008,KS,Edwards,0,1357,0,0,333,995,1357,medsl,1
2012,KS,Edwards,0,1385,0,0,298,1059,1385,medsl,1
2016,KS,Edwards,0,1319,0,0,212,1037,1319,medsl,1
2020,KS,Edwards,0,1431,0,0,271,1141,1431,medsl,1
2024,KS,Edwards,0,1269,0,0,213,1042,1269,medsl,1
2004,KS,Elk,0,1515,0,0,369,1119,1515,medsl,1
2008,KS,Elk,0,1434,0,0,363,1042,1434,medsl,1
2012,KS,Elk,0,1369,0,0,281,1049,1369,medsl,1
2016,KS,Elk,0,1259,0,0,160,1048,1259,medsl,1
2020,KS,Elk,0,1361,0,0,195,1140,1361,medsl,1
2024,KS,Elk,0,1338,0,0,191,1123,1338,medsl,1
2004,KS,Ellis,0,12187,0,0,4033,7891,12187,medsl,1
2008,KS,Ellis,0,12447,0,0,4010,8207,12447,medsl,1
2012,KS,Ellis,0,11714,0,0,3057,8399,11714,medsl,1
2016,KS,Ellis,0,11947,0,0,2742,8466,11947,medsl,1
2020,KS,Ellis,0,13800,0,0,3737,9758,13800,medsl,1
2024,KS,Ellis,0,13511,0,0,3511,9743,13511,medsl,1
2004,KS,Ellsworth,0,3102,0,0,801,2259,3102,medsl,1
2008,KS,Ellsworth,0,2938,0,0,851,2021,2938,medsl,1
2012,KS,Ellsworth,0,2712,0,0,702,1930,2712,medsl,1
2016,KS,Ellsworth,0,2679,0,0,521,1969,2679,medsl,1
2020,KS,Ellsworth,0,2853,0,0,648,2148,2853,medsl,1
2024,KS,Ellsworth,0,2758,0,0,636,2078,2758,medsl,1
2004,KS,Finney,0,9933,0,0,2351,7479,9933,medsl,1
2008,KS,Finney,0,10354,0,0,3275,6926,10354,medsl,1
2012,KS,Finney,0,9084,0,0,2682,6219,9084,medsl,1
2016,KS,Finney,0,10159,0,0,3195,6350,10159,medsl,1
2020,KS,Finney,0,11800,0,0,4325,7236,11800,medsl,1
2024,KS,Finney,0,10782,0,0,3425,7166,10782,medsl,1
2004,KS,Ford,0,9016,0,0,2286,6632,9016,medsl,1
2008,KS,Ford,0,8864,0,0,2991,5730,8864,medsl,1
2012,KS,Ford,0,8362,0,0,2600,5602,8362,medsl,1
2016,KS,Ford,0,7718,0,0,2149,5114,7718,medsl,1
2020,KS,Ford,0,8915,0,0,2947,5803,8915,medsl,1
2024,KS,Ford,0,8224,0,0,2461,5616,8224,medsl,1
2004,KS,Franklin,0,11476,0,0,3921,7391,11476,medsl,1
2008,KS,Franklin,0,11739,0,0,4433,7079,11739,medsl,1
2012,KS,Franklin,0,10990,0,0,3694,6984,10990,medsl,1
2016,KS,Franklin,0,10965,0,0,2892,7185,10965,medsl,1
2020,KS,Franklin,0,12477,0,0,3690,8479,12477,medsl,1
2024,KS,Franklin,0,12708,0,0,3676,8773,12708,medsl,1
2004,KS,Geary,0,7328,0,0,2531,4703,7328,medsl,1
2008,KS,Geary,0,8094,0,0,3491,4492,8094,medsl,1
2012,KS,Geary,0,7845,0,0,3332,4372,7845,medsl,1
2016,KS,Geary,0,7504,0,0,2722,4274,7504,medsl,1
2020,KS,Geary,0,9603,0,0,3983,5323,9603,medsl,1
2024,KS,Geary,0,9163,0,0,3674,5288,9163,medsl,1
2004,KS,Gove,0,1467,0,0,247,1196,1467,medsl,1
2008,KS,Gove,0,1418,0,0,261,1136,1418,medsl,1
2012,KS,Gove,0,1383,0,0,176,1168,1383,medsl,1
2016,KS,Gove,0,1343,0,0,149,1140,1343,medsl,1
2020,KS,Gove,0,1471,0,0,166,1291,1471,medsl,1
2024,KS,Gove,0,1396,0,0,150,1227,1396,medsl,1
2004,KS,Graham,0,1440,0,0,334,1082,1440,medsl,1
2008,KS,Graham,0,1423,0,0,325,1060,1423,medsl,1
2012,KS,Graham,0,1340,0,0,256,1056,1340,medsl,1
2016,KS,Graham,0,1284,0,0,188,1025,1284,medsl,1
2020,KS,Graham,0,1337,0,0,228,1080,1337,medsl,1
2024,KS,Graham,0,1287,0,0,210,1055,1287,medsl,1
2004,KS,Grant,0,2758,0,0,561,2169,2758,medsl,1
2008,KS,Grant,0,2661,0,0,635,1995,2661,medsl,1
2012,KS,Grant,0,2306,0,0,456,1811,2306,medsl,1
2016,KS,Grant,0,2389,0,0,441,1804,2389,medsl,1
2020,KS,Grant,0,2501,0,0,518,1936,2501,medsl,1
2024,KS,Grant,0,2220,0,0,395,1793,2220,medsl,1
2004,KS,Gray,0,2245,0,0,408,1816,2245,medsl,1
2008,KS,Gray,0,2119,0,0,436,1643,2119,medsl,1
2012,KS,Gray,0,1958,0,0,324,1603,1958,medsl,1
2016,KS,Gray,0,2066,0,0,263,1698,2066,medsl,1
2020,KS,Gray,0,2288,0,0,341,1911,2288,medsl,1
2024,KS,Gray,0,2193,0,0,324,1837,2193,medsl,1
2004,KS,Greeley,0,735,0,0,138,584,735,medsl,1
2008,KS,Greeley,0,745,0,0,151,591,745,medsl,1
2012,KS,Greeley,0,670,0,0,113,543,670,medsl,1
2016,KS,Greeley,0,650,0,0,83,534,650,medsl,1
2020,KS,Greeley,0,641,0,0,78,549,641,medsl,1
2024,KS,Greeley,0,593,0,0,75,510,593,medsl,1
2004,KS,Greenwood,0,3244,0,0,911,2282,3244,medsl,1
2008,KS,Greenwood,0,2279,0,0,622,1619,2279,medsl,1
2012,KS,Greenwood,0,2123,0,0,478,1590,2123,medsl,1
2016,KS,Greenwood,0,2840,0,0,485,2160,2840,medsl,1
2020,KS,Greenwood,0,3077,0,0,569,2444,3077,medsl,1
2024,KS,Greenwood,0,2884,0,0,541,2299,2884,medsl,1
2004,KS,Hamilton,0,1130,0,0,229,888,1130,medsl,1
2008,KS,Hamilton,0,1096,0,0,233,844,1096,medsl,1
2012,KS,Hamilton,0,877,0,0,163,693,877,medsl,1
2016,KS,Hamilton,0,876,0,0,121,705,876,medsl,1
2020,KS,Hamilton,0,859,0,0,141,698,859,medsl,1
2024,KS,Hamilton,0,815,0,0,131,671,815,medsl,1
2004,KS,Harper,0,2930,0,0,727,2154,2930,medsl,1
2008,KS,Harper,0,2796,0,0,736,1999,2796,medsl,1
2012,KS,Harper,0,2389,0,0,550,1759,2389,medsl,1
2016,KS,Harper,0,2578,0,0,393,1996,2578,medsl,1
2020,KS,Harper,0,2678,0,0,461,2168,2678,medsl,1
2024,KS,Harper,0,2555,0,0,437,2072,2555,medsl,1
2004,KS,Harvey,0,15110,0,0,5331,9534,15110,medsl,1
2008,KS,Harvey,0,15613,0,0,6318,9006,15613,medsl,1
2012,KS,Harvey,0,14294,0,0,5373,8588,14294,medsl,1
2016,KS,Harvey,0,14916,0,0,5068,8668,14916,medsl,1
2020,KS,Harvey,0,17309,0,0,6747,10182,17309,medsl,1
2024,KS,Harvey,0,16086,0,0,6202,9591,16086,medsl,1
2004,KS,Haskell,0,1599,0,0,227,1356,1599,medsl,1
2008,KS,Haskell,0,1570,0,0,278,1277,1570,medsl,1
2012,KS,Haskell,0,1396,0,0,215,1159,1396,medsl,1
2016,KS,Haskell,0,1354,0,0,245,1040,1354,medsl,1
2020,KS,Haskell,0,1410,0,0,268,1122,1410,medsl,1
2024,KS,Haskell,0,1278,0,0,221,1045,1278,medsl,1
2004,KS,Hodgeman,0,1183,0,0,223,953,1183,medsl,1
2008,KS,Hodgeman,0,1096,0,0,211,865,1096,medsl,1
2012,KS,Hodgeman,0,1060,0,0,179,868,1060,medsl,1
2016,KS,Hodgeman,0,1017,0,0,124,855,1017,medsl,1
2020,KS,Hodgeman,0,1045,0,0,154,875,1045,medsl,1
2024,KS,Hodgeman,0,966,0,0,136,817,966,medsl,1
2004,KS,Jackson,0,5888,0,0,2064,3730,5888,medsl,1
2008,KS,Jackson,0,6253,0,0,2308,3811,6253,medsl,1
2012,KS,Jackson,0,5561,0,0,1901,3527,5561,medsl,1
2016,KS,Jackson,0,5818,0,0,1512,3939,5818,medsl,1
2020,KS,Jackson,0,6584,0,0,1881,4517,6584,medsl,1
2024,KS,Jackson,0,6474,0,0,1799,4557,6474,medsl,1
2004,KS,Jefferson,0,8793,0,0,3253,5408,8793,medsl,1
2008,KS,Jefferson,0,8950,0,0,3542,5220,8950,medsl,1
2012,KS,Jefferson,0,8013,0,0,2977,4827,8013,medsl,1
2016,KS,Jefferson,0,8337,0,0,2518,5213,8337,medsl,1
2020,KS,Jefferson,0,9782,0,0,3194,6334,9782,medsl,1
2024,KS,Jefferson,0,9927,0,0,3030,6694,9927,medsl,1
2004,KS,Jewell,0,1915,0,0,385,1495,1915,medsl,1
2008,KS,Jewell,0,1584,0,0,313,1231,1584,medsl,1
2012,KS,Jewell,0,1497,0,0,229,1235,1497,medsl,1
2016,KS,Jewell,0,1494,0,0,180,1223,1494,medsl,1
2020,KS,Jewell,0,1628,0,0,212,1387,1628,medsl,1
2024,KS,Jewell,0,1574,0,0,176,1370,1574,medsl,1
2004,KS,Johnson,0,258687,0,0,97866,158103,258687,medsl,1
2008,KS,Johnson,0,283432,0,0,127091,152627,283432,medsl,1
2012,KS,Johnson,0,274365,0,0,110526,158401,274365,medsl,1
2016,KS,Johnson,0,290090,0,0,129852,137490,290090,medsl,1
2020,KS,Johnson,0,347214,0,0,184259,155631,347214,medsl,1
2024,KS,Johnson,0,343780,0,0,183451,154247,343780,medsl,1
2004,KS,Johnson County,348552,259599,98140,154084,97866,158103,258919,manual,1
2008,KS,Johnson County,363896,285001,137323,142398,127091,152627,284211,manual,1
2012,KS,Johnson County,383491,275674,115020,154785,110526,158401,275074,manual,1
2016,KS,Johnson County,407550,296833,180657,108483,129852,137490,294208,manual,1
2020,KS,Johnson County,452706,350750,123242,165127,184259,155631,349386,manual,1
2024,KS,Johnson County,478877,348594,209305,137555,183451,154247,346860,manual,1
2004,KS,Kearny,0,1455,0,0,272,1177,1455,medsl,1
2008,KS,Kearny,0,1482,0,0,309,1159,1482,medsl,1
2012,KS,Kearny,0,1386,0,0,268,1097,1386,medsl,1
2016,KS,Kearny,0,1316,0,0,174,1075,1316,medsl,1
2020,KS,Kearny,0,1455,0,0,267,1164,1455,medsl,1
2024,KS,Kearny,0,1301,0,0,192,1082,1301,medsl,1
2004,KS,Kingman,0,3764,0,0,904,2801,3764,medsl,1
2008,KS,Kingman,0,3664,0,0,963,2603,3664,medsl,1
2012,KS,Kingman,0,3231,0,0,733,2397,3231,medsl,1
2016,KS,Kingman,0,3334,0,0,599,2530,3334,medsl,1
2020,KS,Kingman,0,3949,0,0,752,3130,3949,medsl,1
2024,KS,Kingman,0,3947,0,0,753,3119,3947,medsl,1
2004,KS,Kiowa,0,1565,0,0,256,1275,1565,medsl,1
2008,KS,Kiowa,0,1135,0,0,200,912,1135,medsl,1
2012,KS,Kiowa,0,1144,0,0,163,976,1144,medsl,1
2016,KS,Kiowa,0,1079,0,0,114,900,1079,medsl,1
2020,KS,Kiowa,0,1165,0,0,156,980,1165,medsl,1
2024,KS,Kiowa,0,1107,0,0,151,941,1107,medsl,1
2004,KS,Labette,0,9139,0,0,3615,5400,9139,medsl,1
2008,KS,Labette,0,9031,0,0,3839,5001,9031,medsl,1
2012,KS,Labette,0,8037,0,0,3117,4742,8037,medsl,1
2016,KS,Labette,0,8107,0,0,2291,5335,8107,medsl,1
2020,KS,Labette,0,8563,0,0,2655,5735,8563,medsl,1
2024,KS,Labette,0,7921,0,0,2385,5410,7921,medsl,1
2004,KS,Lane,0,1014,0,0,181,823,1014,medsl,1
2008,KS,Lane,0,1027,0,0,193,814,1027,medsl,1
2012,KS,Lane,0,928,0,0,172,739,928,medsl,1
2016,KS,Lane,0,871,0,0,106,718,871,medsl,1
2020,KS,Lane,0,895,0,0,115,762,895,medsl,1
2024,KS,Lane,0,843,0,0,111,709,843,medsl,1
2004,KS,Leavenworth,0,27331,0,0,11039,15949,27331,medsl,1
2008,KS,Leavenworth,0,30591,0,0,13255,16791,30591,medsl,1
2012,KS,Leavenworth,0,29085,0,0,11357,17059,29085,medsl,1
2016,KS,Leavenworth,0,30301,0,0,10209,17638,30301,medsl,1
2020,KS,Leavenworth,0,36490,0,0,13886,21610,36490,medsl,1
2024,KS,Leavenworth,0,36547,0,0,13732,22055,36547,medsl,1
2004,KS,Lincoln,0,1800,0,0,391,1368,1800,medsl,1
2008,KS,Lincoln,0,1586,0,0,347,1204,1586,medsl,1
2012,KS,Lincoln,0,1483,0,0,289,1165,1483,medsl,1
2016,KS,Lincoln,0,1464,0,0,215,1179,1464,medsl,1
2020,KS,Lincoln,0,1579,0,0,266,1283,1579,medsl,1
2024,KS,Lincoln,0,1507,0,0,250,1233,1507,medsl,1
2004,KS,Linn,0,4741,0,0,1631,3048,4741,medsl,1
2008,KS,Linn,0,4617,0,0,1425,3086,4617,medsl,1
2012,KS,Linn,0,4467,0,0,1170,3177,4467,medsl,1
2016,KS,Linn,0,4427,0,0,736,3484,4427,medsl,1
2020,KS,Linn,0,5046,0,0,896,4048,5046,medsl,1
2024,KS,Linn,0,5016,0,0,854,4093,5016,medsl,1
2004,KS,Logan,0,1523,0,0,248,1255,1523,medsl,1
2008,KS,Logan,0,1440,0,0,225,1187,1440,medsl,1
2012,KS,Logan,0,1350,0,0,197,1126,1350,medsl,1
2016,KS,Logan,0,1357,0,0,149,1132,1357,medsl,1
2020,KS,Logan,0,1458,0,0,186,1249,1458,medsl,1
2024,KS,Logan,0,1400,0,0,183,1186,1400,medsl,1
2004,KS,Lyon,0,13440,0,0,5234,7951,13440,medsl,1
2008,KS,Lyon,0,12911,0,0,5924,6698,12911,medsl,1
2012,KS,Lyon,0,11875,0,0,5111,6470,11875,medsl,1
2016,KS,Lyon,0,12288,0,0,4649,6552,12288,medsl,1
2020,KS,Lyon,0,13988,0,0,6055,7550,13988,medsl,1
2024,KS,Lyon,0,13256,0,0,5515,7462,13256,medsl,1
2004,KS,Marion,0,6159,0,0,1536,4516,6159,medsl,1
2008,KS,Marion,0,6059,0,0,1801,4159,6059,medsl,1
2012,KS,Marion,0,5409,0,0,1385,3889,5409,medsl,1
2016,KS,Marion,0,5624,0,0,1204,4003,5624,medsl,1
2020,KS,Marion,0,6111,0,0,1516,4465,6111,medsl,1
2024,KS,Marion,0,5870,0,0,1429,4312,5870,medsl,1
2004,KS,Marshall,0,5108,0,0,1789,3261,5108,medsl,1
2008,KS,Marshall,0,5036,0,0,1784,3157,5036,medsl,1
2012,KS,Marshall,0,4773,0,0,1469,3195,4773,medsl,1
2016,KS,Marshall,0,4673,0,0,1072,3307,4673,medsl,1
2020,KS,Marshall,0,5114,0,0,1259,3729,5114,medsl,1
2024,KS,Marshall,0,4968,0,0,1205,3644,4968,medsl,1
2004,KS,Mcpherson,0,13367,0,0,3589,9595,13367,medsl,1
2008,KS,Mcpherson,0,13386,0,0,4218,8937,13386,medsl,1
2012,KS,Mcpherson,0,12297,0,0,3449,8545,12297,medsl,1
2016,KS,Mcpherson,0,12742,0,0,3226,8549,12742,medsl,1
2020,KS,Mcpherson,0,14438,0,0,4134,9964,14438,medsl,1
2024,KS,Mcpherson,0,14104,0,0,4021,9816,14104,medsl,1
2004,KS,Meade,0,2121,0,0,356,1748,2121,medsl,1
2008,KS,Meade,0,1931,0,0,357,1540,1931,medsl,1
2012,KS,Meade,0,1709,0,0,258,1428,1709,medsl,1
2016,KS,Meade,0,1720,0,0,210,1415,1720,medsl,1
2020,KS,Meade,0,1825,0,0,263,1523,1825,medsl,1
2024,KS,Meade,0,1695,0,0,247,1427,1695,medsl,1
2004,KS,Miami,0,14016,0,0,4838,9013,14016,medsl,0
2008,KS,Miami,0,15377,0,0,5742,9382,15377,medsl,0
2012,KS,Miami,0,14856,0,0,4712,9858,14856,medsl,0
2016,KS,Miami,0,15022,0,0,3991,10003,15022,medsl,0
2020,KS,Miami,0,17937,0,0,5247,12308,17937,medsl,0
2024,KS,Miami,0,18685,0,0,5472,12854,18685,medsl,0
2004,KS,Mitchell,0,3349,0,0,693,2609,3349,medsl,1
2008,KS,Mitchell,0,3203,0,0,701,2440,3203,medsl,1
2012,KS,Mitchell,0,2965,0,0,584,2327,2965,medsl,1
2016,KS,Mitchell,0,2942,0,0,477,2308,2942,medsl,1
2020,KS,Mitchell,0,3101,0,0,558,2504,3101,medsl,1
2024,KS,Mitchell,0,3172,0,0,528,2608,3172,medsl,1
2004,KS,Montgomery,0,14116,0,0,4338,9598,14116,medsl,1
2008,KS,Montgomery,0,13907,0,0,4338,9309,13907,medsl,1
2012,KS,Montgomery,0,12417,0,0,3501,8630,12417,medsl,1
2016,KS,Montgomery,0,12004,0,0,2637,8679,12004,medsl,1
2020,KS,Montgomery,0,13426,0,0,3228,9931,13426,medsl,1
2024,KS,Montgomery,0,12441,0,0,2934,9287,12441,medsl,1
2004,KS,Morris,0,2936,0,0,931,1961,2936,medsl,1
2008,KS,Morris,0,2841,0,0,907,1875,2841,medsl,1
2012,KS,Morris,0,2562,0,0,718,1773,2562,medsl,1
2016,KS,Morris,0,2624,0,0,601,1820,2624,medsl,1
2020,KS,Morris,0,2899,0,0,729,2124,2899,medsl,1
2024,KS,Morris,0,2792,0,0,721,2021,2792,medsl,1
2004,KS,Morton,0,1576,0,0,276,1287,1576,medsl,1
2008,KS,Morton,0,1402,0,0,229,1153,1402,medsl,1
2012,KS,Morton,0,1278,0,0,189,1072,1278,medsl,1
2016,KS,Morton,0,1192,0,0,147,995,1192,medsl,1
2020,KS,Morton,0,1198,0,0,150,1034,1198,medsl,1
2024,KS,Morton,0,1060,0,0,131,909,1060,medsl,1
2004,KS,Nemaha,0,5463,0,0,1355,4027,5463,medsl,1
2008,KS,Nemaha,0,5359,0,0,1432,3817,5359,medsl,1
2012,KS,Nemaha,0,5026,0,0,1000,3930,5026,medsl,1
2016,KS,Nemaha,0,5122,0,0,725,4124,5122,medsl,1
2020,KS,Nemaha,0,5684,0,0,927,4664,5684,medsl,1
2024,KS,Nemaha,0,5620,0,0,888,4655,5620,medsl,1
2004,KS,Neosho,0,7231,0,0,2424,4705,7231,medsl,1
2008,KS,Neosho,0,7192,0,0,2563,4473,7192,medsl,1
2012,KS,Neosho,0,6480,0,0,2050,4272,6480,medsl,1
2016,KS,Neosho,0,6314,0,0,1501,4431,6314,medsl,1
2020,KS,Neosho,0,6877,0,0,1796,4970,6877,medsl,1
2024,KS,Neosho,0,6784,0,0,1696,4961,6784,medsl,1
2004,KS,Ness,0,1818,0,0,382,1407,1818,medsl,1
2008,KS,Ness,0,1525,0,0,289,1207,1525,medsl,1
2012,KS,Ness,0,1444,0,0,218,1209,1444,medsl,1
2016,KS,Ness,0,1454,0,0,162,1228,1454,medsl,1
2020,KS,Ness,0,1513,0,0,149,1339,1513,medsl,1
2024,KS,Ness,0,1363,0,0,129,1205,1363,medsl,1
2004,KS,Norton,0,2599,0,0,473,2092,2599,medsl,1
2008,KS,Norton,0,2415,0,0,497,1878,2415,medsl,1
2012,KS,Norton,0,2325,0,0,398,1878,2325,medsl,1
2016,KS,Norton,0,2234,0,0,281,1840,2234,medsl,1
2020,KS,Norton,0,2415,0,0,364,2007,2415,medsl,1
2024,KS,Norton,0,2270,0,0,346,1882,2270,medsl,1
2004,KS,Osage,0,7463,0,0,2537,4800,7463,medsl,1
2008,KS,Osage,0,7544,0,0,2534,4820,7544,medsl,1
2012,KS,Osage,0,6906,0,0,2268,4427,6906,medsl,1
2016,KS,Osage,0,7046,0,0,1753,4826,7046,medsl,1
2020,KS,Osage,0,8035,0,0,2136,5705,8035,medsl,1
2024,KS,Osage,0,7892,0,0,1946,5736,7892,medsl,1
2004,KS,Osborne,0,2075,0,0,454,1587,2075,medsl,1
2008,KS,Osborne,0,1930,0,0,403,1490,1930,medsl,1
2012,KS,Osborne,0,1838,0,0,324,1479,1838,medsl,1
2016,KS,Osborne,0,1788,0,0,233,1460,1788,medsl,1
2020,KS,Osborne,0,1945,0,0,281,1629,1945,medsl,1
2024,KS,Osborne,0,1774,0,0,261,1477,1774,medsl,1
2004,KS,Ottawa,0,2971,0,0,595,2333,2971,medsl,1
2008,KS,Ottawa,0,3086,0,0,704,2323,3086,medsl,1
2012,KS,Ottawa,0,2933,0,0,558,2295,2933,medsl,1
2016,KS,Ottawa,0,2903,0,0,424,2283,2903,medsl,1
2020,KS,Ottawa,0,3191,0,0,506,2610,3191,medsl,1
2024,KS,Ottawa,0,3003,0,0,476,2475,3003,medsl,1
2004,KS,Pawnee,0,2988,0,0,773,2172,2988,medsl,1
2008,KS,Pawnee,0,2879,0,0,882,1946,2879,medsl,1
2012,KS,Pawnee,0,2608,0,0,718,1836,2608,medsl,1
2016,KS,Pawnee,0,2661,0,0,579,1904,2661,medsl,1
2020,KS,Pawnee,0,2739,0,0,643,2045,2739,medsl,1
2024,KS,Pawnee,0,2675,0,0,625,2003,2675,medsl,1
2004,KS,Phillips,0,2847,0,0,557,2256,2847,medsl,1
2008,KS,Phillips,0,2667,0,0,525,2105,2667,medsl,1
2012,KS,Phillips,0,2565,0,0,382,2135,2565,medsl,1
2016,KS,Phillips,0,2664,0,0,300,2233,2664,medsl,1
2020,KS,Phillips,0,2781,0,0,318,2418,2781,medsl,1
2024,KS,Phillips,0,2747,0,0,331,2356,2747,medsl,1
2004,KS,Pottawatomie,0,8823,0,0,2176,6326,8823,medsl,0
2008,KS,Pottawatomie,0,9837,0,0,2599,6929,9837,medsl,0
2012,KS,Pottawatomie,0,9479,0,0,2335,6804,9479,medsl,0
2016,KS,Pottawatomie,0,10693,0,0,2225,7612,10693,medsl,0
2020,KS,Pottawatomie,0,13083,0,0,3313,9452,13083,medsl,0
2024,KS,Pottawatomie,0,13472,0,0,3394,9811,13472,medsl,0
2004,KS,Pratt,0,4384,0,0,1200,3121,4384,medsl,1
2008,KS,Pratt,0,4190,0,0,1294,2822,4190,medsl,1
2012,KS,Pratt,0,3801,0,0,980,2771,3801,medsl,1
2016,KS,Pratt,0,3842,0,0,771,2838,3842,medsl,1
2020,KS,Pratt,0,4137,0,0,933,3108,4137,medsl,1
2024,KS,Pratt,0,4082,0,0,954,3054,4082,medsl,1
2004,KS,Rawlins,0,1720,0,0,289,1414,1720,medsl,1
2008,KS,Rawlins,0,1549,0,0,273,1247,1549,medsl,1
2012,KS,Rawlins,0,1444,0,0,190,1223,1444,medsl,1
2016,KS,Rawlins,0,1472,0,0,163,1220,1472,medsl,1
2020,KS,Rawlins,0,1504,0,0,214,1261,1504,medsl,1
2024,KS,Rawlins,0,1403,0,0,176,1194,1403,medsl,1
2004,KS,Reno,0,27324,0,0,9114,17748,27324,medsl,1
2008,KS,Reno,0,26512,0,0,9916,16112,26512,medsl,1
2012,KS,Reno,0,24422,0,0,8085,15718,24422,medsl,1
2016,KS,Reno,0,24210,0,0,6837,15513,24210,medsl,1
2020,KS,Reno,0,27941,0,0,8886,18443,27941,medsl,1
2024,KS,Reno,0,26940,0,0,8554,17847,26940,medsl,1
2004,KS,Republic,0,2889,0,0,607,2238,2889,medsl,1
2008,KS,Republic,0,2671,0,0,640,1978,2671,medsl,1
2012,KS,Republic,0,2686,0,0,477,2134,2686,medsl,1
2016,KS,Republic,0,2529,0,0,375,2024,2529,medsl,1
2020,KS,Republic,0,2657,0,0,424,2182,2657,medsl,1
2024,KS,Republic,0,2443,0,0,396,2001,2443,medsl,1
2004,KS,Rice,0,4376,0,0,1130,3182,4376,medsl,1
2008,KS,Rice,0,4021,0,0,1163,2780,4021,medsl,1
2012,KS,Rice,0,3681,0,0,911,2676,3681,medsl,1
2016,KS,Rice,0,3804,0,0,695,2837,3804,medsl,1
2020,KS,Rice,0,4319,0,0,965,3262,4319,medsl,1
2024,KS,Rice,0,3966,0,0,825,3073,3966,medsl,1
2004,KS,Riley,0,20911,0,0,7908,12672,20911,medsl,1
2008,KS,Riley,0,22997,0,0,10495,12111,22997,medsl,1
2012,KS,Riley,0,21101,0,0,8977,11507,21101,medsl,1
2016,KS,Riley,0,21532,0,0,9341,10107,21532,medsl,1
2020,KS,Riley,0,25171,0,0,12765,11610,25171,medsl,1
2024,KS,Riley,0,24313,0,0,12063,11630,24313,medsl,1
2004,KS,Rooks,0,2710,0,0,534,2121,2710,medsl,1
2008,KS,Rooks,0,2588,0,0,468,2068,2588,medsl,1
2012,KS,Rooks,0,2460,0,0,361,2038,2460,medsl,1
2016,KS,Rooks,0,2419,0,0,275,2031,2419,medsl,1
2020,KS,Rooks,0,2699,0,0,339,2325,2699,medsl,1
2024,KS,Rooks,0,2534,0,0,349,2153,2534,medsl,1
2004,KS,Rush,0,1789,0,0,517,1226,1789,medsl,1
2008,KS,Rush,0,1781,0,0,504,1225,1781,medsl,1
2012,KS,Rush,0,1570,0,0,367,1166,1570,medsl,1
2016,KS,Rush,0,1503,0,0,233,1197,1503,medsl,1
2020,KS,Rush,0,1677,0,0,295,1350,1677,medsl,1
2024,KS,Rush,0,1606,0,0,264,1315,1606,medsl,1
2004,KS,Russell,0,3525,0,0,810,2671,3525,medsl,1
2008,KS,Russell,0,3293,0,0,736,2509,3293,medsl,1
2012,KS,Russell,0,3200,0,0,593,2553,3200,medsl,1
2016,KS,Russell,0,3193,0,0,461,2574,3193,medsl,1
2020,KS,Russell,0,3467,0,0,600,2790,3467,medsl,1
2024,KS,Russell,0,3301,0,0,608,2632,3301,medsl,1
2004,KS,Saline,0,23041,0,0,7524,15111,23041,medsl,1
2008,KS,Saline,0,22788,0,0,8186,14165,22788,medsl,1
2012,KS,Saline,0,21496,0,0,7040,13840,21496,medsl,1
2016,KS,Saline,0,22064,0,0,6317,13828,22064,medsl,1
2020,KS,Saline,0,24531,0,0,8214,15722,24531,medsl,1
2024,KS,Saline,0,23226,0,0,7734,15069,23226,medsl,1
2004,KS,Scott,0,2299,0,0,347,1924,2299,medsl,1
2008,KS,Scott,0,2179,0,0,321,1823,2179,medsl,1
2012,KS,Scott,0,2052,0,0,277,1728,2052,medsl,1
2016,KS,Scott,0,2202,0,0,236,1865,2202,medsl,1
2020,KS,Scott,0,2354,0,0,299,2014,2354,medsl,1
2024,KS,Scott,0,2135,0,0,248,1843,2135,medsl,1
2004,KS,Sedgwick,0,177679,0,0,64839,110381,177679,medsl,1
2008,KS,Sedgwick,0,192733,0,0,82337,106849,192733,medsl,1
2012,KS,Sedgwick,0,182895,0,0,71977,106506,182895,medsl,1
2016,KS,Sedgwick,0,188783,0,0,69627,104353,188783,medsl,1
2020,KS,Sedgwick,0,223688,0,0,95870,122416,223688,medsl,1
2024,KS,Sedgwick,0,214152,0,0,90506,120118,214152,medsl,1
2004,KS,Sedgwick County,229326,179222,0,0,64839,110381,177825,manual,1
2008,KS,Sedgwick County,261128,194688,0,0,82337,106849,193730,manual,1
2012,KS,Sedgwick County,274369,184713,0,0,71977,106506,183763,manual,1
2016,KS,Sedgwick County,294138,193554,0,0,69627,104353,191798,manual,1
2020,KS,Sedgwick County,322381,225771,0,0,95870,122416,224862,manual,1
2024,KS,Sedgwick County,344640,216621,0,0,90506,120118,215550,manual,1
2004,KS,Seward,0,5439,0,0,1122,4272,5439,medsl,1
2008,KS,Seward,0,5336,0,0,1493,3791,5336,medsl,1
2012,KS,Seward,0,5176,0,0,1490,3617,5176,medsl,1
2016,KS,Seward,0,5038,0,0,1628,3159,5038,medsl,1
2020,KS,Seward,0,5294,0,0,1833,3372,5294,medsl,1
2024,KS,Seward,0,4565,0,0,1354,3133,4565,medsl,1
2004,KS,Shawnee,0,81577,0,0,36264,44188,81577,medsl,1
2008,KS,Shawnee,0,84177,0,0,41235,41476,84177,medsl,1
2012,KS,Shawnee,0,76508,0,0,36975,37782,76508,medsl,1
2016,KS,Shawnee,0,75406,0,0,33926,35934,75406,medsl,1
2020,KS,Shawnee,0,85657,0,0,43015,40443,85657,medsl,1
2024,KS,Shawnee,0,81819,0,0,40308,39901,81819,medsl,1
2004,KS,Shawnee County,0,0,0,0,36264,44188,81575,manual,1
2008,KS,Shawnee County,0,0,0,0,41235,41476,84550,manual,1
2012,KS,Shawnee County,0,0,0,0,36975,37782,76447,manual,1
2016,KS,Shawnee County,116415,86450,0,0,43015,40443,86122,manual,1
2020,KS,Shawnee County,116415,86450,0,0,43015,40443,86122,manual,1
2024,KS,Shawnee County,118792,82702,0,0,40308,39901,82342,manual,1
2004,KS,Sheridan,0,1406,0,0,239,1144,1406,medsl,1
2008,KS,Sheridan,0,1376,0,0,254,1108,1376,medsl,1
2012,KS,Sheridan,0,1342,0,0,168,1154,1342,medsl,1
2016,KS,Sheridan,0,1374,0,0,127,1197,1374,medsl,1
2020,KS,Sheridan,0,1445,0,0,147,1282,1445,medsl,1
2024,KS,Sheridan,0,1373,0,0,126,1229,1373,medsl,1
2004,KS,Sherman,0,2762,0,0,632,2088,2762,medsl,1
2008,KS,Sherman,0,2704,0,0,688,1959,2704,medsl,1
2012,KS,Sherman,0,2623,0,0,577,1976,2623,medsl,1
2016,KS,Sherman,0,2612,0,0,347,2089,2612,medsl,1
2020,KS,Sherman,0,2727,0,0,396,2269,2727,medsl,1
2024,KS,Sherman,0,2593,0,0,379,2161,2593,medsl,1
2004,KS,Smith,0,2370,0,0,540,1803,2370,medsl,1
2008,KS,Smith,0,2204,0,0,446,1719,2204,medsl,1
2012,KS,Smith,0,2023,0,0,358,1624,2023,medsl,1
2016,KS,Smith,0,2042,0,0,297,1661,2042,medsl,1
2020,KS,Smith,0,2129,0,0,336,1763,2129,medsl,1
2024,KS,Smith,0,2006,0,0,300,1675,2006,medsl,1
2004,KS,Stafford,0,2186,0,0,506,1649,2186,medsl,1
2008,KS,Stafford,0,2074,0,0,542,1495,2074,medsl,1
2012,KS,Stafford,0,1839,0,0,404,1385,1839,medsl,1
2016,KS,Stafford,0,1896,0,0,304,1490,1896,medsl,1
2020,KS,Stafford,0,2034,0,0,357,1645,2034,medsl,1
2024,KS,Stafford,0,1909,0,0,326,1548,1909,medsl,1
2004,KS,Stanton,0,966,0,0,165,796,966,medsl,1
2008,KS,Stanton,0,827,0,0,188,628,827,medsl,1
2012,KS,Stanton,0,759,0,0,143,605,759,medsl,1
2016,KS,Stanton,0,637,0,0,115,492,637,medsl,1
2020,KS,Stanton,0,776,0,0,148,614,776,medsl,1
2024,KS,Stanton,0,664,0,0,115,537,664,medsl,1
2004,KS,Stevens,0,2265,0,0,310,1936,2265,medsl,1
2008,KS,Stevens,0,2127,0,0,283,1815,2127,medsl,1
2012,KS,Stevens,0,2034,0,0,252,1749,2034,medsl,1
2016,KS,Stevens,0,1891,0,0,220,1599,1891,medsl,1
2020,KS,Stevens,0,2031,0,0,237,1760,2031,medsl,1
2024,KS,Stevens,0,1835,0,0,210,1595,1835,medsl,1
2004,KS,Sumner,0,10488,0,0,3217,7092,10488,medsl,1
2008,KS,Sumner,0,10337,0,0,3353,6737,10337,medsl,1
2012,KS,Sumner,0,9141,0,0,2658,6260,9141,medsl,1
2016,KS,Sumner,0,9722,0,0,2076,6984,9722,medsl,1
2020,KS,Sumner,0,10928,0,0,2591,8105,10928,medsl,1
2024,KS,Sumner,0,10549,0,0,2527,7810,10549,medsl,1
2004,KS,Thomas,0,3870,0,0,816,3007,3870,medsl,1
2008,KS,Thomas,0,3673,0,0,787,2837,3673,medsl,1
2012,KS,Thomas,0,3474,0,0,598,2788,3474,medsl,1
2016,KS,Thomas,0,3576,0,0,473,2908,3576,medsl,1
2020,KS,Thomas,0,3810,0,0,625,3130,3810,medsl,1
2024,KS,Thomas,0,3664,0,0,597,3007,3664,medsl,1
2004,KS,Trego,0,1686,0,0,434,1225,1686,medsl,1
2008,KS,Trego,0,1671,0,0,420,1225,1671,medsl,1
2012,KS,Trego,0,1579,0,0,291,1261,1579,medsl,1
2016,KS,Trego,0,1482,0,0,198,1227,1482,medsl,1
2020,KS,Trego,0,1630,0,0,242,1363,1630,medsl,1
2024,KS,Trego,0,1587,0,0,216,1343,1587,medsl,1
2004,KS,Wabaunsee,0,3604,0,0,1001,2531,3604,medsl,1
2008,KS,Wabaunsee,0,3521,0,0,1036,2395,3521,medsl,1
2012,KS,Wabaunsee,0,3267,0,0,918,2256,3267,medsl,1
2016,KS,Wabaunsee,0,3380,0,0,776,2372,3380,medsl,1
2020,KS,Wabaunsee,0,3902,0,0,964,2845,3902,medsl,1
2024,KS,Wabaunsee,0,3836,0,0,944,2816,3836,medsl,1
2004,KS,Wallace,0,876,0,0,112,742,876,medsl,0
2008,KS,Wallace,0,804,0,0,96,690,804,medsl,0
2012,KS,Wallace,0,798,0,0,68,719,798,medsl,0
2016,KS,Wallace,0,798,0,0,46,721,798,medsl,0
2020,KS,Wallace,0,825,0,0,44,770,825,medsl,0
2024,KS,Wallace,0,748,0,0,52,686,748,medsl,0
2004,KS,Washington,0,3190,0,0,643,2498,3190,medsl,1
2008,KS,Washington,0,2980,0,0,659,2248,2980,medsl,1
2012,KS,Washington,0,2889,0,0,524,2316,2889,medsl,1
2016,KS,Washington,0,2765,0,0,387,2194,2765,medsl,1
2020,KS,Washington,0,2883,0,0,475,2363,2883,medsl,1
2024,KS,Washington,0,2700,0,0,396,2263,2700,medsl,1
2004,KS,Wichita,0,1062,0,0,183,869,1062,medsl,1
2008,KS,Wichita,0,1019,0,0,163,840,1019,medsl,1
2012,KS,Wichita,0,987,0,0,157,821,987,medsl,1
2016,KS,Wichita,0,956,0,0,140,769,956,medsl,1
2020,KS,Wichita,0,968,0,0,149,808,968,medsl,1
2024,KS,Wichita,0,860,0,0,107,740,860,medsl,1
2004,KS,Wilson,0,4398,0,0,1060,3263,4398,medsl,1
2008,KS,Wilson,0,4121,0,0,1170,2850,4121,medsl,1
2012,KS,Wilson,0,3717,0,0,818,2825,3717,medsl,1
2016,KS,Wilson,0,3591,0,0,594,2788,3591,medsl,1
2020,KS,Wilson,0,3954,0,0,723,3153,3954,medsl,1
2024,KS,Wilson,0,3603,0,0,647,2894,3603,medsl,1
2004,KS,Woodson,0,1763,0,0,530,1204,1763,medsl,1
2008,KS,Woodson,0,1599,0,0,512,1055,1599,medsl,1
2012,KS,Woodson,0,1447,0,0,380,1035,1447,medsl,1
2016,KS,Woodson,0,1443,0,0,273,1082,1443,medsl,1
2020,KS,Woodson,0,1546,0,0,294,1228,1546,medsl,1
2024,KS,Woodson,0,1506,0,0,282,1205,1506,medsl,1
2004,KS,Wyandotte,0,53401,0,0,34923,17919,53401,medsl,1
2008,KS,Wyandotte,0,57169,0,0,39865,16506,57169,medsl,1
2012,KS,Wyandotte,0,50738,0,0,34302,15496,50738,medsl,1
2016,KS,Wyandotte,0,48781,0,0,30146,15806,48781,medsl,1
2020,KS,Wyandotte,0,56785,0,0,36788,18934,56785,medsl,1
2024,KS,Wyandotte,0,50602,0,0,30938,18867,50602,medsl,1
2004,KS,Wyandotte County,89207,53630,0,0,34923,17919,53459,manual,1
2008,KS,Wyandotte County,91183,57595,0,0,39865,16506,57409,manual,1
2012,KS,Wyandotte County,84208,51059,0,0,34302,15496,50893,manual,1
2016,KS,Wyandotte County,79087,49516,0,0,30146,15806,49243,manual,1
2020,KS,Wyandotte County,91358,57276,0,0,36788,18934,57071,manual,1
2024,KS,Wyandotte County,94460,51104,0,0,30938,18867,50901,manual,1
2004,KY,Adair,0,7447,0,0,1764,5628,7447,medsl,1
2008,KY,Adair,0,7298,0,0,1668,5512,7298,medsl,1
2012,KY,Adair,0,7600,0,0,1660,5841,7600,medsl,1
2016,KY,Adair,0,8233,0,0,1323,6637,8233,medsl,1
2020,KY,Adair,0,8763,0,0,1392,7276,8763,medsl,1
2024,KY,Adair,0,8974,0,0,1257,7643,8974,medsl,1
2004,KY,Allen,0,7163,0,0,1923,5202,7163,medsl,1
2008,KY,Allen,0,7390,0,0,2024,5258,7390,medsl,1
2012,KY,Allen,0,7100,0,0,1808,5184,7100,medsl,1
2016,KY,Allen,0,8096,0,0,1349,6466,8096,medsl,1
2020,KY,Allen,0,9363,0,0,1642,7586,9363,medsl,1
2024,KY,Allen,0,9418,0,0,1505,7824,9418,medsl,1
2004,KY,Anderson,0,9591,0,0,3141,6363,9591,medsl,1
2008,KY,Anderson,0,10552,0,0,3462,6885,10552,medsl,1
2012,KY,Anderson,0,10320,0,0,3315,6822,10320,medsl,1
2016,KY,Anderson,0,11422,0,0,2634,8242,11422,medsl,1
2020,KY,Anderson,0,13240,0,0,3347,9657,13240,medsl,1
2024,KY,Anderson,0,13095,0,0,3226,9650,13095,medsl,1
2004,KY,Ballard,0,4177,0,0,1759,2389,4177,medsl,1
2008,KY,Ballard,0,4060,0,0,1427,2537,4060,medsl,1
2012,KY,Ballard,0,3895,0,0,1189,2647,3895,medsl,1
2016,KY,Ballard,0,4101,0,0,816,3161,4101,medsl,1
2020,KY,Ballard,0,4225,0,0,825,3356,4225,medsl,1
2024,KY,Ballard,0,4088,0,0,697,3331,4088,medsl,1
2004,KY,Barren,0,16140,0,0,5216,10822,16140,medsl,1
2008,KY,Barren,0,16807,0,0,5434,11133,16807,medsl,1
2012,KY,Barren,0,16568,0,0,5400,10922,16568,medsl,1
2016,KY,Barren,0,18488,0,0,4275,13483,18488,medsl,1
2020,KY,Barren,0,20055,0,0,5127,14654,20055,medsl,1
2024,KY,Barren,0,19802,0,0,4565,15019,19802,medsl,1
2004,KY,Bath,0,4919,0,0,2608,2269,4919,medsl,1
2008,KY,Bath,0,4543,0,0,2210,2234,4543,medsl,1
2012,KY,Bath,0,4122,0,0,1770,2275,4122,medsl,1
2016,KY,Bath,0,4587,0,0,1361,3082,4587,medsl,1
2020,KY,Bath,0,5627,0,0,1573,3986,5627,medsl,1
2024,KY,Bath,0,5389,0,0,1278,4041,5389,medsl,1
2004,KY,Bell,0,11002,0,0,4210,6722,11002,medsl,1
2008,KY,Bell,0,9598,0,0,2782,6681,9598,medsl,1
2012,KY,Bell,0,9482,0,0,2224,7127,9482,medsl,1
2016,KY,Bell,0,9718,0,0,1720,7764,9718,medsl,1
2020,KY,Bell,0,10044,0,0,1789,8140,10044,medsl,1
2024,KY,Bell,0,9340,0,0,1419,7831,9340,medsl,1
2004,KY,Boone,0,45082,0,0,12391,32329,45082,medsl,1
2008,KY,Boone,0,50774,0,0,16292,33812,50774,medsl,1
2012,KY,Boone,0,52511,0,0,15629,35922,52511,medsl,1
2016,KY,Boone,0,57618,0,0,15026,39082,57618,medsl,1
2020,KY,Boone,0,66953,0,0,20897,44811,66953,medsl,1
2024,KY,Boone,0,67421,0,0,20601,45650,67421,medsl,1
2004,KY,Bourbon,0,8217,0,0,3198,4953,8217,medsl,1
2008,KY,Bourbon,0,8330,0,0,3385,4820,8330,medsl,1
2012,KY,Bourbon,0,7923,0,0,3075,4692,7923,medsl,1
2016,KY,Bourbon,0,8803,0,0,2791,5569,8803,medsl,1
2020,KY,Bourbon,0,9643,0,0,3296,6190,9643,medsl,1
2024,KY,Bourbon,0,9537,0,0,3088,6284,9537,medsl,1
2004,KY,Boyd,0,21777,0,0,10132,11501,21777,medsl,1
2008,KY,Boyd,0,20670,0,0,8886,11430,20670,medsl,1
2012,KY,Boyd,0,19049,0,0,7776,10884,19049,medsl,1
2016,KY,Boyd,0,20454,0,0,6021,13591,20454,medsl,1
2020,KY,Boyd,0,21741,0,0,7083,14295,21741,medsl,1
2024,KY,Boyd,0,20951,0,0,6291,14363,20951,medsl,1
2004,KY,Boyle,0,12490,0,0,4646,7764,12490,medsl,1
2008,KY,Boyle,0,12635,0,0,4769,7701,12635,medsl,1
2012,KY,Boyle,0,12373,0,0,4471,7703,12373,medsl,1
2016,KY,Boyle,0,12946,0,0,4281,8040,12946,medsl,1
2020,KY,Boyle,0,14467,0,0,5298,8872,14467,medsl,1
2024,KY,Boyle,0,14373,0,0,4990,9159,14373,medsl,1
2004,KY,Bracken,0,3610,0,0,1213,2363,3610,medsl,1
2008,KY,Bracken,0,3399,0,0,1241,2066,3399,medsl,1
2012,KY,Bracken,0,3232,0,0,1147,2029,3232,medsl,1
2016,KY,Bracken,0,3527,0,0,705,2711,3527,medsl,1
2020,KY,Bracken,0,4244,0,0,800,3398,4244,medsl,1
2024,KY,Bracken,0,4153,0,0,702,3399,4153,medsl,1
2004,KY,Breathitt,0,5944,0,0,3327,2542,5944,medsl,1
2008,KY,Breathitt,0,5030,0,0,2205,2671,5030,medsl,1
2012,KY,Breathitt,0,5008,0,0,1562,3318,5008,medsl,1
2016,KY,Breathitt,0,5738,0,0,1537,3991,5738,medsl,1
2020,KY,Breathitt,0,5661,0,0,1301,4265,5661,medsl,1
2024,KY,Breathitt,0,5113,0,0,1002,4036,5113,medsl,1
2004,KY,Breckinridge,0,8520,0,0,2884,5580,8520,medsl,1
2008,KY,Breckinridge,0,8522,0,0,3110,5281,8522,medsl,1
2012,KY,Breckinridge,0,7969,0,0,2825,5025,7969,medsl,1
2016,KY,Breckinridge,0,8774,0,0,1960,6484,8774,medsl,1
2020,KY,Breckinridge,0,10197,0,0,2350,7701,10197,medsl,1
2024,KY,Breckinridge,0,10048,0,0,2038,7882,10048,medsl,1
2004,KY,Bullitt,0,28627,0,0,9043,19433,28627,medsl,1
2008,KY,Bullitt,0,30726,0,0,10177,20102,30726,medsl,1
2012,KY,Bullitt,0,31779,0,0,9971,21306,31779,medsl,1
2016,KY,Bullitt,0,36069,0,0,8255,26210,36069,medsl,1
2020,KY,Bullitt,0,41964,0,0,10551,30708,41964,medsl,1
2024,KY,Bullitt,0,43209,0,0,10280,32299,43209,medsl,1
2004,KY,Butler,0,5578,0,0,1436,4109,5578,medsl,1
2008,KY,Butler,0,5307,0,0,1555,3696,5307,medsl,1
2012,KY,Butler,0,5060,0,0,1293,3716,5060,medsl,1
2016,KY,Butler,0,5576,0,0,947,4428,5576,medsl,1
2020,KY,Butler,0,6122,0,0,1079,4960,6122,medsl,1
2024,KY,Butler,0,5943,0,0,965,4905,5943,medsl,1
2004,KY,Caldwell,0,6349,0,0,2245,4066,6349,medsl,1
2008,KY,Caldwell,0,6199,0,0,2212,3866,6199,medsl,1
2012,KY,Caldwell,0,5860,0,0,1852,3904,5860,medsl,1
2016,KY,Caldwell,0,5975,0,0,1260,4507,5975,medsl,1
2020,KY,Caldwell,0,6428,0,0,1433,4906,6428,medsl,1
2024,KY,Caldwell,0,6188,0,0,1256,4860,6188,medsl,1
2004,KY,Calloway,0,15145,0,0,5728,9293,15145,medsl,1
2008,KY,Calloway,0,15404,0,0,6165,8991,15404,medsl,1
2012,KY,Calloway,0,15072,0,0,5317,9440,15072,medsl,1
2016,KY,Calloway,0,16049,0,0,4749,10367,16049,medsl,1
2020,KY,Calloway,0,17443,0,0,5794,11351,17443,medsl,1
2024,KY,Calloway,0,16945,0,0,5111,11539,16945,medsl,1
2004,KY,Campbell,0,40175,0,0,14253,25540,40175,medsl,1
2008,KY,Campbell,0,40297,0,0,15622,24046,40297,medsl,1
2012,KY,Campbell,0,40177,0,0,15080,24240,40177,medsl,1
2016,KY,Campbell,0,42510,0,0,14658,25050,42510,medsl,1
2020,KY,Campbell,0,48833,0,0,19373,28482,48833,medsl,1
2024,KY,Campbell,0,48334,0,0,18952,28450,48334,medsl,1
2004,KY,Carlisle,0,2845,0,0,1102,1734,2845,medsl,1
2008,KY,Carlisle,0,2617,0,0,879,1699,2617,medsl,1
2012,KY,Carlisle,0,2619,0,0,750,1835,2619,medsl,1
2016,KY,Carlisle,0,2601,0,0,432,2094,2601,medsl,1
2020,KY,Carlisle,0,2638,0,0,463,2159,2638,medsl,1
2024,KY,Carlisle,0,2610,0,0,408,2182,2610,medsl,1
2004,KY,Carroll,0,3897,0,0,1688,2175,3897,medsl,1
2008,KY,Carroll,0,3835,0,0,1716,2032,3835,medsl,1
2012,KY,Carroll,0,3680,0,0,1629,1999,3680,medsl,1
2016,KY,Carroll,0,3855,0,0,1106,2588,3855,medsl,1
2020,KY,Carroll,0,4135,0,0,1116,2954,4135,medsl,1
2024,KY,Carroll,0,4025,0,0,963,3014,4025,medsl,1
2004,KY,Carter,0,11117,0,0,5577,5422,11117,medsl,1
2008,KY,Carter,0,9813,0,0,4316,5252,9813,medsl,1
2012,KY,Carter,0,8908,0,0,3383,5279,8908,medsl,1
2016,KY,Carter,0,10278,0,0,2276,7587,10278,medsl,1
2020,KY,Carter,0,11585,0,0,2642,8775,11585,medsl,1
2024,KY,Carter,0,11422,0,0,2305,8981,11422,medsl,1
2004,KY,Casey,0,6321,0,0,1174,5109,6321,medsl,1
2008,KY,Casey,0,5957,0,0,1219,4679,5957,medsl,1
2012,KY,Casey,0,6091,0,0,1086,4904,6091,medsl,1
2016,KY,Casey,0,6439,0,0,767,5482,6439,medsl,1
2020,KY,Casey,0,7171,0,0,918,6179,7171,medsl,1
2024,KY,Casey,0,7080,0,0,804,6216,7080,medsl,1
2004,KY,Christian,0,21015,0,0,6970,13935,21015,medsl,1
2008,KY,Christian,0,22778,0,0,8880,13699,22778,medsl,1
2012,KY,Christian,0,21955,0,0,8252,13475,21955,medsl,1
2016,KY,Christian,0,22083,0,0,7188,14108,22083,medsl,1
2020,KY,Christian,0,23863,0,0,8296,15080,23863,medsl,1
2024,KY,Christian,0,21671,0,0,7055,14332,21671,medsl,1
2004,KY,Clark,0,15317,0,0,5661,9540,15317,medsl,1
2008,KY,Clark,0,15628,0,0,5749,9664,15628,medsl,1
2012,KY,Clark,0,15416,0,0,5228,9931,15416,medsl,1
2016,KY,Clark,0,16205,0,0,4706,10710,16205,medsl,1
2020,KY,Clark,0,18128,0,0,6004,11811,18128,medsl,1
2024,KY,Clark,0,17885,0,0,5639,11950,17885,medsl,1
2004,KY,Clay,0,7687,0,0,1901,5726,7687,medsl,1
2008,KY,Clay,0,7364,0,0,1552,5710,7364,medsl,1
2012,KY,Clay,0,7383,0,0,1111,6176,7383,medsl,1
2016,KY,Clay,0,6767,0,0,752,5861,6767,medsl,1
2020,KY,Clay,0,7590,0,0,831,6677,7590,medsl,1
2024,KY,Clay,0,7517,0,0,692,6729,7517,medsl,1
2004,KY,Clinton,0,4352,0,0,952,3369,4352,medsl,1
2008,KY,Clinton,0,4172,0,0,761,3366,4172,medsl,1
2012,KY,Clinton,0,4393,0,0,752,3569,4393,medsl,1
2016,KY,Clinton,0,4462,0,0,547,3809,4462,medsl,1
2020,KY,Clinton,0,4932,0,0,603,4280,4932,medsl,1
2024,KY,Clinton,0,4880,0,0,549,4276,4880,medsl,1
2004,KY,Crittenden,0,4190,0,0,1438,2726,4190,medsl,1
2008,KY,Crittenden,0,3930,0,0,1254,2604,3930,medsl,1
2012,KY,Crittenden,0,3854,0,0,960,2839,3854,medsl,1
2016,KY,Crittenden,0,4037,0,0,617,3290,4037,medsl,1
2020,KY,Crittenden,0,4242,0,0,731,3451,4242,medsl,1
2024,KY,Crittenden,0,4010,0,0,608,3349,4010,medsl,1
2004,KY,Cumberland,0,3239,0,0,848,2356,3239,medsl,1
2008,KY,Cumberland,0,2797,0,0,697,2056,2797,medsl,1
2012,KY,Cumberland,0,2854,0,0,599,2216,2854,medsl,1
2016,KY,Cumberland,0,3066,0,0,459,2502,3066,medsl,1
2020,KY,Cumberland,0,3309,0,0,508,2769,3309,medsl,1
2024,KY,Cumberland,0,3442,0,0,483,2922,3442,medsl,1
2004,KY,Daviess,0,41483,0,0,15788,25372,41483,medsl,1
2008,KY,Daviess,0,43622,0,0,19282,23692,43622,medsl,1
2012,KY,Daviess,0,42087,0,0,16208,25092,42087,medsl,1
2016,KY,Daviess,0,45807,0,0,14163,28907,45807,medsl,1
2020,KY,Daviess,0,49240,0,0,17283,31023,49240,medsl,1
2024,KY,Daviess,0,47097,0,0,15673,30705,47097,medsl,1
2004,KY,Edmonson,0,5481,0,0,1856,3595,5481,medsl,1
2008,KY,Edmonson,0,5270,0,0,1652,3562,5270,medsl,1
2012,KY,Edmonson,0,4668,0,0,1374,3232,4668,medsl,1
2016,KY,Edmonson,0,5244,0,0,979,4135,5244,medsl,1
2020,KY,Edmonson,0,6131,0,0,1227,4828,6131,medsl,1
2024,KY,Edmonson,0,6247,0,0,1118,5048,6247,medsl,1
2004,KY,Elliott,0,2957,0,0,2064,871,2957,medsl,1
2008,KY,Elliott,0,2515,0,0,1535,902,2515,medsl,1
2012,KY,Elliott,0,2399,0,0,1186,1126,2399,medsl,1
2016,KY,Elliott,0,2855,0,0,740,2000,2855,medsl,1
2020,KY,Elliott,0,2995,0,0,712,2246,2995,medsl,1
2024,KY,Elliott,0,2911,0,0,532,2335,2911,medsl,1
2004,KY,Estill,0,5575,0,0,1907,3633,5575,medsl,1
2008,KY,Estill,0,5314,0,0,1555,3685,5314,medsl,1
2012,KY,Estill,0,5184,0,0,1356,3749,5184,medsl,1
2016,KY,Estill,0,5545,0,0,1108,4236,5545,medsl,1
2020,KY,Estill,0,6538,0,0,1355,5100,6538,medsl,1
2024,KY,Estill,0,6290,0,0,1114,5091,6290,medsl,1
2004,KY,Fayette,0,125576,0,0,57994,66406,125576,medsl,1
2008,KY,Fayette,0,127639,0,0,66042,59884,127639,medsl,1
2012,KY,Fayette,0,125866,0,0,62080,60795,125866,medsl,1
2016,KY,Fayette,0,136315,0,0,69778,56894,136315,medsl,1
2020,KY,Fayette,0,152664,0,0,90566,58845,152664,medsl,1
2024,KY,Fayette,0,143935,0,0,83387,57347,143935,medsl,1
2004,KY,Fleming,0,6203,0,0,2406,3749,6203,medsl,1
2008,KY,Fleming,0,5832,0,0,2279,3432,5832,medsl,1
2012,KY,Fleming,0,5782,0,0,1911,3780,5782,medsl,1
2016,KY,Fleming,0,6260,0,0,1348,4722,6260,medsl,1
2020,KY,Fleming,0,7066,0,0,1474,5534,7066,medsl,1
2024,KY,Fleming,0,7000,0,0,1334,5578,7000,medsl,1
2004,KY,Floyd,0,17885,0,0,11132,6612,17885,medsl,1
2008,KY,Floyd,0,15659,0,0,7530,7741,15659,medsl,1
2012,KY,Floyd,0,14890,0,0,4733,9784,14890,medsl,1
2016,KY,Floyd,0,16540,0,0,4015,11993,16540,medsl,1
2020,KY,Floyd,0,16351,0,0,3884,12250,16351,medsl,1
2024,KY,Floyd,0,15652,0,0,3061,12326,15652,medsl,1
2004,KY,Franklin,0,24133,0,0,11620,12281,24133,medsl,1
2008,KY,Franklin,0,24079,0,0,11767,11911,24079,medsl,1
2012,KY,Franklin,0,23337,0,0,11535,11345,23337,medsl,1
2016,KY,Franklin,0,23865,0,0,10717,11819,23865,medsl,1
2020,KY,Franklin,0,26059,0,0,12650,12900,26059,medsl,1
2024,KY,Franklin,0,25763,0,0,11996,13246,25763,medsl,1
2004,KY,Fulton,0,2890,0,0,1340,1527,2890,medsl,1
2008,KY,Fulton,0,2825,0,0,1238,1530,2825,medsl,1
2012,KY,Fulton,0,2481,0,0,1022,1425,2481,medsl,1
2016,KY,Fulton,0,2382,0,0,774,1549,2382,medsl,1
2020,KY,Fulton,0,2421,0,0,791,1605,2421,medsl,1
2024,KY,Fulton,0,2145,0,0,636,1491,2145,medsl,1
2004,KY,Gallatin,0,3073,0,0,1188,1869,3073,medsl,1
2008,KY,Gallatin,0,3193,0,0,1278,1840,3193,medsl,1
2012,KY,Gallatin,0,3061,0,0,1238,1758,3061,medsl,1
2016,KY,Gallatin,0,3338,0,0,749,2443,3338,medsl,1
2020,KY,Gallatin,0,3849,0,0,822,2955,3849,medsl,1
2024,KY,Gallatin,0,3917,0,0,761,3109,3917,medsl,1
2004,KY,Garrard,0,6658,0,0,1841,4784,6658,medsl,1
2008,KY,Garrard,0,7210,0,0,2012,5118,7210,medsl,1
2012,KY,Garrard,0,7077,0,0,1661,5310,7077,medsl,1
2016,KY,Garrard,0,7623,0,0,1453,5904,7623,medsl,1
2020,KY,Garrard,0,8703,0,0,1830,6754,8703,medsl,1
2024,KY,Garrard,0,8917,0,0,1719,7086,8917,medsl,1
2004,KY,Grant,0,8824,0,0,2818,5951,8824,medsl,1
2008,KY,Grant,0,8754,0,0,3112,5510,8754,medsl,1
2012,KY,Grant,0,8608,0,0,2810,5664,8608,medsl,1
2016,KY,Grant,0,9559,0,0,1910,7268,9559,medsl,1
2020,KY,Grant,0,11106,0,0,2205,8725,11106,medsl,1
2024,KY,Grant,0,11469,0,0,1944,9372,11469,medsl,1
2004,KY,Graves,0,16229,0,0,6206,9903,16229,medsl,1
2008,KY,Graves,0,16155,0,0,5843,10056,16155,medsl,1
2012,KY,Graves,0,15503,0,0,4547,10699,15503,medsl,1
2016,KY,Graves,0,16606,0,0,3308,12671,16606,medsl,1
2020,KY,Graves,0,17018,0,0,3559,13206,17018,medsl,1
2024,KY,Graves,0,16678,0,0,3105,13378,16678,medsl,1
2004,KY,Grayson,0,10143,0,0,2905,7170,10143,medsl,1
2008,KY,Grayson,0,9903,0,0,3154,6605,9903,medsl,1
2012,KY,Grayson,0,9271,0,0,2744,6404,9271,medsl,1
2016,KY,Grayson,0,10576,0,0,1959,8219,10576,medsl,1
2020,KY,Grayson,0,11983,0,0,2400,9453,11983,medsl,1
2024,KY,Grayson,0,12095,0,0,2235,9710,12095,medsl,1
2004,KY,Green,0,5206,0,0,1312,3866,5206,medsl,1
2008,KY,Green,0,5079,0,0,1204,3785,5079,medsl,1
2012,KY,Green,0,4856,0,0,1165,3634,4856,medsl,1
2016,KY,Green,0,5333,0,0,832,4372,5333,medsl,1
2020,KY,Green,0,5812,0,0,920,4838,5812,medsl,1
2024,KY,Green,0,5857,0,0,782,5033,5857,medsl,1
2004,KY,Greenup,0,16435,0,0,7630,8696,16435,medsl,1
2008,KY,Greenup,0,15798,0,0,6621,8849,15798,medsl,1
2012,KY,Greenup,0,15168,0,0,6027,8855,15168,medsl,1
2016,KY,Greenup,0,16277,0,0,4146,11546,16277,medsl,1
2020,KY,Greenup,0,18176,0,0,4873,13064,18176,medsl,1
2024,KY,Greenup,0,17374,0,0,4181,12961,17374,medsl,1
2004,KY,Hancock,0,4029,0,0,1709,2286,4029,medsl,1
2008,KY,Hancock,0,4144,0,0,2135,1928,4144,medsl,1
2012,KY,Hancock,0,4134,0,0,1833,2212,4134,medsl,1
2016,KY,Hancock,0,4295,0,0,1244,2788,4295,medsl,1
2020,KY,Hancock,0,4587,0,0,1351,3145,4587,medsl,1
2024,KY,Hancock,0,4633,0,0,1173,3375,4633,medsl,1
2004,KY,Hardin,0,36441,0,0,11507,24627,36441,medsl,1
2008,KY,Hardin,0,39990,0,0,15650,23896,39990,medsl,1
2012,KY,Hardin,0,39218,0,0,15214,23357,39218,medsl,1
2016,KY,Hardin,0,43156,0,0,13944,26971,43156,medsl,1
2020,KY,Hardin,0,48941,0,0,18101,29832,48941,medsl,1
2024,KY,Hardin,0,48082,0,0,16572,30672,48082,medsl,1
2004,KY,Harlan,0,11070,0,0,4332,6659,11070,medsl,1
2008,KY,Harlan,0,9914,0,0,2586,7165,9914,medsl,1
2012,KY,Harlan,0,10657,0,0,1830,8652,10657,medsl,1
2016,KY,Harlan,0,10757,0,0,1372,9129,10757,medsl,1
2020,KY,Harlan,0,10971,0,0,1494,9367,10971,medsl,1
2024,KY,Harlan,0,10388,0,0,1199,9109,10388,medsl,1
2004,KY,Harrison,0,7731,0,0,2807,4855,7731,medsl,1
2008,KY,Harrison,0,7590,0,0,2916,4520,7590,medsl,1
2012,KY,Harrison,0,7163,0,0,2471,4556,7163,medsl,1
2016,KY,Harrison,0,7781,0,0,2031,5435,7781,medsl,1
2020,KY,Harrison,0,8853,0,0,2400,6334,8853,medsl,1
2024,KY,Harrison,0,9018,0,0,2265,6639,9018,medsl,1
2004,KY,Hart,0,6784,0,0,2470,4269,6784,medsl,1
2008,KY,Hart,0,6818,0,0,2290,4397,6818,medsl,1
2012,KY,Hart,0,6622,0,0,2283,4257,6622,medsl,1
2016,KY,Hart,0,7264,0,0,1730,5320,7264,medsl,1
2020,KY,Hart,0,8369,0,0,1908,6345,8369,medsl,1
2024,KY,Hart,0,8409,0,0,1642,6691,8409,medsl,1
2004,KY,Henderson,0,18701,0,0,8101,10467,18701,medsl,1
2008,KY,Henderson,0,19861,0,0,10049,9523,19861,medsl,1
2012,KY,Henderson,0,18622,0,0,8091,10296,18622,medsl,1
2016,KY,Henderson,0,19710,0,0,6707,12159,19710,medsl,1
2020,KY,Henderson,0,20688,0,0,7639,12730,20688,medsl,1
2024,KY,Henderson,0,19688,0,0,6837,12592,19688,medsl,1
2004,KY,Henry,0,6499,0,0,2366,4094,6499,medsl,1
2008,KY,Henry,0,6919,0,0,2725,4081,6919,medsl,1
2012,KY,Henry,0,6590,0,0,2530,3940,6590,medsl,1
2016,KY,Henry,0,7149,0,0,1828,4944,7149,medsl,1
2020,KY,Henry,0,8107,0,0,2142,5843,8107,medsl,1
2024,KY,Henry,0,8074,0,0,1857,6093,8074,medsl,1
2004,KY,Hickman,0,2342,0,0,926,1395,2342,medsl,1
2008,KY,Hickman,0,2250,0,0,812,1406,2250,medsl,1
2012,KY,Hickman,0,2139,0,0,686,1431,2139,medsl,1
2016,KY,Hickman,0,2157,0,0,449,1657,2157,medsl,1
2020,KY,Hickman,0,2199,0,0,458,1714,2199,medsl,1
2024,KY,Hickman,0,2069,0,0,394,1656,2069,medsl,1
2004,KY,Hopkins,0,18843,0,0,6420,12314,18843,medsl,1
2008,KY,Hopkins,0,19348,0,0,7104,11916,19348,medsl,1
2012,KY,Hopkins,0,19767,0,0,5789,13681,19767,medsl,1
2016,KY,Hopkins,0,20345,0,0,4310,15277,20345,medsl,1
2020,KY,Hopkins,0,21509,0,0,5439,15757,21509,medsl,1
2024,KY,Hopkins,0,20537,0,0,4916,15361,20537,medsl,1
2004,KY,Jackson,0,5178,0,0,769,4369,5178,medsl,1
2008,KY,Jackson,0,5224,0,0,743,4407,5224,medsl,1
2012,KY,Jackson,0,5061,0,0,612,4365,5061,medsl,1
2016,KY,Jackson,0,5501,0,0,482,4889,5501,medsl,1
2020,KY,Jackson,0,6113,0,0,605,5453,6113,medsl,1
2024,KY,Jackson,0,5934,0,0,506,5358,5934,medsl,1
2004,KY,Jefferson,0,337350,0,0,170158,164566,337350,medsl,1
2008,KY,Jefferson,0,353892,0,0,196435,153957,353892,medsl,1
2012,KY,Jefferson,0,339579,0,0,186181,148423,339579,medsl,1
2016,KY,Jefferson,0,353099,0,0,190836,143768,353099,medsl,1
2020,KY,Jefferson,0,386093,0,0,228288,150619,386093,medsl,1
2024,KY,Jefferson,0,354094,0,0,203070,144553,354094,medsl,1
2004,KY,Jessamine,0,18580,0,0,5476,12972,18580,medsl,1
2008,KY,Jessamine,0,20214,0,0,6236,13711,20214,medsl,1
2012,KY,Jessamine,0,20633,0,0,6001,14233,20633,medsl,1
2016,KY,Jessamine,0,23326,0,0,6144,15474,23326,medsl,1
2020,KY,Jessamine,0,26251,0,0,8567,17096,26251,medsl,1
2024,KY,Jessamine,0,26685,0,0,8303,17854,26685,medsl,1
2004,KY,Johnson,0,9304,0,0,3288,5940,9304,medsl,1
2008,KY,Johnson,0,8517,0,0,2407,5948,8517,medsl,1
2012,KY,Johnson,0,9035,0,0,1723,7095,9035,medsl,1
2016,KY,Johnson,0,9572,0,0,1250,8043,9572,medsl,1
2020,KY,Johnson,0,10192,0,0,1608,8450,10192,medsl,1
2024,KY,Johnson,0,9622,0,0,1350,8150,9622,medsl,1
2004,KY,Kenton,0,67123,0,0,22834,43664,67123,medsl,1
2008,KY,Kenton,0,68213,0,0,26480,40714,68213,medsl,1
2012,KY,Kenton,0,67704,0,0,24920,41389,67704,medsl,1
2016,KY,Kenton,0,71998,0,0,24214,42958,71998,medsl,1
2020,KY,Kenton,0,82108,0,0,32265,48123,82108,medsl,1
2024,KY,Kenton,0,80948,0,0,30859,48444,80948,medsl,1
2004,KY,Knott,0,7394,0,0,4685,2648,7394,medsl,1
2008,KY,Knott,0,5820,0,0,2612,3070,5820,medsl,1
2012,KY,Knott,0,5693,0,0,1420,4130,5693,medsl,1
2016,KY,Knott,0,5763,0,0,1245,4357,5763,medsl,1
2020,KY,Knott,0,6251,0,0,1412,4779,6251,medsl,1
2024,KY,Knott,0,6003,0,0,1181,4732,6003,medsl,1
2004,KY,Knox,0,12028,0,0,3822,8108,12028,medsl,1
2008,KY,Knox,0,11389,0,0,3074,8150,11389,medsl,1
2012,KY,Knox,0,11100,0,0,2484,8467,11100,medsl,1
2016,KY,Knox,0,12012,0,0,1761,9885,12012,medsl,1
2020,KY,Knox,0,13273,0,0,2114,11012,13273,medsl,1
2024,KY,Knox,0,13156,0,0,1821,11178,13156,medsl,1
2004,KY,Larue,0,5968,0,0,1823,4111,5968,medsl,1
2008,KY,Larue,0,6178,0,0,1913,4153,6178,medsl,1
2012,KY,Larue,0,5764,0,0,1733,3911,5764,medsl,1
2016,KY,Larue,0,6367,0,0,1278,4799,6367,medsl,1
2020,KY,Larue,0,7301,0,0,1504,5685,7301,medsl,1
2024,KY,Larue,0,7259,0,0,1389,5773,7259,medsl,1
2004,KY,Laurel,0,22264,0,0,5297,16819,22264,medsl,1
2008,KY,Laurel,0,22500,0,0,4618,17660,22500,medsl,1
2012,KY,Laurel,0,22408,0,0,3905,18151,22408,medsl,1
2016,KY,Laurel,0,24833,0,0,3440,20592,24833,medsl,1
2020,KY,Laurel,0,28097,0,0,4474,23234,28097,medsl,1
2024,KY,Laurel,0,27887,0,0,4037,23516,27887,medsl,1
2004,KY,Lawrence,0,6513,0,0,2705,3755,6513,medsl,1
2008,KY,Lawrence,0,5649,0,0,2036,3503,5649,medsl,1
2012,KY,Lawrence,0,5592,0,0,1520,3995,5592,medsl,1
2016,KY,Lawrence,0,6042,0,0,1045,4816,6042,medsl,1
2020,KY,Lawrence,0,6955,0,0,1238,5633,6955,medsl,1
2024,KY,Lawrence,0,6574,0,0,1044,5464,6574,medsl,1
2004,KY,Lee,0,2920,0,0,878,2018,2920,medsl,1
2008,KY,Lee,0,2773,0,0,752,1978,2773,medsl,1
2012,KY,Lee,0,2623,0,0,595,1977,2623,medsl,1
2016,KY,Lee,0,2667,0,0,444,2151,2667,medsl,1
2020,KY,Lee,0,2659,0,0,459,2159,2659,medsl,1
2024,KY,Lee,0,2690,0,0,406,2227,2690,medsl,1
2004,KY,Leslie,0,4964,0,0,1266,3661,4964,medsl,1
2008,KY,Leslie,0,4397,0,0,766,3574,4397,medsl,1
2012,KY,Leslie,0,4950,0,0,433,4439,4950,medsl,1
2016,KY,Leslie,0,4492,0,0,400,4015,4492,medsl,1
2020,KY,Leslie,0,4811,0,0,446,4321,4811,medsl,1
2024,KY,Leslie,0,4357,0,0,382,3908,4357,medsl,1
2004,KY,Letcher,0,9065,0,0,4192,4801,9065,medsl,1
2008,KY,Letcher,0,8235,0,0,2623,5367,8235,medsl,1
2012,KY,Letcher,0,8758,0,0,1702,6811,8758,medsl,1
2016,KY,Letcher,0,9134,0,0,1542,7293,9134,medsl,1
2020,KY,Letcher,0,9135,0,0,1799,7226,9135,medsl,1
2024,KY,Letcher,0,8431,0,0,1457,6848,8431,medsl,1
2004,KY,Lewis,0,5484,0,0,1667,3778,5484,medsl,1
2008,KY,Lewis,0,4791,0,0,1510,3213,4791,medsl,1
2012,KY,Lewis,0,4769,0,0,1342,3326,4769,medsl,1
2016,KY,Lewis,0,5298,0,0,785,4363,5298,medsl,1
2020,KY,Lewis,0,5883,0,0,823,4986,5883,medsl,1
2024,KY,Lewis,0,5721,0,0,666,4997,5721,medsl,1
2004,KY,Lincoln,0,8863,0,0,2796,5996,8863,medsl,1
2008,KY,Lincoln,0,9151,0,0,2752,6273,9151,medsl,1
2012,KY,Lincoln,0,9152,0,0,2582,6416,9152,medsl,1
2016,KY,Lincoln,0,9561,0,0,1865,7338,9561,medsl,1
2020,KY,Lincoln,0,10913,0,0,2254,8489,10913,medsl,1
2024,KY,Lincoln,0,11034,0,0,2080,8833,11034,medsl,1
2004,KY,Livingston,0,4706,0,0,2007,2675,4706,medsl,1
2008,KY,Livingston,0,4593,0,0,1622,2890,4593,medsl,1
2012,KY,Livingston,0,4511,0,0,1346,3089,4511,medsl,1
2016,KY,Livingston,0,4645,0,0,887,3570,4645,medsl,1
2020,KY,Livingston,0,5003,0,0,939,4010,5003,medsl,1
2024,KY,Livingston,0,4972,0,0,886,4021,4972,medsl,1
2004,KY,Logan,0,10644,0,0,3768,6815,10644,medsl,1
2008,KY,Logan,0,10890,0,0,3811,6925,10890,medsl,1
2012,KY,Logan,0,10510,0,0,3469,6899,10510,medsl,1
2016,KY,Logan,0,10899,0,0,2755,7778,10899,medsl,1
2020,KY,Logan,0,12346,0,0,3094,9067,12346,medsl,1
2024,KY,Logan,0,12511,0,0,2734,9620,12511,medsl,1
2004,KY,Lyon,0,3925,0,0,1769,2132,3925,medsl,1
2008,KY,Lyon,0,3855,0,0,1577,2220,3855,medsl,1
2012,KY,Lyon,0,3839,0,0,1373,2412,3839,medsl,1
2016,KY,Lyon,0,3962,0,0,1045,2789,3962,medsl,1
2020,KY,Lyon,0,4228,0,0,1092,3100,4228,medsl,1
2024,KY,Lyon,0,4187,0,0,950,3187,4187,medsl,1
2004,KY,Madison,0,30707,0,0,11525,18922,30707,medsl,1
2008,KY,Madison,0,32537,0,0,12392,19694,32537,medsl,1
2012,KY,Madison,0,33322,0,0,11512,21128,33322,medsl,1
2016,KY,Madison,0,37371,0,0,11793,23431,37371,medsl,1
2020,KY,Madison,0,43903,0,0,15580,27353,43903,medsl,1
2024,KY,Madison,0,45188,0,0,15180,29130,45188,medsl,1
2004,KY,Magoffin,0,5718,0,0,2843,2836,5718,medsl,1
2008,KY,Magoffin,0,4651,0,0,2105,2434,4651,medsl,1
2012,KY,Magoffin,0,4906,0,0,1433,3391,4906,medsl,1
2016,KY,Magoffin,0,5116,0,0,1172,3824,5116,medsl,1
2020,KY,Magoffin,0,5446,0,0,1213,4174,5446,medsl,1
2024,KY,Magoffin,0,5274,0,0,909,4288,5274,medsl,1
2004,KY,Marion,0,7354,0,0,3399,3905,7354,medsl,1
2008,KY,Marion,0,7615,0,0,3596,3842,7615,medsl,1
2012,KY,Marion,0,7318,0,0,3418,3800,7318,medsl,1
2016,KY,Marion,0,8111,0,0,2679,5122,8111,medsl,1
2020,KY,Marion,0,8928,0,0,2722,6113,8928,medsl,1
2024,KY,Marion,0,9102,0,0,2513,6473,9102,medsl,1
2004,KY,Marshall,0,15521,0,0,6383,9049,15521,medsl,1
2008,KY,Marshall,0,15487,0,0,5683,9512,15487,medsl,1
2012,KY,Marshall,0,15719,0,0,5022,10402,15719,medsl,1
2016,KY,Marshall,0,16698,0,0,3672,12322,16698,medsl,1
2020,KY,Marshall,0,17601,0,0,4071,13297,17601,medsl,1
2024,KY,Marshall,0,17602,0,0,3700,13677,17602,medsl,1
2004,KY,Martin,0,4539,0,0,1504,2996,4539,medsl,1
2008,KY,Martin,0,3692,0,0,808,2824,3692,medsl,1
2012,KY,Martin,0,3824,0,0,574,3180,3824,medsl,1
2016,KY,Martin,0,3953,0,0,363,3503,3953,medsl,1
2020,KY,Martin,0,3930,0,0,403,3496,3930,medsl,1
2024,KY,Martin,0,3655,0,0,287,3343,3655,medsl,1
2004,KY,Mason,0,7079,0,0,2644,4381,7079,medsl,1
2008,KY,Mason,0,7121,0,0,2891,4102,7121,medsl,1
2012,KY,Mason,0,6881,0,0,2592,4197,6881,medsl,1
2016,KY,Mason,0,7219,0,0,1970,4944,7219,medsl,1
2020,KY,Mason,0,7958,0,0,2362,5477,7958,medsl,1
2024,KY,Mason,0,7901,0,0,2170,5621,7901,medsl,1
2004,KY,Mccracken,0,29797,0,0,11361,18218,29797,medsl,1
2008,KY,Mccracken,0,30754,0,0,11285,19043,30754,medsl,1
2012,KY,Mccracken,0,30551,0,0,10062,19979,30551,medsl,1
2016,KY,Mccracken,0,31307,0,0,9134,20774,31307,medsl,1
2020,KY,Mccracken,0,33521,0,0,11190,21820,33521,medsl,1
2024,KY,Mccracken,0,31947,0,0,10191,21349,31947,medsl,1
2004,KY,Mccreary,0,5693,0,0,1530,4121,5693,medsl,1
2008,KY,Mccreary,0,5407,0,0,1258,4078,5407,medsl,1
2012,KY,Mccreary,0,5707,0,0,1069,4564,5707,medsl,1
2016,KY,Mccreary,0,5776,0,0,664,5012,5776,medsl,1
2020,KY,Mccreary,0,6435,0,0,725,5664,6435,medsl,1
2024,KY,Mccreary,0,6212,0,0,641,5531,6212,medsl,1
2004,KY,Mclean,0,4435,0,0,1823,2584,4435,medsl,1
2008,KY,Mclean,0,4422,0,0,1963,2386,4422,medsl,1
2012,KY,Mclean,0,4200,0,0,1432,2705,4200,medsl,1
2016,KY,Mclean,0,4566,0,0,988,3381,4566,medsl,1
2020,KY,Mclean,0,4782,0,0,1074,3633,4782,medsl,1
2024,KY,Mclean,0,4634,0,0,989,3578,4634,medsl,1
2004,KY,Meade,0,10951,0,0,3724,7152,10951,medsl,1
2008,KY,Meade,0,11206,0,0,4343,6691,11206,medsl,1
2012,KY,Meade,0,10916,0,0,4122,6606,10916,medsl,1
2016,KY,Meade,0,12231,0,0,3026,8660,12231,medsl,1
2020,KY,Meade,0,14110,0,0,3632,10184,14110,medsl,1
2024,KY,Meade,0,14123,0,0,3279,10630,14123,medsl,1
2004,KY,Menifee,0,2528,0,0,1284,1215,2528,medsl,1
2008,KY,Menifee,0,2489,0,0,1276,1155,2489,medsl,1
2012,KY,Menifee,0,2598,0,0,1048,1484,2598,medsl,1
2016,KY,Menifee,0,2779,0,0,700,2010,2779,medsl,1
2020,KY,Menifee,0,3102,0,0,750,2311,3102,medsl,1
2024,KY,Menifee,0,3294,0,0,664,2563,3294,medsl,1
2004,KY,Mercer,0,10028,0,0,3224,6745,10028,medsl,1
2008,KY,Mercer,0,10060,0,0,3159,6781,10060,medsl,1
2012,KY,Mercer,0,9939,0,0,2966,6820,9939,medsl,1
2016,KY,Mercer,0,10585,0,0,2395,7740,10585,medsl,1
2020,KY,Mercer,0,11735,0,0,3033,8506,11735,medsl,1
2024,KY,Mercer,0,11851,0,0,2838,8826,11851,medsl,1
2004,KY,Metcalfe,0,4157,0,0,1472,2645,4157,medsl,0
2008,KY,Metcalfe,0,4199,0,0,1350,2734,4199,medsl,0
2012,KY,Metcalfe,0,4184,0,0,1425,2676,4184,medsl,0
2016,KY,Metcalfe,0,4620,0,0,976,3491,4620,medsl,0
2020,KY,Metcalfe,0,5012,0,0,975,3959,5012,medsl,0
2024,KY,Metcalfe,0,5127,0,0,884,4197,5127,medsl,0
2004,KY,Monroe,0,5843,0,0,1158,4657,5843,medsl,1
2008,KY,Monroe,0,4665,0,0,1067,3537,4665,medsl,1
2012,KY,Monroe,0,4746,0,0,936,3762,4746,medsl,1
2016,KY,Monroe,0,4991,0,0,601,4278,4991,medsl,1
2020,KY,Monroe,0,5330,0,0,657,4628,5330,medsl,1
2024,KY,Monroe,0,5308,0,0,576,4679,5308,medsl,1
2004,KY,Montgomery,0,10230,0,0,4506,5647,10230,medsl,1
2008,KY,Montgomery,0,10331,0,0,4234,5947,10331,medsl,1
2012,KY,Montgomery,0,10248,0,0,3701,6398,10248,medsl,1
2016,KY,Montgomery,0,11452,0,0,3158,7856,11452,medsl,1
2020,KY,Montgomery,0,12837,0,0,3630,8993,12837,medsl,1
2024,KY,Montgomery,0,12821,0,0,3329,9302,12821,medsl,1
2004,KY,Morgan,0,5272,0,0,2532,2682,5272,medsl,1
2008,KY,Morgan,0,4379,0,0,1879,2396,4379,medsl,1
2012,KY,Morgan,0,4472,0,0,1369,3021,4472,medsl,1
2016,KY,Morgan,0,4775,0,0,1006,3628,4775,medsl,1
2020,KY,Morgan,0,5535,0,0,1172,4297,5535,medsl,1
2024,KY,Morgan,0,5373,0,0,939,4353,5373,medsl,1
2004,KY,Muhlenberg,0,13479,0,0,6636,6749,13479,medsl,1
2008,KY,Muhlenberg,0,12889,0,0,6221,6447,12889,medsl,1
2012,KY,Muhlenberg,0,12739,0,0,4771,7762,12739,medsl,1
2016,KY,Muhlenberg,0,13060,0,0,3272,9393,13060,medsl,1
2020,KY,Muhlenberg,0,14229,0,0,3544,10496,14229,medsl,1
2024,KY,Muhlenberg,0,13692,0,0,3048,10491,13692,medsl,1
2004,KY,Nelson,0,16844,0,0,6524,10161,16844,medsl,1
2008,KY,Nelson,0,18146,0,0,7654,10139,18146,medsl,1
2012,KY,Nelson,0,18533,0,0,7611,10673,18533,medsl,1
2016,KY,Nelson,0,20802,0,0,6434,13431,20802,medsl,1
2020,KY,Nelson,0,23245,0,0,7188,15703,23245,medsl,1
2024,KY,Nelson,0,22852,0,0,6515,16052,22852,medsl,1
2004,KY,Nicholas,0,3059,0,0,1332,1700,3059,medsl,1
2008,KY,Nicholas,0,2970,0,0,1272,1634,2970,medsl,1
2012,KY,Nicholas,0,2581,0,0,948,1583,2581,medsl,1
2016,KY,Nicholas,0,2841,0,0,787,1957,2841,medsl,1
2020,KY,Nicholas,0,3396,0,0,955,2408,3396,medsl,1
2024,KY,Nicholas,0,3319,0,0,824,2451,3319,medsl,1
2004,KY,Ohio,0,10028,0,0,3627,6311,10028,medsl,1
2008,KY,Ohio,0,9938,0,0,4059,5687,9938,medsl,1
2012,KY,Ohio,0,9646,0,0,2987,6470,9646,medsl,1
2016,KY,Ohio,0,10398,0,0,2080,7942,10398,medsl,1
2020,KY,Ohio,0,11127,0,0,2404,8582,11127,medsl,1
2024,KY,Ohio,0,10937,0,0,2094,8679,10937,medsl,1
2004,KY,Oldham,0,27132,0,0,8080,18801,27132,medsl,1
2008,KY,Oldham,0,29316,0,0,10000,18997,29316,medsl,1
2012,KY,Oldham,0,29884,0,0,9240,20179,29884,medsl,1
2016,KY,Oldham,0,32853,0,0,10268,20469,32853,medsl,1
2020,KY,Oldham,0,37936,0,0,14504,22651,37936,medsl,1
2024,KY,Oldham,0,38210,0,0,14402,23025,38210,medsl,1
2004,KY,Owen,0,4741,0,0,1615,3084,4741,medsl,1
2008,KY,Owen,0,4751,0,0,1694,2969,4751,medsl,1
2012,KY,Owen,0,4557,0,0,1501,2971,4557,medsl,1
2016,KY,Owen,0,5001,0,0,1062,3745,5001,medsl,1
2020,KY,Owen,0,5456,0,0,1098,4292,5456,medsl,1
2024,KY,Owen,0,5500,0,0,988,4434,5500,medsl,1
2004,KY,Owsley,0,1999,0,0,430,1558,1999,medsl,1
2008,KY,Owsley,0,1686,0,0,381,1279,1686,medsl,1
2012,KY,Owsley,0,1580,0,0,283,1279,1580,medsl,1
2016,KY,Owsley,0,1759,0,0,256,1474,1759,medsl,1
2020,KY,Owsley,0,1895,0,0,216,1670,1895,medsl,1
2024,KY,Owsley,0,1839,0,0,203,1625,1839,medsl,1
2004,KY,Pendleton,0,6025,0,0,1940,4045,6025,medsl,1
2008,KY,Pendleton,0,5802,0,0,2027,3676,5802,medsl,1
2012,KY,Pendleton,0,5534,0,0,1859,3556,5534,medsl,1
2016,KY,Pendleton,0,6007,0,0,1164,4604,6007,medsl,1
2020,KY,Pendleton,0,6925,0,0,1322,5515,6925,medsl,1
2024,KY,Pendleton,0,6900,0,0,1210,5593,6900,medsl,1
2004,KY,Perry,0,11655,0,0,5400,6187,11655,medsl,1
2008,KY,Perry,0,10375,0,0,3444,6762,10375,medsl,1
2012,KY,Perry,0,10241,0,0,2047,8040,10241,medsl,1
2016,KY,Perry,0,10572,0,0,2136,8158,10572,medsl,1
2020,KY,Perry,0,10606,0,0,2350,8118,10606,medsl,1
2024,KY,Perry,0,9992,0,0,1966,7913,9992,medsl,1
2004,KY,Pike,0,26770,0,0,14002,12611,26770,medsl,1
2008,KY,Pike,0,22643,0,0,9525,12655,22643,medsl,1
2012,KY,Pike,0,23636,0,0,5646,17590,23636,medsl,1
2016,KY,Pike,0,24665,0,0,4280,19747,24665,medsl,1
2020,KY,Pike,0,25368,0,0,4862,20279,25368,medsl,1
2024,KY,Pike,0,23950,0,0,4025,19684,23950,medsl,1
2004,KY,Powell,0,4960,0,0,2249,2687,4960,medsl,1
2008,KY,Powell,0,4972,0,0,2065,2837,4972,medsl,1
2012,KY,Powell,0,4481,0,0,1620,2766,4481,medsl,1
2016,KY,Powell,0,4957,0,0,1272,3513,4957,medsl,1
2020,KY,Powell,0,5505,0,0,1367,4041,5505,medsl,1
2024,KY,Powell,0,5360,0,0,1174,4092,5360,medsl,1
2004,KY,Pulaski,0,25516,0,0,5829,19535,25516,medsl,1
2008,KY,Pulaski,0,25766,0,0,5590,19862,25766,medsl,1
2012,KY,Pulaski,0,26003,0,0,4976,20714,26003,medsl,1
2016,KY,Pulaski,0,28041,0,0,4208,22902,28041,medsl,1
2020,KY,Pulaski,0,31537,0,0,5664,25441,31537,medsl,1
2024,KY,Pulaski,0,31735,0,0,5351,26051,31735,medsl,1
2004,KY,Robertson,0,1090,0,0,413,670,1090,medsl,1
2008,KY,Robertson,0,1015,0,0,451,533,1015,medsl,1
2012,KY,Robertson,0,935,0,0,340,579,935,medsl,1
2016,KY,Robertson,0,1013,0,0,222,759,1013,medsl,1
2020,KY,Robertson,0,1146,0,0,253,884,1146,medsl,1
2024,KY,Robertson,0,1144,0,0,215,915,1144,medsl,1
2004,KY,Rockcastle,0,6166,0,0,1320,4804,6166,medsl,1
2008,KY,Rockcastle,0,6274,0,0,1410,4757,6274,medsl,1
2012,KY,Rockcastle,0,6216,0,0,1097,5028,6216,medsl,1
2016,KY,Rockcastle,0,6691,0,0,915,5609,6691,medsl,1
2020,KY,Rockcastle,0,7783,0,0,1134,6577,7783,medsl,1
2024,KY,Rockcastle,0,7724,0,0,986,6635,7724,medsl,1
2004,KY,Rowan,0,8706,0,0,4556,4063,8706,medsl,1
2008,KY,Rowan,0,8154,0,0,4074,3907,8154,medsl,1
2012,KY,Rowan,0,7665,0,0,3438,4035,7665,medsl,1
2016,KY,Rowan,0,8848,0,0,3295,5174,8848,medsl,1
2020,KY,Rowan,0,10058,0,0,3880,5994,10058,medsl,1
2024,KY,Rowan,0,9873,0,0,3484,6224,9873,medsl,1
2004,KY,Russell,0,7821,0,0,1772,6009,7821,medsl,1
2008,KY,Russell,0,7475,0,0,1569,5779,7475,medsl,1
2012,KY,Russell,0,7909,0,0,1445,6346,7909,medsl,1
2016,KY,Russell,0,8174,0,0,1093,6863,8174,medsl,1
2020,KY,Russell,0,8939,0,0,1329,7506,8939,medsl,1
2024,KY,Russell,0,8893,0,0,1200,7622,8893,medsl,1
2004,KY,Scott,0,17050,0,0,6325,10600,17050,medsl,1
2008,KY,Scott,0,19730,0,0,7712,11782,19730,medsl,1
2012,KY,Scott,0,20573,0,0,7532,12679,20573,medsl,1
2016,KY,Scott,0,24200,0,0,7715,15052,24200,medsl,1
2020,KY,Scott,0,28950,0,0,10564,17764,28950,medsl,1
2024,KY,Scott,0,29769,0,0,10501,18747,29769,medsl,1
2004,KY,Shelby,0,16313,0,0,5277,10909,16313,medsl,1
2008,KY,Shelby,0,18540,0,0,6871,11451,18540,medsl,1
2012,KY,Shelby,0,18663,0,0,6634,11790,18663,medsl,1
2016,KY,Shelby,0,20580,0,0,6276,13196,20580,medsl,1
2020,KY,Shelby,0,23542,0,0,8076,15054,23542,medsl,1
2024,KY,Shelby,0,24620,0,0,7822,16356,24620,medsl,1
2004,KY,Simpson,0,7043,0,0,2730,4273,7043,medsl,1
2008,KY,Simpson,0,7309,0,0,2775,4437,7309,medsl,1
2012,KY,Simpson,0,7093,0,0,2650,4355,7093,medsl,1
2016,KY,Simpson,0,7531,0,0,2144,5077,7531,medsl,1
2020,KY,Simpson,0,8732,0,0,2681,5888,8732,medsl,1
2024,KY,Simpson,0,8776,0,0,2403,6253,8776,medsl,1
2004,KY,Spencer,0,6822,0,0,1970,4816,6822,medsl,1
2008,KY,Spencer,0,8049,0,0,2519,5378,8049,medsl,1
2012,KY,Spencer,0,8431,0,0,2549,5726,8431,medsl,1
2016,KY,Spencer,0,9515,0,0,1921,7196,9515,medsl,1
2020,KY,Spencer,0,11429,0,0,2530,8737,11429,medsl,1
2024,KY,Spencer,0,11480,0,0,2415,8927,11480,medsl,1
2004,KY,Taylor,0,10295,0,0,2979,7247,10295,medsl,1
2008,KY,Taylor,0,10860,0,0,3165,7568,10860,medsl,1
2012,KY,Taylor,0,10950,0,0,3285,7551,10950,medsl,1
2016,KY,Taylor,0,11306,0,0,2553,8320,11306,medsl,1
2020,KY,Taylor,0,12510,0,0,2961,9376,12510,medsl,1
2024,KY,Taylor,0,12261,0,0,2576,9523,12261,medsl,1
2004,KY,Todd,0,4754,0,0,1491,3242,4754,medsl,1
2008,KY,Todd,0,4941,0,0,1543,3336,4941,medsl,1
2012,KY,Todd,0,4718,0,0,1403,3247,4718,medsl,1
2016,KY,Todd,0,4779,0,0,1042,3612,4779,medsl,1
2020,KY,Todd,0,5351,0,0,1202,4060,5351,medsl,1
2024,KY,Todd,0,5112,0,0,1051,4009,5112,medsl,1
2004,KY,Trigg,0,6111,0,0,2046,4023,6111,medsl,1
2008,KY,Trigg,0,6527,0,0,2246,4189,6527,medsl,1
2012,KY,Trigg,0,6742,0,0,2115,4520,6742,medsl,1
2016,KY,Trigg,0,6751,0,0,1587,4931,6751,medsl,1
2020,KY,Trigg,0,7375,0,0,1791,5487,7375,medsl,1
2024,KY,Trigg,0,7196,0,0,1667,5436,7196,medsl,1
2004,KY,Trimble,0,3790,0,0,1428,2332,3790,medsl,1
2008,KY,Trimble,0,3812,0,0,1484,2239,3812,medsl,1
2012,KY,Trimble,0,3543,0,0,1355,2133,3543,medsl,1
2016,KY,Trimble,0,3798,0,0,879,2771,3798,medsl,1
2020,KY,Trimble,0,4319,0,0,1012,3227,4319,medsl,1
2024,KY,Trimble,0,4249,0,0,923,3283,4249,medsl,1
2004,KY,Union,0,5977,0,0,2398,3534,5977,medsl,1
2008,KY,Union,0,6034,0,0,2804,3120,6034,medsl,1
2012,KY,Union,0,5979,0,0,1942,3955,5979,medsl,1
2016,KY,Union,0,6211,0,0,1331,4701,6211,medsl,1
2020,KY,Union,0,6576,0,0,1529,4965,6576,medsl,1
2024,KY,Union,0,6058,0,0,1225,4758,6058,medsl,1
2004,KY,Warren,0,39711,0,0,14326,25100,39711,medsl,1
2008,KY,Warren,0,44145,0,0,17669,25993,44145,medsl,1
2012,KY,Warren,0,43903,0,0,16805,26384,43903,medsl,1
2016,KY,Warren,0,48454,0,0,16966,28673,48454,medsl,1
2020,KY,Warren,0,55351,0,0,22477,31790,55351,medsl,1
2024,KY,Warren,0,56891,0,0,21065,34862,56891,medsl,1
2004,KY,Washington,0,5236,0,0,1724,3479,5236,medsl,1
2008,KY,Washington,0,5275,0,0,1890,3305,5275,medsl,1
2012,KY,Washington,0,5219,0,0,1669,3495,5219,medsl,1
2016,KY,Washington,0,5636,0,0,1420,4013,5636,medsl,1
2020,KY,Washington,0,6223,0,0,1644,4482,6223,medsl,1
2024,KY,Washington,0,6341,0,0,1533,4720,6341,medsl,1
2004,KY,Wayne,0,7685,0,0,2616,5027,7685,medsl,1
2008,KY,Wayne,0,7196,0,0,2201,4868,7196,medsl,1
2012,KY,Wayne,0,7210,0,0,1855,5289,7210,medsl,1
2016,KY,Wayne,0,7992,0,0,1431,6371,7992,medsl,1
2020,KY,Wayne,0,9240,0,0,1700,7430,9240,medsl,1
2024,KY,Wayne,0,8733,0,0,1444,7203,8733,medsl,1
2004,KY,Webster,0,5547,0,0,2304,3207,5547,medsl,1
2008,KY,Webster,0,5540,0,0,2390,3037,5540,medsl,1
2012,KY,Webster,0,5470,0,0,1765,3607,5470,medsl,1
2016,KY,Webster,0,5805,0,0,1240,4397,5805,medsl,1
2020,KY,Webster,0,5991,0,0,1412,4506,5991,medsl,1
2024,KY,Webster,0,5556,0,0,1153,4339,5556,medsl,1
2004,KY,Whitley,0,13629,0,0,3985,9559,13629,medsl,1
2008,KY,Whitley,0,13704,0,0,3484,10015,13704,medsl,1
2012,KY,Whitley,0,13072,0,0,2683,10232,13072,medsl,1
2016,KY,Whitley,0,13774,0,0,2067,11312,13774,medsl,1
2020,KY,Whitley,0,15347,0,0,2552,12567,15347,medsl,1
2024,KY,Whitley,0,15075,0,0,2237,12687,15075,medsl,1
2004,KY,Wolfe,0,3155,0,0,1744,1385,3155,medsl,1
2008,KY,Wolfe,0,2968,0,0,1493,1408,2968,medsl,1
2012,KY,Wolfe,0,2559,0,0,976,1542,2559,medsl,1
2016,KY,Wolfe,0,2635,0,0,753,1804,2635,medsl,1
2020,KY,Wolfe,0,2979,0,0,839,2097,2979,medsl,1
2024,KY,Wolfe,0,2915,0,0,689,2163,2915,medsl,1
2004,KY,Woodford,0,11502,0,0,4480,6937,11502,medsl,1
2008,KY,Woodford,0,12297,0,0,5027,7130,12297,medsl,1
2012,KY,Woodford,0,12332,0,0,4883,7219,12332,medsl,1
2016,KY,Woodford,0,13563,0,0,4958,7697,13563,medsl,1
2020,KY,Woodford,0,15211,0,0,6530,8362,15211,medsl,1
2024,KY,Woodford,0,14993,0,0,6282,8419,14993,medsl,1
2004,LA,Acadia,0,25230,0,0,8937,16083,25230,medsl,1
2008,LA,Acadia,0,26710,0,0,7028,19228,26710,medsl,1
2012,LA,Acadia,0,26835,0,0,6560,19931,26835,medsl,1
2016,LA,Acadia,0,27389,0,0,5638,21162,27389,medsl,1
2020,LA,Acadia,0,28425,0,0,5443,22596,28425,medsl,1
2024,LA,Acadia,0,26720,0,0,4695,21783,26720,medsl,1
2004,LA,Allen,0,9124,0,0,3791,5140,9124,medsl,1
2008,LA,Allen,0,9467,0,0,2891,6333,9467,medsl,1
2012,LA,Allen,0,9307,0,0,2617,6495,9307,medsl,1
2016,LA,Allen,0,9245,0,0,2106,6867,9245,medsl,1
2020,LA,Allen,0,9810,0,0,2108,7574,9810,medsl,1
2024,LA,Allen,0,8751,0,0,1661,7003,8751,medsl,1
2004,LA,Ascension,0,39100,0,0,13955,24661,39100,medsl,1
2008,LA,Ascension,0,46571,0,0,14625,31239,46571,medsl,1
2012,LA,Ascension,0,51073,0,0,16349,33856,51073,medsl,1
2016,LA,Ascension,0,54678,0,0,16476,36143,54678,medsl,1
2020,LA,Ascension,0,62325,0,0,20399,40687,62325,medsl,1
2024,LA,Ascension,0,62473,0,0,20113,41319,62473,medsl,1
2004,LA,Assumption,0,10735,0,0,5585,4966,10735,medsl,1
2008,LA,Assumption,0,10960,0,0,4756,5981,10960,medsl,1
2012,LA,Assumption,0,10992,0,0,4754,6083,10992,medsl,1
2016,LA,Assumption,0,10904,0,0,3931,6714,10904,medsl,1
2020,LA,Assumption,0,11235,0,0,3833,7271,11235,medsl,1
2024,LA,Assumption,0,10367,0,0,3273,6963,10367,medsl,1
2004,LA,Avoyelles,0,15525,0,0,6976,8302,15525,medsl,1
2008,LA,Avoyelles,0,16938,0,0,6327,10236,16938,medsl,1
2012,LA,Avoyelles,0,17032,0,0,6077,10670,17032,medsl,1
2016,LA,Avoyelles,0,16586,0,0,5035,11165,16586,medsl,1
2020,LA,Avoyelles,0,17292,0,0,4979,12028,17292,medsl,1
2024,LA,Avoyelles,0,16037,0,0,4460,11379,16037,medsl,1
2004,LA,Beauregard,0,13281,0,0,3666,9470,13281,medsl,1
2008,LA,Beauregard,0,14074,0,0,3071,10718,14074,medsl,1
2012,LA,Beauregard,0,14225,0,0,2828,11112,14225,medsl,1
2016,LA,Beauregard,0,15078,0,0,2393,12238,15078,medsl,1
2020,LA,Beauregard,0,16357,0,0,2542,13575,16357,medsl,1
2024,LA,Beauregard,0,15874,0,0,2192,13504,15874,medsl,1
2004,LA,Bienville,0,7157,0,0,3399,3612,7157,medsl,1
2008,LA,Bienville,0,7430,0,0,3589,3776,7430,medsl,1
2012,LA,Bienville,0,7203,0,0,3490,3641,7203,medsl,1
2016,LA,Bienville,0,7005,0,0,3129,3756,7005,medsl,1
2020,LA,Bienville,0,7050,0,0,3067,3891,7050,medsl,1
2024,LA,Bienville,0,6256,0,0,2531,3660,6256,medsl,1
2004,LA,Bossier,0,42705,0,0,12317,30040,42705,medsl,1
2008,LA,Bossier,0,45826,0,0,12701,32706,45826,medsl,1
2012,LA,Bossier,0,48562,0,0,12956,34988,48562,medsl,1
2016,LA,Bossier,0,49848,0,0,12641,35474,49848,medsl,1
2020,LA,Bossier,0,54655,0,0,15662,38074,54655,medsl,1
2024,LA,Bossier,0,52232,0,0,14467,37105,52232,medsl,1
2004,LA,Caddo,0,106595,0,0,51739,54292,106595,medsl,1
2008,LA,Caddo,0,108220,0,0,55220,52105,108220,medsl,1
2012,LA,Caddo,0,111765,0,0,58042,52459,111765,medsl,1
2016,LA,Caddo,0,105804,0,0,53483,49006,105804,medsl,1
2020,LA,Caddo,0,104912,0,0,55110,48021,104912,medsl,1
2024,LA,Caddo,0,94699,0,0,48864,44471,94699,medsl,1
2004,LA,Calcasieu,0,79698,0,0,32864,46075,79698,medsl,1
2008,LA,Calcasieu,0,82131,0,0,30244,50449,82131,medsl,1
2012,LA,Calcasieu,0,81726,0,0,28359,51850,81726,medsl,1
2016,LA,Calcasieu,0,83785,0,0,26296,54191,83785,medsl,1
2020,LA,Calcasieu,0,82663,0,0,25982,55066,82663,medsl,1
2024,LA,Calcasieu,0,81201,0,0,23918,56064,81201,medsl,1
2004,LA,Caldwell,0,4752,0,0,1384,3308,4752,medsl,1
2008,LA,Caldwell,0,4893,0,0,1118,3696,4893,medsl,1
2012,LA,Caldwell,0,4716,0,0,1016,3640,4716,medsl,1
2016,LA,Caldwell,0,4692,0,0,788,3822,4692,medsl,1
2020,LA,Caldwell,0,4762,0,0,745,3976,4762,medsl,1
2024,LA,Caldwell,0,4334,0,0,580,3724,4334,medsl,1
2004,LA,Cameron,0,4640,0,0,1367,3190,4640,medsl,1
2008,LA,Cameron,0,3797,0,0,613,3089,3797,medsl,1
2012,LA,Cameron,0,3744,0,0,408,3260,3744,medsl,1
2016,LA,Cameron,0,3692,0,0,323,3256,3692,medsl,1
2020,LA,Cameron,0,4039,0,0,324,3671,4039,medsl,1
2024,LA,Cameron,0,3362,0,0,219,3120,3362,medsl,1
2004,LA,Catahoula,0,4954,0,0,1673,3219,4954,medsl,1
2008,LA,Catahoula,0,5225,0,0,1659,3486,5225,medsl,1
2012,LA,Catahoula,0,4193,0,0,1408,2744,4193,medsl,1
2016,LA,Catahoula,0,4856,0,0,1322,3479,4856,medsl,1
2020,LA,Catahoula,0,4858,0,0,1269,3541,4858,medsl,1
2024,LA,Catahoula,0,4348,0,0,1060,3258,4348,medsl,1
2004,LA,Claiborne,0,6630,0,0,2854,3704,6630,medsl,1
2008,LA,Claiborne,0,6841,0,0,3025,3750,6841,medsl,1
2012,LA,Claiborne,0,6732,0,0,3014,3649,6732,medsl,1
2016,LA,Claiborne,0,6421,0,0,2717,3585,6421,medsl,1
2020,LA,Claiborne,0,6580,0,0,2731,3770,6580,medsl,1
2024,LA,Claiborne,0,5816,0,0,2239,3522,5816,medsl,1
2004,LA,Concordia,0,8980,0,0,3446,5427,8980,medsl,1
2008,LA,Concordia,0,9527,0,0,3766,5668,9527,medsl,1
2012,LA,Concordia,0,9380,0,0,3833,5450,9380,medsl,1
2016,LA,Concordia,0,8872,0,0,3272,5477,8872,medsl,1
2020,LA,Concordia,0,8828,0,0,3177,5550,8828,medsl,1
2024,LA,Concordia,0,7755,0,0,2698,4974,7755,medsl,1
2004,LA,De Soto,0,11336,0,0,5026,6211,11336,medsl,1
2008,LA,De Soto,0,12257,0,0,5242,6883,12257,medsl,1
2012,LA,De Soto,0,13051,0,0,5553,7353,13051,medsl,1
2016,LA,De Soto,0,13500,0,0,5165,8068,13500,medsl,1
2020,LA,De Soto,0,14736,0,0,5457,9112,14736,medsl,1
2024,LA,De Soto,0,13913,0,0,4426,9359,13913,medsl,1
2004,LA,East Baton Rouge,0,183642,0,0,82298,99943,183642,medsl,1
2008,LA,East Baton Rouge,0,197349,0,0,99652,95390,197349,medsl,1
2012,LA,East Baton Rouge,0,198171,0,0,102656,92292,198171,medsl,1
2016,LA,East Baton Rouge,0,196491,0,0,102828,84660,196491,medsl,1
2020,LA,East Baton Rouge,0,208182,0,0,115577,88420,208182,medsl,1
2024,LA,East Baton Rouge,0,190643,0,0,103820,82720,190643,medsl,1
2004,LA,East Carroll,0,3395,0,0,1980,1357,3395,medsl,1
2008,LA,East Carroll,0,3559,0,0,2267,1254,3559,medsl,1
2012,LA,East Carroll,0,4008,0,0,2478,1508,4008,medsl,1
2016,LA,East Carroll,0,2939,0,0,1838,1059,2939,medsl,1
2020,LA,East Carroll,0,3036,0,0,1900,1080,3036,medsl,1
2024,LA,East Carroll,0,2306,0,0,1338,931,2306,medsl,1
2004,LA,East Feliciana,0,9201,0,0,4091,5021,9201,medsl,1
2008,LA,East Feliciana,0,9947,0,0,4383,5432,9947,medsl,1
2012,LA,East Feliciana,0,10209,0,0,4648,5397,10209,medsl,1
2016,LA,East Feliciana,0,10042,0,0,4235,5569,10042,medsl,1
2020,LA,East Feliciana,0,10509,0,0,4280,6064,10509,medsl,1
2024,LA,East Feliciana,0,9947,0,0,3809,6020,9947,medsl,1
2004,LA,Evangeline,0,13979,0,0,5757,7949,13979,medsl,1
2008,LA,Evangeline,0,15976,0,0,5853,9793,15976,medsl,1
2012,LA,Evangeline,0,15770,0,0,5330,10181,15770,medsl,1
2016,LA,Evangeline,0,14882,0,0,4208,10360,14882,medsl,1
2020,LA,Evangeline,0,15412,0,0,4158,11053,15412,medsl,1
2024,LA,Evangeline,0,14176,0,0,3526,10483,14176,medsl,1
2004,LA,Franklin,0,9103,0,0,2828,6141,9103,medsl,1
2008,LA,Franklin,0,9356,0,0,2959,6278,9356,medsl,1
2012,LA,Franklin,0,9336,0,0,2921,6294,9336,medsl,1
2016,LA,Franklin,0,9162,0,0,2506,6514,9162,medsl,1
2020,LA,Franklin,0,9720,0,0,2658,6970,9720,medsl,1
2024,LA,Franklin,0,8798,0,0,2196,6524,8798,medsl,1
2004,LA,Grant,0,7991,0,0,1977,5911,7991,medsl,1
2008,LA,Grant,0,8557,0,0,1474,6906,8557,medsl,1
2012,LA,Grant,0,8667,0,0,1422,7082,8667,medsl,1
2016,LA,Grant,0,8821,0,0,1181,7408,8821,medsl,1
2020,LA,Grant,0,9392,0,0,1157,8117,9392,medsl,1
2024,LA,Grant,0,9018,0,0,996,7925,9018,medsl,1
2004,LA,Iberia,0,32273,0,0,12426,19420,32273,medsl,1
2008,LA,Iberia,0,33168,0,0,12492,20127,33168,medsl,1
2012,LA,Iberia,0,33397,0,0,12132,20892,33397,medsl,1
2016,LA,Iberia,0,32454,0,0,10698,20903,32454,medsl,1
2020,LA,Iberia,0,32713,0,0,11027,21251,32713,medsl,1
2024,LA,Iberia,0,29331,0,0,9504,19511,29331,medsl,1
2004,LA,Iberville,0,14827,0,0,8259,6333,14827,medsl,1
2008,LA,Iberville,0,16421,0,0,9023,7185,16421,medsl,1
2012,LA,Iberville,0,17014,0,0,9548,7271,17014,medsl,1
2016,LA,Iberville,0,16043,0,0,8324,7320,16043,medsl,1
2020,LA,Iberville,0,16719,0,0,8514,7893,16719,medsl,1
2024,LA,Iberville,0,15354,0,0,7503,7616,15354,medsl,1
2004,LA,Jackson,0,7647,0,0,2525,5038,7647,medsl,1
2008,LA,Jackson,0,7736,0,0,2456,5190,7736,medsl,1
2012,LA,Jackson,0,7529,0,0,2305,5132,7529,medsl,1
2016,LA,Jackson,0,7464,0,0,2139,5169,7464,medsl,1
2020,LA,Jackson,0,7632,0,0,2143,5394,7632,medsl,1
2024,LA,Jackson,0,7226,0,0,1852,5291,7226,medsl,1
2004,LA,Jefferson,0,191663,0,0,72136,117882,191663,medsl,1
2008,LA,Jefferson,0,181120,0,0,65096,113191,181120,medsl,1
2012,LA,Jefferson,0,176343,0,0,70384,102536,176343,medsl,1
2016,LA,Jefferson,0,181639,0,0,73670,100398,181639,medsl,1
2020,LA,Jefferson,0,193733,0,0,84477,105949,193733,medsl,1
2024,LA,Jefferson,0,178205,0,0,75731,98810,178205,medsl,1
2004,LA,Jefferson Davis,0,13007,0,0,4745,8055,13007,medsl,1
2008,LA,Jefferson Davis,0,13501,0,0,3923,9278,13501,medsl,1
2012,LA,Jefferson Davis,0,13734,0,0,3484,10014,13734,medsl,1
2016,LA,Jefferson Davis,0,14277,0,0,3080,10775,14277,medsl,1
2020,LA,Jefferson Davis,0,14841,0,0,3208,11423,14841,medsl,1
2024,LA,Jefferson Davis,0,14358,0,0,2699,11478,14358,medsl,1
2004,LA,La Salle,0,6238,0,0,1155,5015,6238,medsl,1
2008,LA,La Salle,0,6553,0,0,860,5602,6553,medsl,1
2012,LA,La Salle,0,6572,0,0,764,5726,6572,medsl,1
2016,LA,La Salle,0,6569,0,0,605,5836,6569,medsl,1
2020,LA,La Salle,0,7077,0,0,638,6378,7077,medsl,1
2024,LA,La Salle,0,6620,0,0,546,6023,6620,medsl,1
2004,LA,Lafayette,0,89923,0,0,31210,57732,89923,medsl,1
2008,LA,Lafayette,0,95642,0,0,32145,62055,95642,medsl,1
2012,LA,Lafayette,0,98642,0,0,31768,64992,98642,medsl,1
2016,LA,Lafayette,0,105603,0,0,32726,68195,105603,medsl,1
2020,LA,Lafayette,0,114521,0,0,39685,72519,114521,medsl,1
2024,LA,Lafayette,0,111086,0,0,37170,72007,111086,medsl,1
2004,LA,Lafourche,0,37864,0,0,14417,22734,37864,medsl,1
2008,LA,Lafourche,0,37893,0,0,9662,27089,37893,medsl,1
2012,LA,Lafourche,0,39075,0,0,9623,28592,39075,medsl,1
2016,LA,Lafourche,0,41645,0,0,8423,31959,41645,medsl,1
2020,LA,Lafourche,0,45388,0,0,8672,36024,45388,medsl,1
2024,LA,Lafourche,0,42845,0,0,7864,34461,42845,medsl,1
2004,LA,Lincoln,0,18218,0,0,7242,10791,18218,medsl,1
2008,LA,Lincoln,0,19150,0,0,8267,10676,19150,medsl,1
2012,LA,Lincoln,0,18993,0,0,7956,10739,18993,medsl,1
2016,LA,Lincoln,0,18669,0,0,7107,10761,18669,medsl,1
2020,LA,Lincoln,0,19275,0,0,7559,11311,19275,medsl,1
2024,LA,Lincoln,0,18157,0,0,6627,11248,18157,medsl,1
2004,LA,Livingston,0,44253,0,0,9895,33976,44253,medsl,0
2008,LA,Livingston,0,50892,0,0,6681,43269,50892,medsl,0
2012,LA,Livingston,0,54062,0,0,7451,45513,54062,medsl,0
2016,LA,Livingston,0,57730,0,0,6950,48824,57730,medsl,0
2020,LA,Livingston,0,65230,0,0,9249,54877,65230,medsl,0
2024,LA,Livingston,0,65906,0,0,9965,55101,65906,medsl,0
2004,LA,Madison,0,4673,0,0,2334,2291,4673,medsl,1
2008,LA,Madison,0,5300,0,0,3100,2152,5300,medsl,1
2012,LA,Madison,0,5187,0,0,3154,2000,5187,medsl,1
2016,LA,Madison,0,4732,0,0,2744,1927,4732,medsl,1
2020,LA,Madison,0,4670,0,0,2654,1930,4670,medsl,1
2024,LA,Madison,0,3992,0,0,2094,1846,3992,medsl,1
2004,LA,Morehouse,0,12971,0,0,5336,7471,12971,medsl,1
2008,LA,Morehouse,0,13200,0,0,5792,7258,13200,medsl,1
2012,LA,Morehouse,0,12614,0,0,5888,6591,12614,medsl,1
2016,LA,Morehouse,0,11852,0,0,5155,6502,11852,medsl,1
2020,LA,Morehouse,0,11574,0,0,4946,6510,11574,medsl,1
2024,LA,Morehouse,0,10097,0,0,4008,5961,10097,medsl,1
2004,LA,Natchitoches,0,16966,0,0,7398,9261,16966,medsl,1
2008,LA,Natchitoches,0,17067,0,0,7801,9054,17067,medsl,1
2012,LA,Natchitoches,0,17258,0,0,7942,9077,17258,medsl,1
2016,LA,Natchitoches,0,16621,0,0,7144,8968,16621,medsl,1
2020,LA,Natchitoches,0,16554,0,0,6896,9358,16554,medsl,1
2024,LA,Natchitoches,0,15040,0,0,5740,9100,15040,medsl,1
2004,LA,Orleans,0,197103,0,0,152610,42847,197103,medsl,1
2008,LA,Orleans,0,146287,0,0,116042,28041,146287,medsl,1
2012,LA,Orleans,0,157813,0,0,126722,28003,157813,medsl,1
2016,LA,Orleans,0,165812,0,0,133996,24292,165812,medsl,1
2020,LA,Orleans,0,177819,0,0,147854,26664,177819,medsl,1
2024,LA,Orleans,0,159130,0,0,130749,24119,159130,medsl,1
2004,LA,Ouachita,0,64444,0,0,22016,41750,64444,medsl,1
2008,LA,Ouachita,0,67244,0,0,24813,41741,67244,medsl,1
2012,LA,Ouachita,0,68474,0,0,26645,40948,68474,medsl,1
2016,LA,Ouachita,0,68017,0,0,24428,41734,68017,medsl,1
2020,LA,Ouachita,0,69166,0,0,25913,42255,69166,medsl,1
2024,LA,Ouachita,0,64436,0,0,22845,40808,64436,medsl,1
2004,LA,Plaquemines,0,12153,0,0,4181,7866,12153,medsl,1
2008,LA,Plaquemines,0,10449,0,0,3380,6894,10449,medsl,1
2012,LA,Plaquemines,0,10239,0,0,3599,6471,10239,medsl,1
2016,LA,Plaquemines,0,10573,0,0,3347,6900,10573,medsl,1
2020,LA,Plaquemines,0,11014,0,0,3414,7412,11014,medsl,1
2024,LA,Plaquemines,0,9945,0,0,3023,6803,9945,medsl,1
2004,LA,Pointe Coupee,0,11271,0,0,5712,5429,11271,medsl,1
2008,LA,Pointe Coupee,0,12435,0,0,5516,6702,12435,medsl,1
2012,LA,Pointe Coupee,0,12147,0,0,5436,6548,12147,medsl,1
2016,LA,Pointe Coupee,0,11761,0,0,4764,6789,11761,medsl,1
2020,LA,Pointe Coupee,0,12371,0,0,4683,7503,12371,medsl,1
2024,LA,Pointe Coupee,0,11570,0,0,4132,7319,11570,medsl,1
2004,LA,Rapides,0,54069,0,0,18904,34492,54069,medsl,1
2008,LA,Rapides,0,57521,0,0,20127,36611,57521,medsl,1
2012,LA,Rapides,0,58019,0,0,20045,37193,58019,medsl,1
2016,LA,Rapides,0,56844,0,0,18322,36816,56844,medsl,1
2020,LA,Rapides,0,58865,0,0,19475,38347,58865,medsl,1
2024,LA,Rapides,0,53395,0,0,16537,36171,53395,medsl,1
2004,LA,Red River,0,4717,0,0,2140,2507,4717,medsl,1
2008,LA,Red River,0,4629,0,0,2080,2484,4629,medsl,1
2012,LA,Red River,0,4807,0,0,2253,2483,4807,medsl,1
2016,LA,Red River,0,4422,0,0,1938,2391,4422,medsl,1
2020,LA,Red River,0,4132,0,0,1644,2413,4132,medsl,1
2024,LA,Red River,0,3725,0,0,1321,2337,3725,medsl,1
2004,LA,Richland,0,8665,0,0,3082,5471,8665,medsl,1
2008,LA,Richland,0,9181,0,0,3311,5751,9181,medsl,1
2012,LA,Richland,0,9329,0,0,3387,5846,9329,medsl,1
2016,LA,Richland,0,9597,0,0,3157,6287,9597,medsl,1
2020,LA,Richland,0,9940,0,0,3225,6607,9940,medsl,1
2024,LA,Richland,0,9193,0,0,2732,6354,9193,medsl,1
2004,LA,Sabine,0,9576,0,0,2743,6711,9576,medsl,1
2008,LA,Sabine,0,9652,0,0,2245,7226,9652,medsl,1
2012,LA,Sabine,0,10053,0,0,2194,7738,10053,medsl,1
2016,LA,Sabine,0,9787,0,0,1703,7879,9787,medsl,1
2020,LA,Sabine,0,10596,0,0,1731,8776,10596,medsl,1
2024,LA,Sabine,0,10170,0,0,1488,8613,10170,medsl,1
2024,LA,St Bernard,0,17292,0,0,5967,11033,17292,medsl,0
2024,LA,St Charles,0,26685,0,0,8812,17443,26685,medsl,0
2024,LA,St Helena,0,5745,0,0,2848,2804,5745,medsl,0
2024,LA,St James,0,11789,0,0,5792,5902,11789,medsl,0
2024,LA,St John The Baptist,0,18827,0,0,12043,6557,18827,medsl,0
2024,LA,St Landry,0,37043,0,0,14833,21812,37043,medsl,0
2024,LA,St Martin,0,25006,0,0,7284,17466,25006,medsl,0
2024,LA,St Mary,0,20897,0,0,7011,13671,20897,medsl,0
2024,LA,St Tammany,0,138384,0,0,37777,98377,138384,medsl,0
2004,LA,St. Bernard,0,29838,0,0,9956,19597,29838,medsl,0
2008,LA,St. Bernard,0,13540,0,0,3491,9642,13540,medsl,0
2012,LA,St. Bernard,0,13955,0,0,5059,8501,13955,medsl,0
2016,LA,St. Bernard,0,15815,0,0,4960,10237,15815,medsl,0
2020,LA,St. Bernard,0,17650,0,0,6151,11179,17650,medsl,0
2004,LA,St. Charles,0,23837,0,0,8856,14747,23837,medsl,0
2008,LA,St. Charles,0,25397,0,0,8522,16457,25397,medsl,0
2012,LA,St. Charles,0,25333,0,0,8896,15937,25333,medsl,0
2016,LA,St. Charles,0,26192,0,0,8559,16621,26192,medsl,0
2020,LA,St. Charles,0,28517,0,0,9800,18233,28517,medsl,0
2004,LA,St. Helena,0,5508,0,0,3173,2235,5508,medsl,0
2008,LA,St. Helena,0,6184,0,0,3567,2522,6184,medsl,0
2012,LA,St. Helena,0,6394,0,0,3780,2529,6394,medsl,0
2016,LA,St. Helena,0,5964,0,0,3353,2497,5964,medsl,0
2020,LA,St. Helena,0,6158,0,0,3346,2714,6158,medsl,0
2004,LA,St. James,0,11108,0,0,6407,4545,11108,medsl,0
2008,LA,St. James,0,12564,0,0,6994,5432,12564,medsl,0
2012,LA,St. James,0,12395,0,0,7059,5209,12395,medsl,0
2016,LA,St. James,0,12085,0,0,6418,5456,12085,medsl,0
2020,LA,St. James,0,12590,0,0,6510,5954,12590,medsl,0
2004,LA,St. John The Baptist,0,19617,0,0,10305,9039,19617,medsl,0
2008,LA,St. John The Baptist,0,21656,0,0,12424,8912,21656,medsl,0
2012,LA,St. John The Baptist,0,21123,0,0,13179,7620,21123,medsl,0
2016,LA,St. John The Baptist,0,20743,0,0,12661,7569,20743,medsl,0
2020,LA,St. John The Baptist,0,21432,0,0,13582,7538,21432,medsl,0
2004,LA,St. Landry,0,36760,0,0,18166,18315,36760,medsl,0
2008,LA,St. Landry,0,42493,0,0,20268,21650,42493,medsl,0
2012,LA,St. Landry,0,41647,0,0,19668,21475,41647,medsl,0
2016,LA,St. Landry,0,39977,0,0,17209,21971,39977,medsl,0
2020,LA,St. Landry,0,41154,0,0,17372,23171,41154,medsl,0
2004,LA,St. Martin,0,22824,0,0,10321,12095,22824,medsl,0
2008,LA,St. Martin,0,24252,0,0,9419,14443,24252,medsl,0
2012,LA,St. Martin,0,25433,0,0,9422,15653,25433,medsl,0
2016,LA,St. Martin,0,25750,0,0,8266,16873,25750,medsl,0
2020,LA,St. Martin,0,27038,0,0,8439,18203,27038,medsl,0
2004,LA,St. Mary,0,22694,0,0,9547,12877,22694,medsl,0
2008,LA,St. Mary,0,22903,0,0,9345,13183,22903,medsl,0
2012,LA,St. Mary,0,23640,0,0,9450,13885,23640,medsl,0
2016,LA,St. Mary,0,22877,0,0,8050,14359,22877,medsl,0
2020,LA,St. Mary,0,23186,0,0,8055,14811,23186,medsl,0
2004,LA,St. Tammany,0,100592,0,0,24665,75139,100592,medsl,0
2008,LA,St. Tammany,0,109503,0,0,24589,83047,109503,medsl,0
2012,LA,St. Tammany,0,112902,0,0,25728,84723,112902,medsl,0
2016,LA,St. Tammany,0,124392,0,0,27717,90915,124392,medsl,0
2020,LA,St. Tammany,0,140110,0,0,37746,99666,140110,medsl,0
2004,LA,Tangipahoa,0,42135,0,0,15345,26181,42135,medsl,1
2008,LA,Tangipahoa,0,48602,0,0,16438,31434,48602,medsl,1
2012,LA,Tangipahoa,0,50099,0,0,17722,31590,50099,medsl,1
2016,LA,Tangipahoa,0,52416,0,0,16878,33959,52416,medsl,1
2020,LA,Tangipahoa,0,57661,0,0,18887,37806,57661,medsl,1
2024,LA,Tangipahoa,0,55104,0,0,16886,37500,55104,medsl,1
2004,LA,Tensas,0,2963,0,0,1469,1453,2963,medsl,1
2008,LA,Tensas,0,3040,0,0,1646,1367,3040,medsl,1
2012,LA,Tensas,0,2812,0,0,1564,1230,2812,medsl,1
2016,LA,Tensas,0,2548,0,0,1332,1182,2548,medsl,1
2020,LA,Tensas,0,2554,0,0,1329,1197,2554,medsl,1
2024,LA,Tensas,0,2128,0,0,1002,1093,2128,medsl,1
2004,LA,Terrebonne,0,40574,0,0,13684,26358,40574,medsl,1
2008,LA,Terrebonne,0,40692,0,0,11579,28208,40692,medsl,1
2012,LA,Terrebonne,0,42341,0,0,12074,29503,42341,medsl,1
2016,LA,Terrebonne,0,43896,0,0,10665,31902,43896,medsl,1
2020,LA,Terrebonne,0,46240,0,0,11198,34339,46240,medsl,1
2024,LA,Terrebonne,0,41327,0,0,9702,31115,41327,medsl,1
2004,LA,Union,0,10718,0,0,3089,7457,10718,medsl,1
2008,LA,Union,0,10868,0,0,3103,7619,10868,medsl,1
2012,LA,Union,0,10766,0,0,3075,7561,10766,medsl,1
2016,LA,Union,0,10894,0,0,2691,7972,10894,medsl,1
2020,LA,Union,0,11201,0,0,2654,8407,11201,medsl,1
2024,LA,Union,0,10475,0,0,2206,8176,10475,medsl,1
2004,LA,Vermilion,0,24552,0,0,9085,15069,24552,medsl,1
2008,LA,Vermilion,0,24833,0,0,6266,18069,24833,medsl,1
2012,LA,Vermilion,0,24987,0,0,5720,18910,24987,medsl,1
2016,LA,Vermilion,0,25632,0,0,4857,20063,25632,medsl,1
2020,LA,Vermilion,0,27324,0,0,5009,21930,27324,medsl,1
2024,LA,Vermilion,0,26429,0,0,4637,21510,26429,medsl,1
2004,LA,Vernon,0,15229,0,0,4035,11032,15229,medsl,1
2008,LA,Vernon,0,15769,0,0,3534,11946,15769,medsl,1
2012,LA,Vernon,0,15610,0,0,3173,12150,15610,medsl,1
2016,LA,Vernon,0,16633,0,0,2665,13471,16633,medsl,1
2020,LA,Vernon,0,17268,0,0,2898,14107,17268,medsl,1
2024,LA,Vernon,0,16149,0,0,2513,13474,16149,medsl,1
2004,LA,Washington,0,17841,0,0,6554,11006,17841,medsl,1
2008,LA,Washington,0,18624,0,0,6122,12215,18624,medsl,1
2012,LA,Washington,0,18581,0,0,6466,11798,18581,medsl,1
2016,LA,Washington,0,18628,0,0,5692,12556,18628,medsl,1
2020,LA,Washington,0,19513,0,0,5970,13307,19513,medsl,1
2024,LA,Washington,0,18455,0,0,5411,12846,18455,medsl,1
2004,LA,Webster,0,18449,0,0,6833,11070,18449,medsl,1
2008,LA,Webster,0,18270,0,0,6610,11417,18270,medsl,1
2012,LA,Webster,0,18416,0,0,6802,11400,18416,medsl,1
2016,LA,Webster,0,18145,0,0,6260,11542,18145,medsl,1
2020,LA,Webster,0,18216,0,0,6172,11830,18216,medsl,1
2024,LA,Webster,0,16205,0,0,5053,10965,16205,medsl,1
2004,LA,West Baton Rouge,0,10835,0,0,4932,5822,10835,medsl,1
2008,LA,West Baton Rouge,0,11866,0,0,5043,6654,11866,medsl,1
2012,LA,West Baton Rouge,0,12774,0,0,5692,6922,12774,medsl,1
2016,LA,West Baton Rouge,0,12712,0,0,5383,6927,12712,medsl,1
2020,LA,West Baton Rouge,0,14097,0,0,6200,7684,14097,medsl,1
2024,LA,West Baton Rouge,0,13836,0,0,6008,7627,13836,medsl,1
2004,LA,West Carroll,0,5033,0,0,1231,3740,5033,medsl,1
2008,LA,West Carroll,0,4987,0,0,878,4045,4987,medsl,1
2012,LA,West Carroll,0,4548,0,0,853,3628,4548,medsl,1
2016,LA,West Carroll,0,4759,0,0,715,3970,4759,medsl,1
2020,LA,West Carroll,0,5052,0,0,710,4317,5052,medsl,1
2024,LA,West Carroll,0,4603,0,0,578,3986,4603,medsl,1
2004,LA,West Feliciana,0,5218,0,0,2214,2932,5218,medsl,1
2008,LA,West Feliciana,0,5618,0,0,2414,3149,5618,medsl,1
2012,LA,West Feliciana,0,5777,0,0,2441,3257,5777,medsl,1
2016,LA,West Feliciana,0,5799,0,0,2248,3390,5799,medsl,1
2020,LA,West Feliciana,0,6268,0,0,2298,3863,6268,medsl,1
2024,LA,West Feliciana,0,6008,0,0,2004,3923,6008,medsl,1
2004,LA,Winn,0,6507,0,0,2056,4366,6507,medsl,1
2008,LA,Winn,0,6772,0,0,2047,4632,6772,medsl,1
2012,LA,Winn,0,6534,0,0,1919,4541,6534,medsl,1
2016,LA,Winn,0,6372,0,0,1644,4608,6372,medsl,1
2020,LA,Winn,0,6225,0,0,1543,4619,6225,medsl,1
2024,LA,Winn,0,5781,0,0,1292,4437,5781,medsl,1
2004,MA,Barnstable,0,132148,0,0,72156,58527,132148,medsl,1
2008,MA,Barnstable,0,132270,0,0,74264,55694,132270,medsl,1
2012,MA,Barnstable,0,133115,0,0,70822,60446,133115,medsl,1
2016,MA,Barnstable,0,133862,0,0,72430,54099,133862,medsl,1
2020,MA,Barnstable,0,151512,0,0,91994,55311,151512,medsl,1
2024,MA,Barnstable,0,148785,0,0,88129,57451,148785,medsl,1
2004,MA,Berkshire,0,65291,0,0,47743,16806,65291,medsl,1
2008,MA,Berkshire,0,66130,0,0,49558,14876,66130,medsl,1
2012,MA,Berkshire,0,64486,0,0,48843,14252,64486,medsl,1
2016,MA,Berkshire,0,64803,0,0,43714,16839,64803,medsl,1
2020,MA,Berkshire,0,71771,0,0,51705,18064,71771,medsl,1
2024,MA,Berkshire,0,68674,0,0,47094,19805,68674,medsl,1
2004,MA,Bristol,0,232878,0,0,147854,82524,232878,medsl,1
2008,MA,Bristol,0,243120,0,0,146861,90597,243120,medsl,1
2012,MA,Bristol,0,241509,0,0,142962,93752,241509,medsl,1
2016,MA,Bristol,0,248959,0,0,129540,105443,248959,medsl,1
2020,MA,Bristol,0,281364,0,0,153377,119872,281364,medsl,1
2024,MA,Bristol,0,278017,0,0,137786,134196,278017,medsl,1
2004,MA,Dukes,0,9997,0,0,7265,2602,9997,medsl,1
2008,MA,Dukes,0,10553,0,0,7913,2442,10553,medsl,1
2012,MA,Dukes,0,10968,0,0,7978,2792,10968,medsl,1
2016,MA,Dukes,0,11502,0,0,8400,2477,11502,medsl,1
2020,MA,Dukes,0,12873,0,0,9914,2631,12873,medsl,1
2024,MA,Dukes,0,12209,0,0,9137,2745,12209,medsl,1
2004,MA,Essex,0,333233,0,0,194068,135114,333233,medsl,1
2008,MA,Essex,0,353665,0,0,208976,137189,353665,medsl,1
2012,MA,Essex,0,366357,0,0,210302,150480,366357,medsl,1
2016,MA,Essex,0,379868,0,0,222310,136316,379868,medsl,1
2020,MA,Essex,0,424599,0,0,267198,144837,424599,medsl,1
2024,MA,Essex,0,401851,0,0,236624,155336,401851,medsl,1
2004,MA,Franklin,0,37381,0,0,25550,11058,37381,medsl,1
2008,MA,Franklin,0,38549,0,0,27919,9545,38549,medsl,1
2012,MA,Franklin,0,37758,0,0,27072,9344,37758,medsl,1
2016,MA,Franklin,0,38177,0,0,24478,10364,38177,medsl,1
2020,MA,Franklin,0,43003,0,0,30030,11201,43003,medsl,1
2024,MA,Franklin,0,42248,0,0,28305,12428,42248,medsl,1
2004,MA,Hampden,0,186639,0,0,113710,70925,186639,medsl,1
2008,MA,Hampden,0,197841,0,0,121454,71350,197841,medsl,1
2012,MA,Hampden,0,200399,0,0,123619,73392,200399,medsl,1
2016,MA,Hampden,0,203117,0,0,112590,78685,203117,medsl,1
2020,MA,Hampden,0,220793,0,0,125948,87318,220793,medsl,1
2024,MA,Hampden,0,208604,0,0,110937,92474,208604,medsl,1
2004,MA,Hampshire,0,74422,0,0,51680,21315,74422,medsl,1
2008,MA,Hampshire,0,79570,0,0,56869,20618,79570,medsl,1
2012,MA,Hampshire,0,81621,0,0,57359,21480,81621,medsl,1
2016,MA,Hampshire,0,82956,0,0,55367,21790,82956,medsl,1
2020,MA,Hampshire,0,88332,0,0,63362,22281,88332,medsl,1
2024,MA,Hampshire,0,84720,0,0,58617,23256,84720,medsl,1
2004,MA,Middlesex,0,688960,0,0,440862,237815,688960,medsl,1
2008,MA,Middlesex,0,726031,0,0,464484,245769,726031,medsl,1
2012,MA,Middlesex,0,754170,0,0,471804,267321,754170,medsl,1
2016,MA,Middlesex,0,784034,0,0,520360,219793,784034,medsl,1
2020,MA,Middlesex,0,869347,0,0,617196,226956,869347,medsl,1
2024,MA,Middlesex,0,814832,0,0,554471,235118,814832,medsl,1
2004,MA,Nantucket,0,5724,0,0,3608,2040,5724,medsl,1
2008,MA,Nantucket,0,6052,0,0,4073,1863,6052,medsl,1
2012,MA,Nantucket,0,6120,0,0,3830,2187,6120,medsl,1
2016,MA,Nantucket,0,6406,0,0,4146,1892,6406,medsl,1
2020,MA,Nantucket,0,7338,0,0,5241,1914,7338,medsl,1
2024,MA,Nantucket,0,7118,0,0,4784,2171,7118,medsl,1
2004,MA,Norfolk,0,331137,0,0,199392,127763,331137,medsl,1
2008,MA,Norfolk,0,344916,0,0,200675,136741,344916,medsl,1
2012,MA,Norfolk,0,356523,0,0,202714,148393,356523,medsl,1
2016,MA,Norfolk,0,361562,0,0,221819,119723,361562,medsl,1
2020,MA,Norfolk,0,411042,0,0,273312,125294,411042,medsl,1
2024,MA,Norfolk,0,386447,0,0,242712,132497,386447,medsl,1
2004,MA,Plymouth,0,233297,0,0,125178,105603,233297,medsl,1
2008,MA,Plymouth,0,249828,0,0,131823,112901,249828,medsl,1
2012,MA,Plymouth,0,256531,0,0,131845,121086,256531,medsl,1
2016,MA,Plymouth,0,266863,0,0,135513,115369,266863,medsl,1
2020,MA,Plymouth,0,303870,0,0,173630,121227,303870,medsl,1
2024,MA,Plymouth,0,300129,0,0,159962,133544,300129,medsl,1
2004,MA,Suffolk,0,240645,0,0,182592,54923,240645,medsl,1
2008,MA,Suffolk,0,269221,0,0,207127,57194,269221,medsl,1
2012,MA,Suffolk,0,289098,0,0,223896,59999,289098,medsl,1
2016,MA,Suffolk,0,308741,0,0,245751,50421,308741,medsl,1
2020,MA,Suffolk,0,337240,0,0,270522,58613,337240,medsl,1
2024,MA,Suffolk,0,299193,0,0,222280,66480,299193,medsl,1
2004,MA,Worcester,0,340636,0,0,192142,144094,340636,medsl,1
2008,MA,Worcester,0,363590,0,0,202107,152106,363590,medsl,1
2012,MA,Worcester,0,369112,0,0,198244,163390,369112,medsl,1
2016,MA,Worcester,0,383705,0,0,198778,157682,383705,medsl,1
2020,MA,Worcester,0,434921,0,0,248773,171683,434921,medsl,1
2024,MA,Worcester,0,420841,0,0,225680,183802,420841,medsl,1
2004,MD,Allegany,0,29855,0,0,10576,18980,29855,medsl,0
2008,MD,Allegany,0,29742,0,0,10693,18405,29742,medsl,0
2012,MD,Allegany,0,29850,0,0,9805,19230,29850,medsl,0
2016,MD,Allegany,0,30654,0,0,7875,21270,30654,medsl,0
2020,MD,Allegany,0,30641,0,0,9158,20886,30641,medsl,0
2024,MD,Allegany,0,32137,0,0,9231,22141,32137,medsl,0
2004,MD,Anne Arundel,0,239667,0,0,103324,133231,239667,medsl,1
2008,MD,Anne Arundel,0,259619,0,0,125015,129682,259619,medsl,1
2012,MD,Anne Arundel,0,260155,0,0,126635,126832,260155,medsl,1
2016,MD,Anne Arundel,0,270081,0,0,128419,122403,270081,medsl,1
2020,MD,Anne Arundel,0,309617,0,0,172823,127821,309617,medsl,1
2024,MD,Anne Arundel,0,311572,0,0,171945,128892,311572,medsl,1
2004,MD,Baltimore,0,353479,0,0,182474,166051,353479,medsl,1
2008,MD,Baltimore,0,380938,0,0,214151,158714,380938,medsl,1
2012,MD,Baltimore,0,384782,0,0,220322,154908,384782,medsl,1
2016,MD,Baltimore,0,390682,0,0,218412,149477,390682,medsl,1
2020,MD,Baltimore,0,414932,0,0,258409,146202,414932,medsl,1
2024,MD,Baltimore,0,412915,0,0,249958,149560,412915,medsl,1
2004,MD,Baltimore City,0,213563,0,0,175022,36230,213563,medsl,1
2008,MD,Baltimore City,0,245968,0,0,214385,28681,245968,medsl,1
2012,MD,Baltimore City,0,254005,0,0,221478,28171,254005,medsl,1
2016,MD,Baltimore City,0,239402,0,0,202673,25205,239402,medsl,1
2020,MD,Baltimore City,0,237461,0,0,207260,25374,237461,medsl,1
2024,MD,Baltimore City,0,230754,0,0,195109,27984,230754,medsl,1
2004,MD,Calvert,0,39351,0,0,15967,23017,39351,medsl,0
2008,MD,Calvert,0,44057,0,0,20299,23095,44057,medsl,0
2012,MD,Calvert,0,45518,0,0,20529,23952,45518,medsl,0
2016,MD,Calvert,0,47408,0,0,18225,26176,47408,medsl,0
2020,MD,Calvert,0,49113,0,0,22587,25346,49113,medsl,0
2024,MD,Calvert,0,54191,0,0,23438,29361,54191,medsl,0
2004,MD,Caroline,0,11356,0,0,3810,7396,11356,medsl,1
2008,MD,Caroline,0,13218,0,0,4971,8015,13218,medsl,1
2012,MD,Caroline,0,13357,0,0,4970,8098,13357,medsl,1
2016,MD,Caroline,0,14113,0,0,4009,9368,14113,medsl,1
2020,MD,Caroline,0,15794,0,0,5095,10283,15794,medsl,1
2024,MD,Caroline,0,16330,0,0,4860,11053,16330,medsl,1
2004,MD,Carroll,0,79349,0,0,22974,55275,79349,medsl,0
2008,MD,Carroll,0,84760,0,0,28060,54503,84760,medsl,0
2012,MD,Carroll,0,87536,0,0,27939,56761,87536,medsl,0
2016,MD,Carroll,0,91848,0,0,26567,58215,91848,medsl,0
2020,MD,Carroll,0,100327,0,0,36456,60218,100327,medsl,0
2024,MD,Carroll,0,102651,0,0,36867,62273,102651,medsl,0
2004,MD,Cecil,0,37674,0,0,14680,22556,37674,medsl,0
2008,MD,Cecil,0,42494,0,0,17665,23855,42494,medsl,0
2012,MD,Cecil,0,42480,0,0,16557,24806,42480,medsl,0
2016,MD,Cecil,0,45269,0,0,13650,28868,45269,medsl,0
2020,MD,Cecil,0,47462,0,0,16809,29439,47462,medsl,0
2024,MD,Cecil,0,52831,0,0,17628,33871,52831,medsl,0
2004,MD,Charles,0,58241,0,0,29354,28442,58241,medsl,0
2008,MD,Charles,0,70127,0,0,43635,25732,70127,medsl,0
2012,MD,Charles,0,75222,0,0,48774,25178,75222,medsl,0
2016,MD,Charles,0,78303,0,0,49341,25614,78303,medsl,0
2020,MD,Charles,0,89498,0,0,62171,25579,89498,medsl,0
2024,MD,Charles,0,92097,0,0,63454,26145,92097,medsl,0
2004,MD,Dorchester,0,13339,0,0,5411,7801,13339,medsl,0
2008,MD,Dorchester,0,15274,0,0,6912,8168,15274,medsl,0
2012,MD,Dorchester,0,15444,0,0,7257,7976,15444,medsl,0
2016,MD,Dorchester,0,15225,0,0,6245,8413,15225,medsl,0
2020,MD,Dorchester,0,15977,0,0,6857,8764,15977,medsl,0
2024,MD,Dorchester,0,16772,0,0,6954,9390,16772,medsl,0
2004,MD,Frederick,0,100594,0,0,39503,59934,100594,medsl,0
2008,MD,Frederick,0,111186,0,0,54013,55170,111186,medsl,0
2012,MD,Frederick,0,117115,0,0,55146,58798,117115,medsl,0
2016,MD,Frederick,0,125677,0,0,56522,59522,125677,medsl,0
2020,MD,Frederick,0,145615,0,0,77675,63682,145615,medsl,0
2024,MD,Frederick,0,156114,0,0,82409,68753,156114,medsl,0
2004,MD,Garrett,0,12484,0,0,3291,9085,12484,medsl,0
2008,MD,Garrett,0,12872,0,0,3736,8903,12872,medsl,0
2012,MD,Garrett,0,13157,0,0,3124,9743,13157,medsl,0
2016,MD,Garrett,0,14011,0,0,2567,10776,14011,medsl,0
2020,MD,Garrett,0,15611,0,0,3281,12002,15611,medsl,0
2024,MD,Garrett,0,15838,0,0,3456,11983,15838,medsl,0
2004,MD,Harford,0,112728,0,0,39685,71565,112728,medsl,1
2008,MD,Harford,0,123295,0,0,48552,71751,123295,medsl,1
2012,MD,Harford,0,125954,0,0,49729,72911,125954,medsl,1
2016,MD,Harford,0,133672,0,0,47077,77860,133672,medsl,1
2020,MD,Harford,0,148186,0,0,63095,80930,148186,medsl,1
2024,MD,Harford,0,150090,0,0,62453,83050,150090,medsl,1
2004,MD,Howard,0,133810,0,0,72257,59724,133810,medsl,1
2008,MD,Howard,0,145233,0,0,87120,55393,145233,medsl,1
2012,MD,Howard,0,153108,0,0,91393,57758,153108,medsl,1
2016,MD,Howard,0,162193,0,0,102597,47484,162193,medsl,1
2020,MD,Howard,0,183062,0,0,129433,48390,183062,medsl,1
2024,MD,Howard,0,182291,0,0,124764,49425,182291,medsl,1
2004,MD,Kent,0,9285,0,0,4278,4900,9285,medsl,1
2008,MD,Kent,0,10020,0,0,4953,4905,10020,medsl,1
2012,MD,Kent,0,9904,0,0,4842,4870,9904,medsl,1
2016,MD,Kent,0,10021,0,0,4575,4876,10021,medsl,1
2020,MD,Kent,0,10794,0,0,5329,5195,10794,medsl,1
2024,MD,Kent,0,11128,0,0,5251,5561,11128,medsl,1
2004,MD,Montgomery,0,415225,0,0,273936,136334,415225,medsl,1
2008,MD,Montgomery,0,439261,0,0,314444,118608,439261,medsl,1
2012,MD,Montgomery,0,455992,0,0,323400,123353,455992,medsl,1
2016,MD,Montgomery,0,478873,0,0,357837,92704,478873,medsl,1
2020,MD,Montgomery,0,533743,0,0,419569,101222,533743,medsl,1
2024,MD,Montgomery,0,519221,0,0,386581,112637,519221,medsl,1
2004,MD,Prince George'S,0,318474,0,0,260532,55532,318474,medsl,1
2008,MD,Prince George'S,0,374026,0,0,332396,38833,374026,medsl,1
2012,MD,Prince George'S,0,387744,0,0,347938,35734,387744,medsl,1
2016,MD,Prince George'S,0,390385,0,0,344049,32811,390385,medsl,1
2020,MD,Prince George'S,0,424855,0,0,379208,37090,424855,medsl,1
2024,MD,Prince George'S,0,404009,0,0,347038,45008,404009,medsl,1
2004,MD,Queen Anne'S,0,21794,0,0,7070,14489,21794,medsl,0
2008,MD,Queen Anne'S,0,24045,0,0,8575,15087,24045,medsl,0
2012,MD,Queen Anne'S,0,24888,0,0,8556,15823,24888,medsl,0
2016,MD,Queen Anne'S,0,26523,0,0,7973,16993,26523,medsl,0
2020,MD,Queen Anne'S,0,30290,0,0,10709,18741,30290,medsl,0
2024,MD,Queen Anne'S,0,32347,0,0,11273,20200,32347,medsl,0
2004,MD,Somerset,0,8994,0,0,4034,4884,8994,medsl,1
2008,MD,Somerset,0,9924,0,0,4779,5037,9924,medsl,1
2012,MD,Somerset,0,10399,0,0,5240,5042,10399,medsl,1
2016,MD,Somerset,0,9900,0,0,4196,5341,9900,medsl,1
2020,MD,Somerset,0,10147,0,0,4241,5739,10147,medsl,1
2024,MD,Somerset,0,10137,0,0,4054,5805,10137,medsl,1
2020,MD,St Mary'S,0,55665,0,0,23138,30826,55665,medsl,0
2024,MD,St Mary'S,0,58954,0,0,23531,33582,58954,medsl,0
2004,MD,St. Mary'S,0,37916,0,0,13776,23725,37916,medsl,0
2008,MD,St. Mary'S,0,44409,0,0,19023,24705,44409,medsl,0
2012,MD,St. Mary'S,0,47824,0,0,19711,26797,47824,medsl,0
2016,MD,St. Mary'S,0,49842,0,0,17534,28663,49842,medsl,0
2004,MD,Talbot,0,18864,0,0,7367,11288,18864,medsl,0
2008,MD,Talbot,0,20328,0,0,9035,10995,20328,medsl,0
2012,MD,Talbot,0,20459,0,0,8808,11339,20459,medsl,0
2016,MD,Talbot,0,20553,0,0,8653,10724,20553,medsl,0
2020,MD,Talbot,0,22555,0,0,11062,10946,22555,medsl,0
2024,MD,Talbot,0,22830,0,0,11119,11125,22830,medsl,0
2004,MD,Washington,0,57904,0,0,20387,36917,57904,medsl,0
2008,MD,Washington,0,61600,0,0,26245,34169,61600,medsl,0
2012,MD,Washington,0,62755,0,0,25042,36074,62755,medsl,0
2016,MD,Washington,0,65991,0,0,21129,40998,65991,medsl,0
2020,MD,Washington,0,67779,0,0,26044,40224,67779,medsl,0
2024,MD,Washington,0,73332,0,0,27260,44054,73332,medsl,0
2004,MD,Wicomico,0,37503,0,0,15137,21998,37503,medsl,1
2008,MD,Wicomico,0,41854,0,0,19436,21849,41854,medsl,1
2012,MD,Wicomico,0,42259,0,0,19635,21764,42259,medsl,1
2016,MD,Wicomico,0,42547,0,0,18050,22198,42547,medsl,1
2020,MD,Wicomico,0,46216,0,0,22054,22944,46216,medsl,1
2024,MD,Wicomico,0,46912,0,0,21513,24065,46912,medsl,1
2004,MD,Worcester,0,25229,0,0,9648,15349,25229,medsl,1
2008,MD,Worcester,0,27346,0,0,11374,15607,27346,medsl,1
2012,MD,Worcester,0,27420,0,0,11014,15951,27420,medsl,1
2016,MD,Worcester,0,28273,0,0,9753,17210,28273,medsl,1
2020,MD,Worcester,0,31691,0,0,12560,18571,31691,medsl,1
2024,MD,Worcester,0,32881,0,0,12431,19632,32881,medsl,1
2004,ME,Androscoggin,0,55842,0,0,30345,24453,55842,medsl,1
2008,ME,Androscoggin,0,54850,0,0,31017,22671,54850,medsl,1
2012,ME,Androscoggin,0,52862,0,0,28989,22232,52862,medsl,1
2016,ME,Androscoggin,0,55601,0,0,23009,28227,55601,medsl,1
2020,ME,Androscoggin,0,59361,0,0,27617,29268,59361,medsl,1
2024,ME,Androscoggin,0,58847,0,0,27019,30605,58847,medsl,1
2004,ME,Aroostook,0,36709,0,0,18988,17152,36709,medsl,1
2008,ME,Aroostook,0,35994,0,0,19345,15898,35994,medsl,1
2012,ME,Aroostook,0,33860,0,0,17777,15196,33860,medsl,1
2016,ME,Aroostook,0,35097,0,0,13386,19419,35097,medsl,1
2020,ME,Aroostook,0,36210,0,0,13956,21080,36210,medsl,1
2024,ME,Aroostook,0,35653,0,0,12900,22246,35653,medsl,1
2004,ME,Cumberland,0,135485,0,0,76911,56251,135485,medsl,1
2008,ME,Cumberland,0,164151,0,0,105218,56186,164151,medsl,1
2012,ME,Cumberland,0,163786,0,0,101950,57821,163786,medsl,1
2016,ME,Cumberland,0,171818,0,0,102981,57709,171818,medsl,1
2020,ME,Cumberland,0,195914,0,0,128759,59584,195914,medsl,1
2024,ME,Cumberland,0,192656,0,0,127971,59964,192656,medsl,1
2004,ME,Franklin,0,17136,0,0,9410,7315,17136,medsl,1
2008,ME,Franklin,0,17178,0,0,10113,6627,17178,medsl,1
2012,ME,Franklin,0,16282,0,0,9367,6369,16282,medsl,1
2016,ME,Franklin,0,16488,0,0,7016,7918,16488,medsl,1
2020,ME,Franklin,0,17599,0,0,8069,8754,17599,medsl,1
2024,ME,Franklin,0,17836,0,0,7990,9459,17836,medsl,1
2004,ME,Hancock,0,31754,0,0,17299,13810,31754,medsl,0
2008,ME,Hancock,0,32165,0,0,18895,12686,32165,medsl,0
2012,ME,Hancock,0,30799,0,0,17569,12324,30799,medsl,0
2016,ME,Hancock,0,32130,0,0,16117,13705,32130,medsl,0
2020,ME,Hancock,0,35676,0,0,19369,14982,35676,medsl,0
2024,ME,Hancock,0,36253,0,0,19817,15551,36253,medsl,0
2004,ME,Kennebec,0,62831,0,0,33167,28363,62831,medsl,1
2008,ME,Kennebec,0,65986,0,0,37238,27482,65986,medsl,1
2012,ME,Kennebec,0,63497,0,0,35068,26519,63497,medsl,1
2016,ME,Kennebec,0,66208,0,0,29302,31675,66208,medsl,1
2020,ME,Kennebec,0,72615,0,0,34902,34721,72615,medsl,1
2024,ME,Kennebec,0,72886,0,0,34585,36589,72886,medsl,1
2004,ME,Knox,0,21456,0,0,11430,9074,21456,medsl,1
2008,ME,Knox,0,22980,0,0,13728,8816,22980,medsl,1
2012,ME,Knox,0,22067,0,0,13223,8248,22067,medsl,1
2016,ME,Knox,0,23147,0,0,12443,9148,23147,medsl,1
2020,ME,Knox,0,26032,0,0,15110,9982,26032,medsl,1
2024,ME,Knox,0,25893,0,0,15076,10262,25893,medsl,1
2004,ME,Lincoln,0,20608,0,0,10548,9676,20608,medsl,0
2008,ME,Lincoln,0,21584,0,0,11886,9287,21584,medsl,0
2012,ME,Lincoln,0,20757,0,0,11315,8899,20757,medsl,0
2016,ME,Lincoln,0,21503,0,0,10241,9727,21503,medsl,0
2020,ME,Lincoln,0,23857,0,0,12684,10256,23857,medsl,0
2024,ME,Lincoln,0,24003,0,0,13110,10409,24003,medsl,0
2004,ME,Oxford,0,31914,0,0,16825,14354,31914,medsl,0
2008,ME,Oxford,0,31650,0,0,17940,12863,31650,medsl,0
2012,ME,Oxford,0,29420,0,0,16330,11996,29420,medsl,0
2016,ME,Oxford,0,31201,0,0,12172,16210,31201,medsl,0
2020,ME,Oxford,0,33810,0,0,14755,17698,33810,medsl,0
2024,ME,Oxford,0,34590,0,0,14765,19228,34590,medsl,0
2004,ME,Penobscot,0,76414,0,0,37775,37339,76414,medsl,0
2008,ME,Penobscot,0,80467,0,0,41614,37495,80467,medsl,0
2012,ME,Penobscot,0,77306,0,0,38811,36547,77306,medsl,0
2016,ME,Penobscot,0,80540,0,0,32838,41622,80540,medsl,0
2020,ME,Penobscot,0,86133,0,0,37713,44825,86133,medsl,0
2024,ME,Penobscot,0,87073,0,0,37945,47438,87073,medsl,0
2004,ME,Piscataquis,0,9871,0,0,4378,5261,9871,medsl,1
2008,ME,Piscataquis,0,9434,0,0,4430,4785,9434,medsl,1
2012,ME,Piscataquis,0,8955,0,0,4149,4530,8955,medsl,1
2016,ME,Piscataquis,0,9182,0,0,3098,5406,9182,medsl,1
2020,ME,Piscataquis,0,9996,0,0,3517,6143,9996,medsl,1
2024,ME,Piscataquis,0,10205,0,0,3510,6487,10205,medsl,1
2004,ME,Sagadahoc,0,19856,0,0,10341,9064,19856,medsl,0
2008,ME,Sagadahoc,0,21301,0,0,12152,8721,21301,medsl,0
2012,ME,Sagadahoc,0,20794,0,0,11821,8429,20794,medsl,0
2016,ME,Sagadahoc,0,21616,0,0,10664,9304,21616,medsl,0
2020,ME,Sagadahoc,0,24280,0,0,13528,9755,24280,medsl,0
2024,ME,Sagadahoc,0,24456,0,0,13982,9917,24456,medsl,0
2004,ME,Somerset,0,27053,0,0,13530,12926,27053,medsl,1
2008,ME,Somerset,0,25758,0,0,13335,11867,25758,medsl,1
2012,ME,Somerset,0,24787,0,0,12216,11800,24787,medsl,1
2016,ME,Somerset,0,26064,0,0,9092,15001,26064,medsl,1
2020,ME,Somerset,0,27873,0,0,10199,16644,27873,medsl,1
2024,ME,Somerset,0,28441,0,0,10134,17826,28441,medsl,1
2004,ME,Waldo,0,21741,0,0,11259,10044,21741,medsl,0
2008,ME,Waldo,0,21850,0,0,11967,9423,21850,medsl,0
2012,ME,Waldo,0,21061,0,0,11296,9058,21061,medsl,0
2016,ME,Waldo,0,22707,0,0,10440,10378,22707,medsl,0
2020,ME,Waldo,0,24566,0,0,12345,11196,24566,medsl,0
2024,ME,Waldo,0,25130,0,0,12661,11815,25130,medsl,0
2004,ME,Washington,0,16496,0,0,7998,8207,16496,medsl,0
2008,ME,Washington,0,16654,0,0,8246,8077,16654,medsl,0
2012,ME,Washington,0,15836,0,0,7803,7550,15836,medsl,0
2016,ME,Washington,0,16365,0,0,6075,9093,16365,medsl,0
2020,ME,Washington,0,17570,0,0,6761,10194,17570,medsl,0
2024,ME,Washington,0,18046,0,0,6763,11001,18046,medsl,0
2004,ME,York,0,101344,0,0,53949,45708,101344,medsl,0
2008,ME,York,0,109161,0,0,64799,42389,109161,medsl,0
2012,ME,York,0,108057,0,0,61551,43900,108057,medsl,0
2016,ME,York,0,114274,0,0,55844,50403,114274,medsl,0
2020,ME,York,0,131042,0,0,71189,54817,131042,medsl,0
2024,ME,York,0,132838,0,0,72114,58194,132838,medsl,0
2004,MI,Alcona,0,6531,0,0,2871,3592,6531,medsl,1
2008,MI,Alcona,0,6420,0,0,2896,3404,6420,medsl,1
2012,MI,Alcona,0,6104,0,0,2472,3571,6104,medsl,1
2016,MI,Alcona,0,6198,0,0,1732,4201,6198,medsl,1
2020,MI,Alcona,0,7064,0,0,2142,4848,7064,medsl,1
2024,MI,Alcona,0,7483,0,0,2140,5257,7483,medsl,1
2004,MI,Alger,0,4765,0,0,2395,2318,4765,medsl,0
2008,MI,Alger,0,4750,0,0,2472,2188,4750,medsl,0
2012,MI,Alger,0,4618,0,0,2212,2330,4618,medsl,0
2016,MI,Alger,0,4518,0,0,1663,2585,4518,medsl,0
2020,MI,Alger,0,5128,0,0,2053,3014,5128,medsl,0
2024,MI,Alger,0,5258,0,0,2075,3116,5258,medsl,0
2004,MI,Allegan,0,53907,0,0,19355,34022,53907,medsl,0
2008,MI,Allegan,0,55279,0,0,24165,30061,55279,medsl,0
2012,MI,Allegan,0,52619,0,0,20806,31123,52619,medsl,0
2016,MI,Allegan,0,55786,0,0,18050,34183,55786,medsl,0
2020,MI,Allegan,0,67094,0,0,24449,41392,67094,medsl,0
2024,MI,Allegan,0,71913,0,0,25637,45206,71913,medsl,0
2004,MI,Alpena,0,15211,0,0,7407,7665,15211,medsl,0
2008,MI,Alpena,0,15085,0,0,7705,7125,15085,medsl,0
2012,MI,Alpena,0,14014,0,0,6549,7298,14014,medsl,0
2016,MI,Alpena,0,14698,0,0,4877,9090,14698,medsl,0
2020,MI,Alpena,0,16969,0,0,6000,10686,16969,medsl,0
2024,MI,Alpena,0,17213,0,0,6038,10967,17213,medsl,0
2004,MI,Antrim,0,13619,0,0,5072,8379,13619,medsl,0
2008,MI,Antrim,0,13852,0,0,6079,7506,13852,medsl,0
2012,MI,Antrim,0,13195,0,0,5107,7917,13195,medsl,0
2016,MI,Antrim,0,13582,0,0,4448,8469,13582,medsl,0
2020,MI,Antrim,0,15949,0,0,5960,9748,15949,medsl,0
2024,MI,Antrim,0,16883,0,0,6330,10341,16883,medsl,0
2004,MI,Arenac,0,8216,0,0,4076,4071,8216,medsl,1
2008,MI,Arenac,0,8128,0,0,4155,3807,8128,medsl,1
2012,MI,Arenac,0,7841,0,0,3669,4057,7841,medsl,1
2016,MI,Arenac,0,7696,0,0,2384,4950,7696,medsl,1
2020,MI,Arenac,0,8831,0,0,2774,5928,8831,medsl,1
2024,MI,Arenac,0,9158,0,0,2662,6379,9158,medsl,1
2004,MI,Baraga,0,3684,0,0,1660,1977,3684,medsl,0
2008,MI,Baraga,0,3644,0,0,1725,1846,3644,medsl,0
2012,MI,Baraga,0,3490,0,0,1574,1866,3490,medsl,0
2016,MI,Baraga,0,3490,0,0,1156,2158,3490,medsl,0
2020,MI,Baraga,0,4038,0,0,1478,2512,4038,medsl,0
2024,MI,Baraga,0,4332,0,0,1488,2779,4332,medsl,0
2004,MI,Barry,0,30272,0,0,11312,18638,30272,medsl,0
2008,MI,Barry,0,30565,0,0,13449,16431,30565,medsl,0
2012,MI,Barry,0,28512,0,0,11491,16655,28512,medsl,0
2016,MI,Barry,0,30329,0,0,9114,19202,30329,medsl,0
2020,MI,Barry,0,35905,0,0,11797,23471,35905,medsl,0
2024,MI,Barry,0,38625,0,0,12391,25650,38625,medsl,0
2004,MI,Bay,0,57059,0,0,31049,25448,57059,medsl,1
2008,MI,Bay,0,57428,0,0,32589,23795,57428,medsl,1
2012,MI,Bay,0,53381,0,0,27877,24911,53381,medsl,1
2016,MI,Bay,0,52977,0,0,21642,28328,52977,medsl,1
2020,MI,Bay,0,60255,0,0,26151,33125,60255,medsl,1
2024,MI,Bay,0,61338,0,0,25767,34792,61338,medsl,1
2004,MI,Benzie,0,9778,0,0,4383,5284,9778,medsl,0
2008,MI,Benzie,0,10309,0,0,5451,4687,10309,medsl,0
2012,MI,Benzie,0,9901,0,0,4685,5075,9901,medsl,0
2016,MI,Benzie,0,10228,0,0,4108,5539,10228,medsl,0
2020,MI,Benzie,0,12262,0,0,5480,6601,12262,medsl,0
2024,MI,Benzie,0,12846,0,0,5780,6895,12846,medsl,0
2004,MI,Berrien,0,74671,0,0,32846,41076,74671,medsl,0
2008,MI,Berrien,0,77666,0,0,40381,36130,77666,medsl,0
2012,MI,Berrien,0,72497,0,0,33465,38209,72497,medsl,0
2016,MI,Berrien,0,72031,0,0,29495,38647,72031,medsl,0
2020,MI,Berrien,0,82391,0,0,37438,43519,82391,medsl,0
2024,MI,Berrien,0,84488,0,0,38323,44975,84488,medsl,0
2004,MI,Branch,0,17967,0,0,7004,10784,17967,medsl,1
2008,MI,Branch,0,18285,0,0,8413,9534,18285,medsl,1
2012,MI,Branch,0,17147,0,0,6913,10035,17147,medsl,1
2016,MI,Branch,0,17663,0,0,5061,11786,17663,medsl,1
2020,MI,Branch,0,20536,0,0,6159,14064,20536,medsl,1
2024,MI,Branch,0,21089,0,0,5911,14848,21089,medsl,1
2004,MI,Calhoun,0,62667,0,0,29891,32093,62667,medsl,0
2008,MI,Calhoun,0,64196,0,0,34561,28553,64196,medsl,0
2012,MI,Calhoun,0,58327,0,0,29267,28333,58327,medsl,0
2016,MI,Calhoun,0,58902,0,0,24157,31494,58902,medsl,0
2020,MI,Calhoun,0,66281,0,0,28877,36221,66281,medsl,0
2024,MI,Calhoun,0,68505,0,0,28988,38606,68505,medsl,0
2004,MI,Cass,0,22697,0,0,9537,12964,22697,medsl,1
2008,MI,Cass,0,23576,0,0,12083,11114,23576,medsl,1
2012,MI,Cass,0,22490,0,0,9591,12659,22490,medsl,1
2016,MI,Cass,0,22595,0,0,7270,14243,22595,medsl,1
2020,MI,Cass,0,26216,0,0,9130,16699,26216,medsl,1
2024,MI,Cass,0,27871,0,0,9050,18505,27871,medsl,1
2004,MI,Charlevoix,0,14139,0,0,5729,8214,14139,medsl,0
2008,MI,Charlevoix,0,14367,0,0,6817,7306,14367,medsl,0
2012,MI,Charlevoix,0,14090,0,0,5939,8000,14090,medsl,0
2016,MI,Charlevoix,0,14589,0,0,5137,8674,14589,medsl,0
2020,MI,Charlevoix,0,17000,0,0,6939,9841,17000,medsl,0
2024,MI,Charlevoix,0,17661,0,0,7197,10183,17661,medsl,0
2004,MI,Cheboygan,0,13887,0,0,5941,7798,13887,medsl,0
2008,MI,Cheboygan,0,13901,0,0,6720,6920,13901,medsl,0
2012,MI,Cheboygan,0,13311,0,0,5831,7286,13311,medsl,0
2016,MI,Cheboygan,0,13672,0,0,4302,8683,13672,medsl,0
2020,MI,Cheboygan,0,15868,0,0,5437,10186,15868,medsl,0
2024,MI,Cheboygan,0,16423,0,0,5543,10653,16423,medsl,0
2004,MI,Chippewa,0,16488,0,0,7203,9122,16488,medsl,0
2008,MI,Chippewa,0,16708,0,0,8184,8267,16708,medsl,0
2012,MI,Chippewa,0,15564,0,0,7100,8278,15564,medsl,0
2016,MI,Chippewa,0,15456,0,0,5379,9122,15456,medsl,0
2020,MI,Chippewa,0,17642,0,0,6648,10681,17642,medsl,0
2024,MI,Chippewa,0,18365,0,0,6796,11249,18365,medsl,0
2004,MI,Clare,0,14226,0,0,6984,7088,14226,medsl,0
2008,MI,Clare,0,14567,0,0,7496,6793,14567,medsl,0
2012,MI,Clare,0,13504,0,0,6338,6988,13504,medsl,0
2016,MI,Clare,0,13389,0,0,4249,8505,13389,medsl,0
2020,MI,Clare,0,16281,0,0,5199,10861,16281,medsl,0
2024,MI,Clare,0,17288,0,0,5273,11772,17288,medsl,0
2004,MI,Clinton,0,37807,0,0,15483,21989,37807,medsl,0
2008,MI,Clinton,0,40381,0,0,20005,19726,40381,medsl,0
2012,MI,Clinton,0,39235,0,0,18191,20650,39235,medsl,0
2016,MI,Clinton,0,40655,0,0,16492,21636,40655,medsl,0
2020,MI,Clinton,0,47927,0,0,21968,25098,47927,medsl,0
2024,MI,Clinton,0,49986,0,0,22450,26751,49986,medsl,0
2004,MI,Crawford,0,7235,0,0,3126,4017,7235,medsl,0
2008,MI,Crawford,0,7178,0,0,3441,3561,7178,medsl,0
2012,MI,Crawford,0,6814,0,0,2994,3744,6814,medsl,0
2016,MI,Crawford,0,6844,0,0,2110,4354,6844,medsl,0
2020,MI,Crawford,0,7861,0,0,2672,5087,7861,medsl,0
2024,MI,Crawford,0,8476,0,0,2752,5613,8476,medsl,0
2004,MI,Delta,0,19238,0,0,9381,9680,19238,medsl,1
2008,MI,Delta,0,19064,0,0,9974,8763,19064,medsl,1
2012,MI,Delta,0,18050,0,0,8330,9534,18050,medsl,1
2016,MI,Delta,0,18492,0,0,6436,11121,18492,medsl,1
2020,MI,Delta,0,21151,0,0,7606,13207,21151,medsl,1
2024,MI,Delta,0,21874,0,0,7462,14109,21874,medsl,1
2004,MI,Dickinson,0,13549,0,0,5650,7734,13549,medsl,0
2008,MI,Dickinson,0,13311,0,0,5995,7049,13311,medsl,0
2012,MI,Dickinson,0,12810,0,0,4952,7688,12810,medsl,0
2016,MI,Dickinson,0,13165,0,0,3923,8580,13165,medsl,0
2020,MI,Dickinson,0,14589,0,0,4744,9617,14589,medsl,0
2024,MI,Dickinson,0,15312,0,0,4763,10324,15312,medsl,0
2004,MI,Eaton,0,55755,0,0,25411,29781,55755,medsl,1
2008,MI,Eaton,0,57616,0,0,30742,25900,57616,medsl,1
2012,MI,Eaton,0,54788,0,0,27913,26197,54788,medsl,1
2016,MI,Eaton,0,56221,0,0,24938,27609,56221,medsl,1
2020,MI,Eaton,0,64327,0,0,31299,31798,64327,medsl,1
2024,MI,Eaton,0,65208,0,0,31056,33102,65208,medsl,1
2004,MI,Emmet,0,17372,0,0,6846,10332,17372,medsl,0
2008,MI,Emmet,0,18149,0,0,8515,9314,18149,medsl,0
2012,MI,Emmet,0,17709,0,0,7225,10253,17709,medsl,0
2016,MI,Emmet,0,18802,0,0,6972,10616,18802,medsl,0
2020,MI,Emmet,0,22177,0,0,9662,12135,22177,medsl,0
2024,MI,Emmet,0,22851,0,0,10005,12465,22851,medsl,0
2004,MI,Genesee,0,213775,0,0,128334,83870,213775,medsl,1
2008,MI,Genesee,0,219896,0,0,143927,72451,219896,medsl,1
2012,MI,Genesee,0,202933,0,0,128978,71808,202933,medsl,1
2016,MI,Genesee,0,196296,0,0,102751,84175,196296,medsl,1
2020,MI,Genesee,0,221360,0,0,119390,98714,221360,medsl,1
2024,MI,Genesee,0,223268,0,0,114670,105303,223268,medsl,1
2004,MI,Gladwin,0,13227,0,0,6343,6770,13227,medsl,1
2008,MI,Gladwin,0,13241,0,0,6590,6391,13241,medsl,1
2012,MI,Gladwin,0,12583,0,0,5760,6661,12583,medsl,1
2016,MI,Gladwin,0,12472,0,0,3794,8124,12472,medsl,1
2020,MI,Gladwin,0,14603,0,0,4524,9893,14603,medsl,1
2024,MI,Gladwin,0,15488,0,0,4501,10809,15488,medsl,1
2004,MI,Gogebic,0,8452,0,0,4421,3935,8452,medsl,1
2008,MI,Gogebic,0,8264,0,0,4757,3330,8264,medsl,1
2012,MI,Gogebic,0,7576,0,0,4058,3444,7576,medsl,1
2016,MI,Gogebic,0,7329,0,0,2925,4018,7329,medsl,1
2020,MI,Gogebic,0,8266,0,0,3570,4600,8266,medsl,1
2024,MI,Gogebic,0,8295,0,0,3385,4803,8295,medsl,1
2004,MI,Grand Traverse,0,46191,0,0,18256,27446,46191,medsl,0
2008,MI,Grand Traverse,0,48733,0,0,23258,24716,48733,medsl,0
2012,MI,Grand Traverse,0,47999,0,0,20875,26534,47999,medsl,0
2016,MI,Grand Traverse,0,51589,0,0,20965,27413,51589,medsl,0
2020,MI,Grand Traverse,0,60236,0,0,28683,30502,60236,medsl,0
2024,MI,Grand Traverse,0,62772,0,0,30339,31423,62772,medsl,0
2004,MI,Gratiot,0,17379,0,0,7377,9834,17379,medsl,1
2008,MI,Gratiot,0,17738,0,0,9105,8322,17738,medsl,1
2012,MI,Gratiot,0,16035,0,0,7610,8241,16035,medsl,1
2016,MI,Gratiot,0,16465,0,0,5666,9880,16465,medsl,1
2020,MI,Gratiot,0,19127,0,0,6693,12102,19127,medsl,1
2024,MI,Gratiot,0,19848,0,0,6682,12894,19848,medsl,1
2004,MI,Hillsdale,0,20216,0,0,7123,12804,20216,medsl,1
2008,MI,Hillsdale,0,20449,0,0,8765,11221,20449,medsl,1
2012,MI,Hillsdale,0,19100,0,0,7106,11727,19100,medsl,1
2016,MI,Hillsdale,0,19940,0,0,4799,14095,19940,medsl,1
2020,MI,Hillsdale,0,23302,0,0,5883,17037,23302,medsl,1
2024,MI,Hillsdale,0,24828,0,0,5875,18631,24828,medsl,1
2004,MI,Houghton,0,15851,0,0,6731,8889,15851,medsl,0
2008,MI,Houghton,0,15972,0,0,7476,8101,15972,medsl,0
2012,MI,Houghton,0,15282,0,0,6801,8196,15282,medsl,0
2016,MI,Houghton,0,15624,0,0,6018,8475,15624,medsl,0
2020,MI,Houghton,0,18501,0,0,7750,10378,18501,medsl,0
2024,MI,Houghton,0,19374,0,0,7881,11181,19374,medsl,0
2004,MI,Huron,0,17466,0,0,7629,9671,17466,medsl,0
2008,MI,Huron,0,17135,0,0,8367,8434,17135,medsl,0
2012,MI,Huron,0,15484,0,0,6518,8806,15484,medsl,0
2016,MI,Huron,0,15917,0,0,4579,10692,15917,medsl,0
2020,MI,Huron,0,18437,0,0,5490,12731,18437,medsl,0
2024,MI,Huron,0,18969,0,0,5522,13224,18969,medsl,0
2004,MI,Ingham,0,133053,0,0,76877,54734,133053,medsl,0
2008,MI,Ingham,0,142729,0,0,93994,46483,142729,medsl,0
2012,MI,Ingham,0,127910,0,0,80847,45306,127910,medsl,0
2016,MI,Ingham,0,131138,0,0,79110,43868,131138,medsl,0
2020,MI,Ingham,0,144550,0,0,94212,47639,144550,medsl,0
2024,MI,Ingham,0,148101,0,0,94542,50564,148101,medsl,0
2004,MI,Ionia,0,27618,0,0,10647,16621,27618,medsl,0
2008,MI,Ionia,0,27319,0,0,12565,14156,27319,medsl,0
2012,MI,Ionia,0,25761,0,0,11018,14315,25761,medsl,0
2016,MI,Ionia,0,26854,0,0,8352,16635,26854,medsl,0
2020,MI,Ionia,0,32209,0,0,10901,20657,32209,medsl,0
2024,MI,Ionia,0,34021,0,0,11338,22179,34021,medsl,0
2004,MI,Iosco,0,14006,0,0,6557,7301,14006,medsl,1
2008,MI,Iosco,0,14187,0,0,7309,6583,14187,medsl,1
2012,MI,Iosco,0,13344,0,0,6242,6909,13344,medsl,1
2016,MI,Iosco,0,13361,0,0,4345,8345,13361,medsl,1
2020,MI,Iosco,0,15363,0,0,5373,9759,15363,medsl,1
2024,MI,Iosco,0,15731,0,0,5344,10155,15731,medsl,1
2004,MI,Iron,0,6511,0,0,3215,3224,6511,medsl,1
2008,MI,Iron,0,6162,0,0,3080,2947,6162,medsl,1
2012,MI,Iron,0,5988,0,0,2687,3224,5988,medsl,1
2016,MI,Iron,0,5910,0,0,2004,3675,5910,medsl,1
2020,MI,Iron,0,6789,0,0,2493,4216,6789,medsl,1
2024,MI,Iron,0,7027,0,0,2441,4501,7027,medsl,1
2004,MI,Isabella,0,24390,0,0,12334,11754,24390,medsl,1
2008,MI,Isabella,0,28350,0,0,16679,11220,28350,medsl,1
2012,MI,Isabella,0,24119,0,0,13038,10800,24119,medsl,1
2016,MI,Isabella,0,25392,0,0,11404,12338,25392,medsl,1
2020,MI,Isabella,0,29421,0,0,14072,14815,29421,medsl,1
2024,MI,Isabella,0,30835,0,0,14011,16320,30835,medsl,1
2004,MI,Jackson,0,71795,0,0,31025,40029,71795,medsl,0
2008,MI,Jackson,0,74503,0,0,37480,35692,74503,medsl,0
2012,MI,Jackson,0,69446,0,0,32301,36298,69446,medsl,0
2016,MI,Jackson,0,69677,0,0,25795,39793,69677,medsl,0
2020,MI,Jackson,0,80861,0,0,31995,47372,80861,medsl,0
2024,MI,Jackson,0,83827,0,0,32348,50199,83827,medsl,0
2004,MI,Kalamazoo,0,119783,0,0,61462,57147,119783,medsl,0
2008,MI,Kalamazoo,0,130781,0,0,77051,51554,130781,medsl,0
2012,MI,Kalamazoo,0,123178,0,0,69051,52662,123178,medsl,0
2016,MI,Kalamazoo,0,126299,0,0,67148,51034,126299,medsl,0
2020,MI,Kalamazoo,0,143414,0,0,83686,56823,143414,medsl,0
2024,MI,Kalamazoo,0,145710,0,0,84501,58671,145710,medsl,0
2004,MI,Kalkaska,0,8380,0,0,3189,5084,8380,medsl,0
2008,MI,Kalkaska,0,8499,0,0,3780,4527,8499,medsl,0
2012,MI,Kalkaska,0,8299,0,0,3272,4901,8299,medsl,0
2016,MI,Kalkaska,0,8833,0,0,2280,6116,8833,medsl,0
2020,MI,Kalkaska,0,10631,0,0,3002,7436,10631,medsl,0
2024,MI,Kalkaska,0,11529,0,0,3206,8149,11529,medsl,0
2004,MI,Kent,0,290891,0,0,116909,171201,290891,medsl,0
2008,MI,Kent,0,303235,0,0,149909,148336,303235,medsl,0
2012,MI,Kent,0,292985,0,0,133408,155925,292985,medsl,0
2016,MI,Kent,0,308184,0,0,138683,148180,308184,medsl,0
2020,MI,Kent,0,361048,0,0,187915,165741,361048,medsl,0
2024,MI,Kent,0,371947,0,0,192668,172720,371947,medsl,0
2004,MI,Keweenaw,0,1439,0,0,630,781,1439,medsl,0
2008,MI,Keweenaw,0,1410,0,0,610,756,1410,medsl,0
2012,MI,Keweenaw,0,1392,0,0,582,774,1392,medsl,0
2016,MI,Keweenaw,0,1434,0,0,527,814,1434,medsl,0
2020,MI,Keweenaw,0,1557,0,0,672,862,1557,medsl,0
2024,MI,Keweenaw,0,1611,0,0,690,896,1611,medsl,0
2004,MI,Lake,0,5246,0,0,2675,2503,5246,medsl,0
2008,MI,Lake,0,5292,0,0,2919,2269,5292,medsl,0
2012,MI,Lake,0,5287,0,0,2752,2487,5287,medsl,0
2016,MI,Lake,0,5328,0,0,1939,3159,5328,medsl,0
2020,MI,Lake,0,6323,0,0,2288,3946,6323,medsl,0
2024,MI,Lake,0,6915,0,0,2298,4523,6915,medsl,0
2004,MI,Lapeer,0,44147,0,0,18086,25556,44147,medsl,1
2008,MI,Lapeer,0,45362,0,0,21457,22831,45362,medsl,1
2012,MI,Lapeer,0,43115,0,0,18796,23734,43115,medsl,1
2016,MI,Lapeer,0,45183,0,0,12734,30037,45183,medsl,1
2020,MI,Lapeer,0,52650,0,0,16367,35482,52650,medsl,1
2024,MI,Lapeer,0,55439,0,0,16338,38398,55439,medsl,1
2004,MI,Leelanau,0,13917,0,0,6048,7733,13917,medsl,0
2008,MI,Leelanau,0,14464,0,0,7355,6938,14464,medsl,0
2012,MI,Leelanau,0,14176,0,0,6576,7483,14176,medsl,0
2016,MI,Leelanau,0,14757,0,0,6774,7239,14757,medsl,0
2020,MI,Leelanau,0,16900,0,0,8795,7916,16900,medsl,0
2024,MI,Leelanau,0,17685,0,0,9406,8035,17685,medsl,0
2004,MI,Lenawee,0,47012,0,0,20787,25675,47012,medsl,1
2008,MI,Lenawee,0,47734,0,0,24640,22225,47734,medsl,1
2012,MI,Lenawee,0,44724,0,0,21776,22351,44724,medsl,1
2016,MI,Lenawee,0,45939,0,0,16750,26430,45939,medsl,1
2020,MI,Lenawee,0,53375,0,0,20918,31541,53375,medsl,1
2024,MI,Lenawee,0,55016,0,0,20787,33463,55016,medsl,1
2004,MI,Livingston,0,93742,0,0,33991,58860,93742,medsl,0
2008,MI,Livingston,0,99638,0,0,42349,55592,99638,medsl,0
2012,MI,Livingston,0,98337,0,0,37216,60083,98337,medsl,0
2016,MI,Livingston,0,105866,0,0,34384,65680,105866,medsl,0
2020,MI,Livingston,0,127197,0,0,48220,76982,127197,medsl,0
2024,MI,Livingston,0,132448,0,0,49503,81217,132448,medsl,0
2004,MI,Luce,0,2829,0,0,1045,1749,2829,medsl,1
2008,MI,Luce,0,2740,0,0,1191,1490,2740,medsl,1
2012,MI,Luce,0,2596,0,0,991,1580,2596,medsl,1
2016,MI,Luce,0,2579,0,0,681,1756,2579,medsl,1
2020,MI,Luce,0,3001,0,0,842,2109,3001,medsl,1
2024,MI,Luce,0,2985,0,0,769,2170,2985,medsl,1
2004,MI,Mackinac,0,6599,0,0,2819,3706,6599,medsl,0
2008,MI,Mackinac,0,6396,0,0,3027,3268,6396,medsl,0
2012,MI,Mackinac,0,6099,0,0,2652,3397,6099,medsl,0
2016,MI,Mackinac,0,6097,0,0,2085,3744,6097,medsl,0
2020,MI,Mackinac,0,7015,0,0,2632,4304,7015,medsl,0
2024,MI,Mackinac,0,7238,0,0,2675,4476,7238,medsl,0
2004,MI,Macomb,0,402410,0,0,196160,202166,402410,medsl,1
2008,MI,Macomb,0,419216,0,0,223784,187663,419216,medsl,1
2012,MI,Macomb,0,404086,0,0,208016,191913,404086,medsl,1
2016,MI,Macomb,0,419312,0,0,176317,224665,419312,medsl,1
2020,MI,Macomb,0,494256,0,0,223952,263863,494256,medsl,1
2024,MI,Macomb,0,509152,0,0,214977,284660,509152,medsl,1
2004,MI,Manistee,0,12740,0,0,6272,6295,12740,medsl,0
2008,MI,Manistee,0,13009,0,0,7235,5510,13009,medsl,0
2012,MI,Manistee,0,12402,0,0,6473,5737,12402,medsl,0
2016,MI,Manistee,0,12599,0,0,4979,6915,12599,medsl,0
2020,MI,Manistee,0,14655,0,0,6107,8321,14655,medsl,0
2024,MI,Manistee,0,15297,0,0,6309,8748,15297,medsl,0
2004,MI,Marquette,0,32488,0,0,17412,14690,32488,medsl,0
2008,MI,Marquette,0,33185,0,0,19635,12906,33185,medsl,0
2012,MI,Marquette,0,32194,0,0,18115,13606,32194,medsl,0
2016,MI,Marquette,0,32976,0,0,16042,14646,32976,medsl,0
2020,MI,Marquette,0,37462,0,0,20465,16286,37462,medsl,0
2024,MI,Marquette,0,39009,0,0,20866,17459,39009,medsl,0
2004,MI,Mason,0,14611,0,0,6333,8124,14611,medsl,0
2008,MI,Mason,0,15223,0,0,7817,7147,15223,medsl,0
2012,MI,Mason,0,14604,0,0,6856,7580,14604,medsl,0
2016,MI,Mason,0,14685,0,0,5281,8505,14685,medsl,0
2020,MI,Mason,0,17254,0,0,6802,10207,17254,medsl,0
2024,MI,Mason,0,18064,0,0,6973,10830,18064,medsl,0
2004,MI,Mecosta,0,17581,0,0,7730,9710,17581,medsl,0
2008,MI,Mecosta,0,18664,0,0,9101,9238,18664,medsl,0
2012,MI,Mecosta,0,16913,0,0,7515,9176,16913,medsl,0
2016,MI,Mecosta,0,17168,0,0,5827,10305,17168,medsl,0
2020,MI,Mecosta,0,21049,0,0,7375,13267,21049,medsl,0
2024,MI,Mecosta,0,22489,0,0,7688,14445,22489,medsl,0
2004,MI,Menominee,0,11419,0,0,5326,5942,11419,medsl,1
2008,MI,Menominee,0,11072,0,0,5981,4855,11072,medsl,1
2012,MI,Menominee,0,10923,0,0,5242,5564,10923,medsl,1
2016,MI,Menominee,0,10768,0,0,3539,6702,10768,medsl,1
2020,MI,Menominee,0,12607,0,0,4316,8117,12607,medsl,1
2024,MI,Menominee,0,13060,0,0,4256,8647,13060,medsl,1
2004,MI,Midland,0,43275,0,0,18355,24369,43275,medsl,0
2008,MI,Midland,0,43707,0,0,20701,22263,43707,medsl,0
2012,MI,Midland,0,41754,0,0,17450,23919,41754,medsl,0
2016,MI,Midland,0,42506,0,0,15635,23846,42506,medsl,0
2020,MI,Midland,0,49088,0,0,20493,27675,49088,medsl,0
2024,MI,Midland,0,50301,0,0,20926,28571,50301,medsl,0
2004,MI,Missaukee,0,7421,0,0,2319,5055,7421,medsl,1
2008,MI,Missaukee,0,7492,0,0,2898,4469,7492,medsl,1
2012,MI,Missaukee,0,7027,0,0,2274,4665,7027,medsl,1
2016,MI,Missaukee,0,7317,0,0,1565,5386,7317,medsl,1
2020,MI,Missaukee,0,8755,0,0,1967,6648,8755,medsl,1
2024,MI,Missaukee,0,9152,0,0,1945,7066,9152,medsl,1
2004,MI,Monroe,0,74132,0,0,36089,37470,74132,medsl,1
2008,MI,Monroe,0,76422,0,0,39180,35858,76422,medsl,1
2012,MI,Monroe,0,72853,0,0,36310,35593,72853,medsl,1
2016,MI,Monroe,0,74218,0,0,26863,43261,74218,medsl,1
2020,MI,Monroe,0,87148,0,0,32975,52710,87148,medsl,1
2024,MI,Monroe,0,91356,0,0,32622,57405,91356,medsl,1
2004,MI,Montcalm,0,26734,0,0,11471,14968,26734,medsl,0
2008,MI,Montcalm,0,27051,0,0,13208,13291,27051,medsl,0
2012,MI,Montcalm,0,25431,0,0,11430,13621,25431,medsl,0
2016,MI,Montcalm,0,26609,0,0,7874,16907,26609,medsl,0
2020,MI,Montcalm,0,32100,0,0,9703,21815,32100,medsl,0
2024,MI,Montcalm,0,34845,0,0,10368,23946,34845,medsl,0
2004,MI,Montmorency,0,5563,0,0,2196,3300,5563,medsl,0
2008,MI,Montmorency,0,5360,0,0,2403,2841,5360,medsl,0
2012,MI,Montmorency,0,5051,0,0,2049,2928,5051,medsl,0
2016,MI,Montmorency,0,5009,0,0,1287,3498,5009,medsl,0
2020,MI,Montmorency,0,5859,0,0,1628,4171,5859,medsl,0
2024,MI,Montmorency,0,6391,0,0,1702,4599,6391,medsl,0
2004,MI,Muskegon,0,80313,0,0,44282,35302,80313,medsl,0
2008,MI,Muskegon,0,84271,0,0,53821,29145,84271,medsl,0
2012,MI,Muskegon,0,76163,0,0,44436,30884,76163,medsl,0
2016,MI,Muskegon,0,78088,0,0,37304,36127,78088,medsl,0
2020,MI,Muskegon,0,92444,0,0,45643,45133,92444,medsl,0
2024,MI,Muskegon,0,95181,0,0,46028,47733,95181,medsl,0
2004,MI,Newaygo,0,22873,0,0,9057,13608,22873,medsl,0
2008,MI,Newaygo,0,23105,0,0,10790,11862,23105,medsl,0
2012,MI,Newaygo,0,21478,0,0,8728,12457,21478,medsl,0
2016,MI,Newaygo,0,22640,0,0,6212,15173,22640,medsl,0
2020,MI,Newaygo,0,27161,0,0,7873,18857,27161,medsl,0
2024,MI,Newaygo,0,29201,0,0,8131,20630,29201,medsl,0
2004,MI,Oakland,0,641977,0,0,319387,316633,641977,medsl,1
2008,MI,Oakland,0,659068,0,0,372566,276956,659068,medsl,1
2012,MI,Oakland,0,651607,0,0,349002,296514,651607,medsl,1
2016,MI,Oakland,0,664614,0,0,343070,289203,664614,medsl,1
2020,MI,Oakland,0,770351,0,0,434148,325971,770351,medsl,1
2024,MI,Oakland,0,772145,0,0,419519,337791,772145,medsl,1
2004,MI,Oceana,0,12297,0,0,5441,6677,12297,medsl,0
2008,MI,Oceana,0,12509,0,0,6405,5860,12509,medsl,0
2012,MI,Oceana,0,11450,0,0,5063,6239,11450,medsl,0
2016,MI,Oceana,0,11930,0,0,3973,7228,11930,medsl,0
2020,MI,Oceana,0,14062,0,0,4944,8892,14062,medsl,0
2024,MI,Oceana,0,14870,0,0,5085,9547,14870,medsl,0
2004,MI,Ogemaw,0,10796,0,0,5215,5454,10796,medsl,0
2008,MI,Ogemaw,0,10768,0,0,5391,5133,10768,medsl,0
2012,MI,Ogemaw,0,10361,0,0,4791,5437,10361,medsl,0
2016,MI,Ogemaw,0,10387,0,0,3030,6827,10387,medsl,0
2020,MI,Ogemaw,0,11907,0,0,3475,8253,11907,medsl,0
2024,MI,Ogemaw,0,12622,0,0,3578,8879,12622,medsl,0
2004,MI,Ontonagon,0,4192,0,0,1863,2262,4192,medsl,1
2008,MI,Ontonagon,0,3885,0,0,1966,1823,3885,medsl,1
2012,MI,Ontonagon,0,3539,0,0,1586,1906,3539,medsl,1
2016,MI,Ontonagon,0,3426,0,0,1176,2066,3426,medsl,1
2020,MI,Ontonagon,0,3804,0,0,1391,2358,3804,medsl,1
2024,MI,Ontonagon,0,3841,0,0,1313,2479,3841,medsl,1
2004,MI,Osceola,0,11188,0,0,4467,6599,11188,medsl,0
2008,MI,Osceola,0,11026,0,0,4855,5973,11026,medsl,0
2012,MI,Osceola,0,10278,0,0,3981,6141,10278,medsl,0
2016,MI,Osceola,0,10609,0,0,2705,7336,10609,medsl,0
2020,MI,Osceola,0,12329,0,0,3214,8928,12329,medsl,0
2024,MI,Osceola,0,13184,0,0,3326,9639,13184,medsl,0
2004,MI,Oscoda,0,4409,0,0,1792,2570,4409,medsl,0
2008,MI,Oscoda,0,4328,0,0,1887,2320,4328,medsl,0
2012,MI,Oscoda,0,4042,0,0,1657,2308,4042,medsl,0
2016,MI,Oscoda,0,4073,0,0,1044,2843,4073,medsl,0
2020,MI,Oscoda,0,4874,0,0,1342,3466,4874,medsl,0
2024,MI,Oscoda,0,5192,0,0,1414,3716,5192,medsl,0
2004,MI,Otsego,0,12307,0,0,4674,7470,12307,medsl,0
2008,MI,Otsego,0,12616,0,0,5634,6752,12616,medsl,0
2012,MI,Otsego,0,11832,0,0,4681,7011,11832,medsl,0
2016,MI,Otsego,0,12538,0,0,3556,8266,12538,medsl,0
2020,MI,Otsego,0,14757,0,0,4743,9779,14757,medsl,0
2024,MI,Otsego,0,15971,0,0,5052,10693,15971,medsl,0
2004,MI,Ottawa,0,128643,0,0,35552,92048,128643,medsl,0
2008,MI,Ottawa,0,136268,0,0,50828,83330,136268,medsl,0
2012,MI,Ottawa,0,132312,0,0,42737,88166,132312,medsl,0
2016,MI,Ottawa,0,142734,0,0,44973,88467,142734,medsl,0
2020,MI,Ottawa,0,168713,0,0,64705,100913,168713,medsl,0
2024,MI,Ottawa,0,178507,0,0,69653,106133,178507,medsl,0
2004,MI,Presque Isle,0,7516,0,0,3432,3982,7516,medsl,0
2008,MI,Presque Isle,0,7505,0,0,3722,3606,7505,medsl,0
2012,MI,Presque Isle,0,7080,0,0,3192,3794,7080,medsl,0
2016,MI,Presque Isle,0,7218,0,0,2400,4488,7218,medsl,0
2020,MI,Presque Isle,0,8344,0,0,2911,5342,8344,medsl,0
2024,MI,Presque Isle,0,8742,0,0,3036,5568,8742,medsl,0
2004,MI,Roscommon,0,14359,0,0,6810,7364,14359,medsl,0
2008,MI,Roscommon,0,14051,0,0,7082,6727,14051,medsl,0
2012,MI,Roscommon,0,13032,0,0,6198,6701,13032,medsl,0
2016,MI,Roscommon,0,13041,0,0,4287,8141,13041,medsl,0
2020,MI,Roscommon,0,15018,0,0,5166,9670,15018,medsl,0
2024,MI,Roscommon,0,16068,0,0,5290,10582,16068,medsl,0
2004,MI,Saginaw,0,102852,0,0,54887,47165,102852,medsl,1
2008,MI,Saginaw,0,104090,0,0,60276,42225,104090,medsl,1
2012,MI,Saginaw,0,98062,0,0,54381,42720,98062,medsl,1
2016,MI,Saginaw,0,94320,0,0,44396,45469,94320,medsl,1
2020,MI,Saginaw,0,103349,0,0,51088,50785,103349,medsl,1
2024,MI,Saginaw,0,103846,0,0,49515,52912,103846,medsl,1
2004,MI,Sanilac,0,20763,0,0,7883,12632,20763,medsl,1
2008,MI,Sanilac,0,20169,0,0,9047,10679,20169,medsl,1
2012,MI,Sanilac,0,18369,0,0,7212,10963,18369,medsl,1
2016,MI,Sanilac,0,19249,0,0,4873,13446,19249,medsl,1
2020,MI,Sanilac,0,22446,0,0,5966,16194,22446,medsl,1
2024,MI,Sanilac,0,23339,0,0,5957,17080,23339,medsl,1
2004,MI,Schoolcraft,0,4441,0,0,2137,2267,4441,medsl,0
2008,MI,Schoolcraft,0,4326,0,0,2184,2058,4326,medsl,0
2012,MI,Schoolcraft,0,4048,0,0,1865,2142,4048,medsl,0
2016,MI,Schoolcraft,0,4154,0,0,1369,2556,4154,medsl,0
2020,MI,Schoolcraft,0,4745,0,0,1589,3090,4745,medsl,0
2024,MI,Schoolcraft,0,4898,0,0,1631,3196,4898,medsl,0
2004,MI,Shiawassee,0,36651,0,0,16881,19407,36651,medsl,1
2008,MI,Shiawassee,0,36415,0,0,19397,16268,36415,medsl,1
2012,MI,Shiawassee,0,33679,0,0,17197,15962,33679,medsl,1
2016,MI,Shiawassee,0,34111,0,0,12546,19230,34111,medsl,1
2020,MI,Shiawassee,0,39224,0,0,15347,23149,39224,medsl,1
2024,MI,Shiawassee,0,40685,0,0,15335,24718,40685,medsl,1
2024,MI,St Clair,0,96524,0,0,30844,64277,96524,medsl,0
2024,MI,St Joseph,0,29307,0,0,9452,19403,29307,medsl,0
2004,MI,St. Clair,0,79743,0,0,36174,42740,79743,medsl,0
2008,MI,St. Clair,0,80900,0,0,40677,38536,80900,medsl,0
2012,MI,St. Clair,0,74181,0,0,33983,39271,74181,medsl,0
2016,MI,St. Clair,0,78003,0,0,24553,49051,78003,medsl,0
2020,MI,St. Clair,0,92064,0,0,31363,59185,92064,medsl,0
2004,MI,St. Joseph,0,25239,0,0,9648,15340,25239,medsl,0
2008,MI,St. Joseph,0,25702,0,0,12322,12886,25702,medsl,0
2012,MI,St. Joseph,0,23341,0,0,10112,12978,23341,medsl,0
2016,MI,St. Joseph,0,23757,0,0,7526,14884,23757,medsl,0
2020,MI,St. Joseph,0,27936,0,0,9262,18127,27936,medsl,0
2004,MI,Tuscola,0,28338,0,0,12631,15389,28338,medsl,1
2008,MI,Tuscola,0,27798,0,0,13503,13740,27798,medsl,1
2012,MI,Tuscola,0,26003,0,0,11425,14240,26003,medsl,1
2016,MI,Tuscola,0,25796,0,0,7429,17102,25796,medsl,1
2020,MI,Tuscola,0,29445,0,0,8712,20297,29445,medsl,1
2024,MI,Tuscola,0,30717,0,0,8562,21764,30717,medsl,1
2004,MI,Van Buren,0,34174,0,0,16151,17634,34174,medsl,0
2008,MI,Van Buren,0,34766,0,0,18588,15534,34766,medsl,0
2012,MI,Van Buren,0,32837,0,0,16290,16141,32837,medsl,0
2016,MI,Van Buren,0,33274,0,0,13258,17890,33274,medsl,0
2020,MI,Van Buren,0,39066,0,0,16803,21591,39066,medsl,0
2024,MI,Van Buren,0,41169,0,0,17175,23407,41169,medsl,0
2004,MI,Washtenaw,0,173264,0,0,109953,61455,173264,medsl,0
2008,MI,Washtenaw,0,187115,0,0,130578,53946,187115,medsl,0
2012,MI,Washtenaw,0,179592,0,0,120890,56412,179592,medsl,0
2016,MI,Washtenaw,0,188578,0,0,128483,50631,188578,medsl,0
2020,MI,Washtenaw,0,216418,0,0,157136,56241,216418,medsl,0
2024,MI,Washtenaw,0,221542,0,0,157152,58844,221542,medsl,0
2004,MI,Wayne,0,864728,0,0,600047,257750,864728,medsl,1
2008,MI,Wayne,0,890326,0,0,660085,219582,890326,medsl,1
2012,MI,Wayne,0,815825,0,0,595846,213814,815825,medsl,1
2016,MI,Wayne,0,777838,0,0,519444,228993,777838,medsl,1
2020,MI,Wayne,0,872469,0,0,597170,264553,872469,medsl,1
2024,MI,Wayne,0,856690,0,0,537032,288860,856690,medsl,1
2004,MI,Wayne County,0,874861,0,0,600047,257750,874861,manual,1
2008,MI,Wayne County,0,894239,0,0,660085,219085,894239,manual,1
2012,MI,Wayne County,1382820,822575,0,0,595846,213814,822575,manual,1
2016,MI,Wayne County,1355794,802195,198169,550268,519444,228993,802195,manual,1
2020,MI,Wayne County,1406355,878102,563613,310405,597170,264553,878102,manual,1
2024,MI,Wayne County,1464653,864767,520138,339188,537032,288860,864767,manual,1
2004,MI,Wexford,0,15160,0,0,6034,8966,15160,medsl,0
2008,MI,Wexford,0,15704,0,0,7379,8044,15704,medsl,0
2012,MI,Wexford,0,14853,0,0,6184,8450,14853,medsl,0
2016,MI,Wexford,0,15298,0,0,4436,10000,15298,medsl,0
2020,MI,Wexford,0,18265,0,0,5838,12102,18265,medsl,0
2024,MI,Wexford,0,19476,0,0,6224,12968,19476,medsl,0
2004,MN,Aitkin,0,9452,0,0,4539,4768,9452,medsl,1
2008,MN,Aitkin,0,9410,0,0,4595,4589,9410,medsl,1
2012,MN,Aitkin,0,9142,0,0,4412,4533,9142,medsl,1
2016,MN,Aitkin,0,9231,0,0,3134,5516,9231,medsl,1
2020,MN,Aitkin,0,10025,0,0,3607,6258,10025,medsl,1
2024,MN,Aitkin,0,10446,0,0,3524,6741,10446,medsl,1
2004,MN,Anoka,0,174066,0,0,80226,91853,174066,medsl,1
2008,MN,Anoka,0,182224,0,0,86976,91357,182224,medsl,1
2012,MN,Anoka,0,186465,0,0,88614,93430,186465,medsl,1
2016,MN,Anoka,0,185758,0,0,75500,93339,185758,medsl,1
2020,MN,Anoka,0,211132,0,0,100893,104902,211132,medsl,1
2024,MN,Anoka,0,210481,0,0,97667,106974,210481,medsl,1
2004,MN,Becker,0,16801,0,0,6756,9795,16801,medsl,1
2008,MN,Becker,0,16965,0,0,7687,8851,16965,medsl,1
2012,MN,Becker,0,16382,0,0,6829,9204,16382,medsl,1
2016,MN,Becker,0,17222,0,0,5208,10880,17222,medsl,1
2020,MN,Becker,0,19401,0,0,6589,12438,19401,medsl,1
2024,MN,Becker,0,19739,0,0,6435,12961,19739,medsl,1
2004,MN,Beltrami,0,21131,0,0,10592,10237,21131,medsl,0
2008,MN,Beltrami,0,22236,0,0,12019,9762,22236,medsl,0
2012,MN,Beltrami,0,22051,0,0,11818,9637,22051,medsl,0
2016,MN,Beltrami,0,21564,0,0,8688,10783,21564,medsl,0
2020,MN,Beltrami,0,24189,0,0,11426,12188,24189,medsl,0
2024,MN,Beltrami,0,24874,0,0,11493,12898,24874,medsl,0
2004,MN,Benton,0,18384,0,0,8059,10043,18384,medsl,1
2008,MN,Benton,0,19339,0,0,8454,10338,19339,medsl,1
2012,MN,Benton,0,19619,0,0,8173,10849,19619,medsl,1
2016,MN,Benton,0,20058,0,0,5640,12872,20058,medsl,1
2020,MN,Benton,0,22260,0,0,7280,14382,22260,medsl,1
2024,MN,Benton,0,22824,0,0,7084,15260,22824,medsl,1
2004,MN,Big Stone,0,3067,0,0,1536,1483,3067,medsl,1
2008,MN,Big Stone,0,2990,0,0,1552,1362,2990,medsl,1
2012,MN,Big Stone,0,2789,0,0,1345,1385,2789,medsl,1
2016,MN,Big Stone,0,2755,0,0,921,1608,2755,medsl,1
2020,MN,Big Stone,0,2974,0,0,1053,1863,2974,medsl,1
2024,MN,Big Stone,0,2824,0,0,964,1796,2824,medsl,1
2004,MN,Blue Earth,0,33119,0,0,16865,15737,33119,medsl,1
2008,MN,Blue Earth,0,35070,0,0,19325,14782,35070,medsl,1
2012,MN,Blue Earth,0,34274,0,0,18164,14916,34274,medsl,1
2016,MN,Blue Earth,0,33593,0,0,14428,15667,33593,medsl,1
2020,MN,Blue Earth,0,36051,0,0,18330,16731,36051,medsl,1
2024,MN,Blue Earth,0,36442,0,0,17558,18001,36442,medsl,1
2004,MN,Brown,0,13778,0,0,5158,8395,13778,medsl,1
2008,MN,Brown,0,13620,0,0,5809,7456,13620,medsl,1
2012,MN,Brown,0,13929,0,0,5630,7938,13929,medsl,1
2016,MN,Brown,0,13779,0,0,3763,8708,13779,medsl,1
2020,MN,Brown,0,14635,0,0,4753,9552,14635,medsl,1
2024,MN,Brown,0,14598,0,0,4576,9692,14598,medsl,1
2004,MN,Carlton,0,18334,0,0,11462,6642,18334,medsl,1
2008,MN,Carlton,0,18449,0,0,11501,6549,18449,medsl,1
2012,MN,Carlton,0,18436,0,0,11389,6586,18436,medsl,1
2016,MN,Carlton,0,18211,0,0,8460,8160,18211,medsl,1
2020,MN,Carlton,0,20369,0,0,10098,9791,20369,medsl,1
2024,MN,Carlton,0,20815,0,0,9905,10435,20815,medsl,1
2004,MN,Carver,0,45411,0,0,16456,28510,45411,medsl,0
2008,MN,Carver,0,49683,0,0,20654,28156,49683,medsl,0
2012,MN,Carver,0,52899,0,0,20745,31155,52899,medsl,0
2016,MN,Carver,0,55696,0,0,21508,29056,55696,medsl,0
2020,MN,Carver,0,66361,0,0,30774,34009,66361,medsl,0
2024,MN,Carver,0,69160,0,0,31869,35586,69160,medsl,0
2004,MN,Cass,0,15910,0,0,6835,8875,15910,medsl,1
2008,MN,Cass,0,16307,0,0,7276,8660,16307,medsl,1
2012,MN,Cass,0,16141,0,0,6858,8957,16141,medsl,1
2016,MN,Cass,0,15999,0,0,4949,9982,15999,medsl,1
2020,MN,Cass,0,18289,0,0,6342,11620,18289,medsl,1
2024,MN,Cass,0,19363,0,0,6300,12759,19363,medsl,1
2004,MN,Chippewa,0,6606,0,0,3424,3089,6606,medsl,1
2008,MN,Chippewa,0,6356,0,0,3280,2907,6356,medsl,1
2012,MN,Chippewa,0,6201,0,0,3083,2967,6201,medsl,1
2016,MN,Chippewa,0,6222,0,0,1978,3764,6222,medsl,1
2020,MN,Chippewa,0,6611,0,0,2226,4250,6611,medsl,1
2024,MN,Chippewa,0,6318,0,0,2026,4175,6318,medsl,1
2004,MN,Chisago,0,28260,0,0,12219,15705,28260,medsl,0
2008,MN,Chisago,0,29305,0,0,12783,15789,29305,medsl,0
2012,MN,Chisago,0,29441,0,0,12524,16227,29441,medsl,0
2016,MN,Chisago,0,30228,0,0,9278,18441,30228,medsl,0
2020,MN,Chisago,0,34570,0,0,11806,21916,34570,medsl,0
2024,MN,Chisago,0,35601,0,0,11894,23047,35601,medsl,0
2004,MN,Clay,0,27737,0,0,12989,14365,27737,medsl,1
2008,MN,Clay,0,29259,0,0,16666,11978,29259,medsl,1
2012,MN,Clay,0,28886,0,0,15208,12920,28886,medsl,1
2016,MN,Clay,0,29398,0,0,12971,13543,29398,medsl,1
2020,MN,Clay,0,32239,0,0,16357,15043,32239,medsl,1
2024,MN,Clay,0,32874,0,0,16121,15965,32874,medsl,1
2004,MN,Clearwater,0,4361,0,0,1871,2438,4361,medsl,1
2008,MN,Clearwater,0,4261,0,0,1877,2291,4261,medsl,1
2012,MN,Clearwater,0,4197,0,0,1753,2359,4197,medsl,1
2016,MN,Clearwater,0,4245,0,0,1100,2925,4245,medsl,1
2020,MN,Clearwater,0,4708,0,0,1260,3372,4708,medsl,1
2024,MN,Clearwater,0,4814,0,0,1169,3575,4814,medsl,1
2004,MN,Cook,0,3303,0,0,1733,1489,3303,medsl,1
2008,MN,Cook,0,3348,0,0,2019,1240,3348,medsl,1
2012,MN,Cook,0,3322,0,0,1993,1221,3322,medsl,1
2016,MN,Cook,0,3395,0,0,1912,1156,3395,medsl,1
2020,MN,Cook,0,3806,0,0,2496,1203,3806,medsl,1
2024,MN,Cook,0,3660,0,0,2416,1142,3660,medsl,1
2004,MN,Cottonwood,0,6369,0,0,2726,3557,6369,medsl,1
2008,MN,Cottonwood,0,6036,0,0,2759,3157,6036,medsl,1
2012,MN,Cottonwood,0,5862,0,0,2433,3316,5862,medsl,1
2016,MN,Cottonwood,0,5721,0,0,1678,3679,5721,medsl,1
2020,MN,Cottonwood,0,6107,0,0,1834,4165,6107,medsl,1
2024,MN,Cottonwood,0,5988,0,0,1705,4157,5988,medsl,1
2004,MN,Crow Wing,0,33545,0,0,14005,19106,33545,medsl,0
2008,MN,Crow Wing,0,35165,0,0,15859,18567,35165,medsl,0
2012,MN,Crow Wing,0,34920,0,0,14760,19415,34920,medsl,0
2016,MN,Crow Wing,0,35842,0,0,10982,22287,35842,medsl,0
2020,MN,Crow Wing,0,40173,0,0,13726,25676,40173,medsl,0
2024,MN,Crow Wing,0,42366,0,0,14173,27423,42366,medsl,0
2004,MN,Dakota,0,215846,0,0,104635,108959,215846,medsl,1
2008,MN,Dakota,0,225472,0,0,116778,104364,225472,medsl,1
2012,MN,Dakota,0,230821,0,0,116255,109516,230821,medsl,1
2016,MN,Dakota,0,231440,0,0,110483,99583,231440,medsl,1
2020,MN,Dakota,0,262259,0,0,146155,109638,262259,medsl,1
2024,MN,Dakota,0,259805,0,0,143267,109995,259805,medsl,1
2004,MN,Dodge,0,9868,0,0,4117,5593,9868,medsl,0
2008,MN,Dodge,0,10213,0,0,4463,5468,10213,medsl,0
2012,MN,Dodge,0,10327,0,0,4487,5522,10327,medsl,0
2016,MN,Dodge,0,10654,0,0,3102,6527,10654,medsl,0
2020,MN,Dodge,0,12187,0,0,4079,7783,12187,medsl,0
2024,MN,Dodge,0,12484,0,0,4108,8095,12484,medsl,0
2004,MN,Douglas,0,20309,0,0,8219,11793,20309,medsl,0
2008,MN,Douglas,0,20918,0,0,9256,11241,20918,medsl,0
2012,MN,Douglas,0,20953,0,0,8653,11884,20953,medsl,0
2016,MN,Douglas,0,21785,0,0,6227,13966,21785,medsl,0
2020,MN,Douglas,0,24165,0,0,7868,15799,24165,medsl,0
2024,MN,Douglas,0,25106,0,0,7938,16726,25106,medsl,0
2004,MN,Faribault,0,8681,0,0,3767,4794,8681,medsl,1
2008,MN,Faribault,0,8152,0,0,3736,4196,8152,medsl,1
2012,MN,Faribault,0,7713,0,0,3407,4104,7713,medsl,1
2016,MN,Faribault,0,7412,0,0,2153,4659,7412,medsl,1
2020,MN,Faribault,0,7914,0,0,2531,5191,7914,medsl,1
2024,MN,Faribault,0,7761,0,0,2352,5247,7761,medsl,1
2004,MN,Fillmore,0,11698,0,0,5825,5694,11698,medsl,1
2008,MN,Fillmore,0,11234,0,0,5921,4993,11234,medsl,1
2012,MN,Fillmore,0,10892,0,0,5713,4913,10892,medsl,1
2016,MN,Fillmore,0,11055,0,0,3872,6271,11055,medsl,1
2020,MN,Fillmore,0,12141,0,0,4551,7301,12141,medsl,1
2024,MN,Fillmore,0,12385,0,0,4491,7638,12385,medsl,1
2004,MN,Freeborn,0,17666,0,0,9733,7681,17666,medsl,1
2008,MN,Freeborn,0,17280,0,0,9915,6955,17280,medsl,1
2012,MN,Freeborn,0,16706,0,0,9326,6969,16706,medsl,1
2016,MN,Freeborn,0,16051,0,0,6041,8808,16051,medsl,1
2020,MN,Freeborn,0,16818,0,0,6889,9578,16818,medsl,1
2024,MN,Freeborn,0,16704,0,0,6448,10003,16704,medsl,1
2004,MN,Goodhue,0,25608,0,0,12103,13134,25608,medsl,1
2008,MN,Goodhue,0,25795,0,0,12420,12775,25795,medsl,1
2012,MN,Goodhue,0,25801,0,0,12212,12986,25801,medsl,1
2016,MN,Goodhue,0,25717,0,0,9446,14041,25717,medsl,1
2020,MN,Goodhue,0,28636,0,0,11806,16052,28636,medsl,1
2024,MN,Goodhue,0,28817,0,0,11731,16461,28817,medsl,1
2004,MN,Grant,0,3819,0,0,1856,1893,3819,medsl,1
2008,MN,Grant,0,3605,0,0,1850,1646,3605,medsl,1
2012,MN,Grant,0,3487,0,0,1647,1748,3487,medsl,1
2016,MN,Grant,0,3473,0,0,1105,2063,3473,medsl,1
2020,MN,Grant,0,3654,0,0,1300,2269,3654,medsl,1
2024,MN,Grant,0,3543,0,0,1187,2266,3543,medsl,1
2004,MN,Hennepin,0,646984,0,0,383842,255135,646984,medsl,1
2008,MN,Hennepin,0,663780,0,0,420958,231054,663780,medsl,1
2012,MN,Hennepin,0,680065,0,0,423982,240073,680065,medsl,1
2016,MN,Hennepin,0,679977,0,0,429288,191770,679977,medsl,1
2020,MN,Hennepin,0,755969,0,0,532623,205973,755969,medsl,1
2024,MN,Hennepin,0,720173,0,0,502710,197244,720173,medsl,1
2004,MN,Houston,0,11082,0,0,5276,5631,11082,medsl,1
2008,MN,Houston,0,10883,0,0,5906,4743,10883,medsl,1
2012,MN,Houston,0,10446,0,0,5281,4951,10446,medsl,1
2016,MN,Houston,0,10604,0,0,4145,5616,10604,medsl,1
2020,MN,Houston,0,11440,0,0,4853,6334,11440,medsl,1
2024,MN,Houston,0,11428,0,0,4667,6547,11428,medsl,1
2004,MN,Hubbard,0,11340,0,0,4741,6444,11340,medsl,0
2008,MN,Hubbard,0,11638,0,0,4872,6558,11638,medsl,0
2012,MN,Hubbard,0,11520,0,0,4676,6622,11520,medsl,0
2016,MN,Hubbard,0,11505,0,0,3423,7261,11505,medsl,0
2020,MN,Hubbard,0,12965,0,0,4462,8202,12965,medsl,0
2024,MN,Hubbard,0,13617,0,0,4536,8809,13617,medsl,0
2004,MN,Isanti,0,19313,0,0,7883,11190,19313,medsl,0
2008,MN,Isanti,0,20053,0,0,8248,11324,20053,medsl,0
2012,MN,Isanti,0,20217,0,0,8024,11675,20217,medsl,0
2016,MN,Isanti,0,21016,0,0,5657,13635,21016,medsl,0
2020,MN,Isanti,0,24235,0,0,7138,16491,24235,medsl,0
2024,MN,Isanti,0,25918,0,0,7384,18027,25918,medsl,0
2004,MN,Itasca,0,24367,0,0,13290,10705,24367,medsl,1
2008,MN,Itasca,0,24395,0,0,13460,10309,24395,medsl,1
2012,MN,Itasca,0,23919,0,0,12852,10501,23919,medsl,1
2016,MN,Itasca,0,23880,0,0,9015,12920,23880,medsl,1
2020,MN,Itasca,0,26561,0,0,10786,15239,26561,medsl,1
2024,MN,Itasca,0,26840,0,0,10467,15863,26840,medsl,1
2004,MN,Jackson,0,5779,0,0,2652,3024,5779,medsl,1
2008,MN,Jackson,0,5623,0,0,2618,2858,5623,medsl,1
2012,MN,Jackson,0,5430,0,0,2268,3044,5430,medsl,1
2016,MN,Jackson,0,5484,0,0,1492,3609,5484,medsl,1
2020,MN,Jackson,0,5819,0,0,1745,3948,5819,medsl,1
2024,MN,Jackson,0,5644,0,0,1581,3949,5644,medsl,1
2004,MN,Kanabec,0,8248,0,0,3592,4527,8248,medsl,1
2008,MN,Kanabec,0,8499,0,0,3743,4479,8499,medsl,1
2012,MN,Kanabec,0,8150,0,0,3593,4328,8150,medsl,1
2016,MN,Kanabec,0,8177,0,0,2327,5230,8177,medsl,1
2020,MN,Kanabec,0,9242,0,0,2774,6278,9242,medsl,1
2024,MN,Kanabec,0,9703,0,0,2718,6818,9703,medsl,1
2004,MN,Kandiyohi,0,21349,0,0,9337,11704,21349,medsl,1
2008,MN,Kandiyohi,0,21895,0,0,10125,11319,21895,medsl,1
2012,MN,Kandiyohi,0,21465,0,0,9805,11240,21465,medsl,1
2016,MN,Kandiyohi,0,21772,0,0,7266,12785,21772,medsl,1
2020,MN,Kandiyohi,0,23367,0,0,8440,14437,23367,medsl,1
2024,MN,Kandiyohi,0,23283,0,0,7814,15014,23283,medsl,1
2004,MN,Kittson,0,2682,0,0,1333,1307,2682,medsl,1
2008,MN,Kittson,0,2568,0,0,1492,1016,2568,medsl,1
2012,MN,Kittson,0,2420,0,0,1241,1095,2420,medsl,1
2016,MN,Kittson,0,2385,0,0,823,1349,2385,medsl,1
2020,MN,Kittson,0,2639,0,0,1006,1546,2639,medsl,1
2024,MN,Kittson,0,2500,0,0,911,1535,2500,medsl,1
2004,MN,Koochiching,0,7309,0,0,3662,3539,7309,medsl,1
2008,MN,Koochiching,0,6802,0,0,3649,2962,6802,medsl,1
2012,MN,Koochiching,0,6458,0,0,3451,2841,6458,medsl,1
2016,MN,Koochiching,0,6363,0,0,2306,3569,6363,medsl,1
2020,MN,Koochiching,0,6922,0,0,2659,4131,6922,medsl,1
2024,MN,Koochiching,0,6789,0,0,2465,4204,6789,medsl,1
2004,MN,Lac Qui Parle,0,4541,0,0,2390,2093,4541,medsl,1
2008,MN,Lac Qui Parle,0,4192,0,0,2160,1912,4192,medsl,1
2012,MN,Lac Qui Parle,0,3984,0,0,1974,1938,3984,medsl,1
2016,MN,Lac Qui Parle,0,3860,0,0,1305,2293,3860,medsl,1
2020,MN,Lac Qui Parle,0,4040,0,0,1446,2528,4040,medsl,1
2024,MN,Lac Qui Parle,0,3996,0,0,1314,2600,3996,medsl,1
2004,MN,Lake,0,7071,0,0,4212,2769,7071,medsl,1
2008,MN,Lake,0,6969,0,0,4174,2636,6969,medsl,1
2012,MN,Lake,0,6820,0,0,4043,2610,6820,medsl,1
2016,MN,Lake,0,6521,0,0,3077,2932,6521,medsl,1
2020,MN,Lake,0,7202,0,0,3647,3393,7202,medsl,1
2024,MN,Lake,0,6954,0,0,3534,3265,6954,medsl,1
2004,MN,Lake Of The Woods,0,2400,0,0,921,1428,2400,medsl,1
2008,MN,Lake Of The Woods,0,2313,0,0,971,1278,2313,medsl,1
2012,MN,Lake Of The Woods,0,2234,0,0,859,1306,2234,medsl,1
2016,MN,Lake Of The Woods,0,2242,0,0,553,1540,2242,medsl,1
2020,MN,Lake Of The Woods,0,2408,0,0,671,1704,2408,medsl,1
2024,MN,Lake Of The Woods,0,2347,0,0,604,1710,2347,medsl,1
2004,MN,Le Sueur,0,14424,0,0,6466,7746,14424,medsl,1
2008,MN,Le Sueur,0,15009,0,0,6994,7636,15009,medsl,1
2012,MN,Le Sueur,0,14795,0,0,6753,7715,14795,medsl,1
2016,MN,Le Sueur,0,14971,0,0,4623,9182,14971,medsl,1
2020,MN,Le Sueur,0,16818,0,0,5672,10775,16818,medsl,1
2024,MN,Le Sueur,0,17469,0,0,5636,11503,17469,medsl,1
2004,MN,Lincoln,0,3342,0,0,1558,1736,3342,medsl,0
2008,MN,Lincoln,0,3126,0,0,1517,1491,3126,medsl,0
2012,MN,Lincoln,0,3120,0,0,1429,1595,3120,medsl,0
2016,MN,Lincoln,0,3019,0,0,860,1931,3019,medsl,0
2020,MN,Lincoln,0,3115,0,0,937,2121,3115,medsl,0
2024,MN,Lincoln,0,3235,0,0,972,2190,3235,medsl,0
2004,MN,Lyon,0,12673,0,0,5292,7203,12673,medsl,1
2008,MN,Lyon,0,12708,0,0,6110,6315,12708,medsl,1
2012,MN,Lyon,0,12388,0,0,5465,6594,12388,medsl,1
2016,MN,Lyon,0,12215,0,0,3825,7256,12215,medsl,1
2020,MN,Lyon,0,12893,0,0,4634,7979,12893,medsl,1
2024,MN,Lyon,0,12990,0,0,4284,8400,12990,medsl,1
2004,MN,Mahnomen,0,2508,0,0,1339,1132,2508,medsl,1
2008,MN,Mahnomen,0,2343,0,0,1436,843,2343,medsl,1
2012,MN,Mahnomen,0,2182,0,0,1276,871,2182,medsl,1
2016,MN,Mahnomen,0,2088,0,0,930,991,2088,medsl,1
2020,MN,Mahnomen,0,2304,0,0,1112,1142,2304,medsl,1
2024,MN,Mahnomen,0,2183,0,0,975,1165,2183,medsl,1
2004,MN,Marshall,0,5562,0,0,2308,3187,5562,medsl,1
2008,MN,Marshall,0,4739,0,0,2311,2285,4739,medsl,1
2012,MN,Marshall,0,4698,0,0,1998,2569,4698,medsl,1
2016,MN,Marshall,0,4817,0,0,1225,3208,4817,medsl,1
2020,MN,Marshall,0,5113,0,0,1295,3721,5113,medsl,1
2024,MN,Marshall,0,5031,0,0,1177,3774,5031,medsl,1
2004,MN,Martin,0,11047,0,0,4590,6311,11047,medsl,1
2008,MN,Martin,0,10754,0,0,4413,6053,10754,medsl,1
2012,MN,Martin,0,10968,0,0,4054,6657,10968,medsl,1
2016,MN,Martin,0,10531,0,0,2733,7062,10531,medsl,1
2020,MN,Martin,0,11009,0,0,3305,7480,11009,medsl,1
2024,MN,Martin,0,10796,0,0,3171,7442,10796,medsl,1
2004,MN,Mcleod,0,18412,0,0,6712,11407,18412,medsl,1
2008,MN,Mcleod,0,19029,0,0,7505,10993,19029,medsl,1
2012,MN,Mcleod,0,18553,0,0,6968,11069,18553,medsl,1
2016,MN,Mcleod,0,18807,0,0,4978,12155,18807,medsl,1
2020,MN,Mcleod,0,20933,0,0,6413,13986,20933,medsl,1
2024,MN,Mcleod,0,21199,0,0,6374,14394,21199,medsl,1
2004,MN,Meeker,0,12334,0,0,5292,6854,12334,medsl,1
2008,MN,Meeker,0,12545,0,0,5380,6737,12545,medsl,1
2012,MN,Meeker,0,12214,0,0,4969,6913,12214,medsl,1
2016,MN,Meeker,0,12282,0,0,3191,8104,12282,medsl,1
2020,MN,Meeker,0,13529,0,0,3867,9359,13529,medsl,1
2024,MN,Meeker,0,13694,0,0,3802,9645,13694,medsl,1
2004,MN,Mille Lacs,0,13065,0,0,5677,7194,13065,medsl,1
2008,MN,Mille Lacs,0,13544,0,0,6072,7049,13544,medsl,1
2012,MN,Mille Lacs,0,13091,0,0,5829,6951,13091,medsl,1
2016,MN,Mille Lacs,0,13017,0,0,3710,8340,13017,medsl,1
2020,MN,Mille Lacs,0,14689,0,0,4404,9952,14689,medsl,1
2024,MN,Mille Lacs,0,15190,0,0,4374,10570,15190,medsl,1
2004,MN,Morrison,0,16758,0,0,6794,9698,16758,medsl,1
2008,MN,Morrison,0,16743,0,0,6547,9735,16743,medsl,1
2012,MN,Morrison,0,16714,0,0,6153,10159,16714,medsl,1
2016,MN,Morrison,0,17614,0,0,3637,12925,17614,medsl,1
2020,MN,Morrison,0,19558,0,0,4367,14821,19558,medsl,1
2024,MN,Morrison,0,20313,0,0,4306,15666,20313,medsl,1
2004,MN,Mower,0,20222,0,0,12334,7591,20222,medsl,1
2008,MN,Mower,0,19187,0,0,11605,7075,19187,medsl,1
2012,MN,Mower,0,18539,0,0,11129,6938,18539,medsl,1
2016,MN,Mower,0,17715,0,0,7437,8823,17715,medsl,1
2020,MN,Mower,0,19345,0,0,8899,10025,19345,medsl,1
2024,MN,Mower,0,18969,0,0,8312,10297,18969,medsl,1
2004,MN,Murray,0,4998,0,0,2218,2719,4998,medsl,1
2008,MN,Murray,0,4813,0,0,2345,2320,4813,medsl,1
2012,MN,Murray,0,4767,0,0,2160,2504,4767,medsl,1
2016,MN,Murray,0,4668,0,0,1295,2974,4668,medsl,1
2020,MN,Murray,0,4896,0,0,1449,3363,4896,medsl,1
2024,MN,Murray,0,4769,0,0,1329,3346,4769,medsl,1
2004,MN,Nicollet,0,17741,0,0,8797,8689,17741,medsl,1
2008,MN,Nicollet,0,18245,0,0,9887,7968,18245,medsl,1
2012,MN,Nicollet,0,18357,0,0,9652,8214,18357,medsl,1
2016,MN,Nicollet,0,18097,0,0,7886,8437,18097,medsl,1
2020,MN,Nicollet,0,19125,0,0,9622,9018,19125,medsl,1
2024,MN,Nicollet,0,19417,0,0,9441,9540,19417,medsl,1
2004,MN,Nobles,0,9204,0,0,3898,5159,9204,medsl,1
2008,MN,Nobles,0,8813,0,0,4244,4368,8813,medsl,1
2012,MN,Nobles,0,8520,0,0,3793,4581,8520,medsl,1
2016,MN,Nobles,0,8632,0,0,2733,5299,8632,medsl,1
2020,MN,Nobles,0,8715,0,0,2933,5600,8715,medsl,1
2024,MN,Nobles,0,8275,0,0,2599,5541,8275,medsl,1
2004,MN,Norman,0,3810,0,0,1954,1794,3810,medsl,1
2008,MN,Norman,0,3434,0,0,2129,1204,3434,medsl,1
2012,MN,Norman,0,3207,0,0,1730,1384,3207,medsl,1
2016,MN,Norman,0,3261,0,0,1264,1699,3261,medsl,1
2020,MN,Norman,0,3441,0,0,1404,1953,3441,medsl,1
2024,MN,Norman,0,3294,0,0,1233,1963,3294,medsl,1
2004,MN,Olmsted,0,71576,0,0,33285,37371,71576,medsl,1
2008,MN,Olmsted,0,76470,0,0,38711,36202,76470,medsl,1
2012,MN,Olmsted,0,78316,0,0,39338,36832,78316,medsl,1
2016,MN,Olmsted,0,80129,0,0,36268,35668,80129,medsl,1
2020,MN,Olmsted,0,91385,0,0,49491,39692,91385,medsl,1
2024,MN,Olmsted,0,90924,0,0,49121,39467,90924,medsl,1
2004,MN,Otter Tail,0,32178,0,0,12038,19734,32178,medsl,1
2008,MN,Otter Tail,0,32687,0,0,13856,18077,32687,medsl,1
2012,MN,Otter Tail,0,31670,0,0,12165,18860,31670,medsl,1
2016,MN,Otter Tail,0,32500,0,0,9340,20939,32500,medsl,1
2020,MN,Otter Tail,0,36399,0,0,11958,23800,36399,medsl,1
2024,MN,Otter Tail,0,36736,0,0,11752,24276,36736,medsl,1
2004,MN,Pennington,0,7017,0,0,3117,3767,7017,medsl,1
2008,MN,Pennington,0,6822,0,0,3394,3248,6822,medsl,1
2012,MN,Pennington,0,6517,0,0,3024,3305,6517,medsl,1
2016,MN,Pennington,0,6715,0,0,2147,4000,6715,medsl,1
2020,MN,Pennington,0,7277,0,0,2568,4532,7277,medsl,1
2024,MN,Pennington,0,7381,0,0,2439,4756,7381,medsl,1
2004,MN,Pine,0,14518,0,0,7228,7033,14518,medsl,1
2008,MN,Pine,0,14383,0,0,7084,6862,14383,medsl,1
2012,MN,Pine,0,13965,0,0,6750,6845,13965,medsl,1
2016,MN,Pine,0,13811,0,0,4580,8191,13811,medsl,1
2020,MN,Pine,0,16001,0,0,5419,10256,16001,medsl,1
2024,MN,Pine,0,16911,0,0,5339,11274,16911,medsl,1
2004,MN,Pipestone,0,5032,0,0,1900,3066,5032,medsl,1
2008,MN,Pipestone,0,4801,0,0,2023,2652,4801,medsl,1
2012,MN,Pipestone,0,4646,0,0,1725,2826,4646,medsl,1
2016,MN,Pipestone,0,4808,0,0,1127,3338,4808,medsl,1
2020,MN,Pipestone,0,4940,0,0,1306,3553,4940,medsl,1
2024,MN,Pipestone,0,4837,0,0,1215,3537,4837,medsl,1
2004,MN,Polk,0,15668,0,0,6729,8724,15668,medsl,1
2008,MN,Polk,0,15334,0,0,7850,7148,15334,medsl,1
2012,MN,Polk,0,14693,0,0,6773,7615,14693,medsl,1
2016,MN,Polk,0,14796,0,0,4712,8979,14796,medsl,1
2020,MN,Polk,0,15594,0,0,5439,9865,15594,medsl,1
2024,MN,Polk,0,15419,0,0,4967,10162,15419,medsl,1
2004,MN,Pope,0,6700,0,0,3301,3303,6700,medsl,1
2008,MN,Pope,0,6536,0,0,3317,3069,6536,medsl,1
2012,MN,Pope,0,6246,0,0,2981,3142,6246,medsl,1
2016,MN,Pope,0,6319,0,0,2106,3793,6319,medsl,1
2020,MN,Pope,0,7022,0,0,2477,4417,7022,medsl,1
2024,MN,Pope,0,7218,0,0,2398,4677,7218,medsl,1
2004,MN,Ramsey,0,272577,0,0,171846,97096,272577,medsl,1
2008,MN,Ramsey,0,277386,0,0,182974,88942,277386,medsl,1
2012,MN,Ramsey,0,278822,0,0,184938,86800,278822,medsl,1
2016,MN,Ramsey,0,273143,0,0,177738,70894,273143,medsl,1
2020,MN,Ramsey,0,295977,0,0,211620,77376,295977,medsl,1
2024,MN,Ramsey,0,278025,0,0,195168,75284,278025,medsl,1
2004,MN,Red Lake,0,2176,0,0,963,1164,2176,medsl,1
2008,MN,Red Lake,0,2191,0,0,1120,983,2191,medsl,1
2012,MN,Red Lake,0,1975,0,0,928,978,1975,medsl,1
2016,MN,Red Lake,0,1881,0,0,540,1141,1881,medsl,1
2020,MN,Red Lake,0,2196,0,0,691,1454,2196,medsl,1
2024,MN,Red Lake,0,2116,0,0,642,1425,2116,medsl,1
2004,MN,Redwood,0,8139,0,0,3104,4898,8139,medsl,1
2008,MN,Redwood,0,7806,0,0,3250,4308,7806,medsl,1
2012,MN,Redwood,0,7790,0,0,3008,4570,7790,medsl,1
2016,MN,Redwood,0,7611,0,0,1887,5137,7611,medsl,1
2020,MN,Redwood,0,8284,0,0,2355,5771,8284,medsl,1
2024,MN,Redwood,0,8326,0,0,2300,5895,8326,medsl,1
2004,MN,Renville,0,8349,0,0,3787,4430,8349,medsl,1
2008,MN,Renville,0,8135,0,0,3904,3956,8135,medsl,1
2012,MN,Renville,0,7710,0,0,3394,4149,7710,medsl,1
2016,MN,Renville,0,7606,0,0,2117,4890,7606,medsl,1
2020,MN,Renville,0,8128,0,0,2496,5467,8128,medsl,1
2024,MN,Renville,0,8058,0,0,2280,5610,8058,medsl,1
2004,MN,Rice,0,30745,0,0,16425,13881,30745,medsl,1
2008,MN,Rice,0,31799,0,0,17381,13723,31799,medsl,1
2012,MN,Rice,0,32267,0,0,17054,14384,32267,medsl,1
2016,MN,Rice,0,32443,0,0,14437,15429,32443,medsl,1
2020,MN,Rice,0,35686,0,0,17402,17464,35686,medsl,1
2024,MN,Rice,0,36412,0,0,17353,18264,36412,medsl,1
2004,MN,Rock,0,5191,0,0,2000,3111,5191,medsl,0
2008,MN,Rock,0,4975,0,0,2079,2775,4975,medsl,0
2012,MN,Rock,0,4846,0,0,1946,2810,4846,medsl,0
2016,MN,Rock,0,4839,0,0,1373,3091,4839,medsl,0
2020,MN,Rock,0,5240,0,0,1556,3583,5240,medsl,0
2024,MN,Rock,0,5373,0,0,1585,3690,5373,medsl,0
2004,MN,Roseau,0,7911,0,0,2442,5355,7911,medsl,1
2008,MN,Roseau,0,7700,0,0,3097,4438,7700,medsl,1
2012,MN,Roseau,0,7352,0,0,2772,4409,7352,medsl,1
2016,MN,Roseau,0,7804,0,0,1856,5451,7804,medsl,1
2020,MN,Roseau,0,8421,0,0,2188,6065,8421,medsl,1
2024,MN,Roseau,0,8499,0,0,2093,6279,8499,medsl,1
2004,MN,Saint Louis,0,119041,0,0,77694,39866,119041,medsl,0
2008,MN,Saint Louis,0,118814,0,0,77351,38742,118814,medsl,0
2012,MN,Saint Louis,0,115594,0,0,73378,39131,115594,medsl,0
2016,MN,Saint Louis,0,112422,0,0,57771,44630,112422,medsl,0
2020,MN,Saint Louis,0,119531,0,0,67704,49017,119531,medsl,0
2004,MN,Scott,0,60639,0,0,23958,36055,60639,medsl,0
2008,MN,Scott,0,67132,0,0,29208,36724,67132,medsl,0
2012,MN,Scott,0,71647,0,0,29712,40323,71647,medsl,0
2016,MN,Scott,0,75029,0,0,28502,39948,75029,medsl,0
2020,MN,Scott,0,87965,0,0,40040,45872,87965,medsl,0
2024,MN,Scott,0,90141,0,0,40214,47837,90141,medsl,0
2004,MN,Sherburne,0,41454,0,0,15816,25182,41454,medsl,0
2008,MN,Sherburne,0,44990,0,0,17957,26140,44990,medsl,0
2012,MN,Sherburne,0,46509,0,0,17597,27848,46509,medsl,0
2016,MN,Sherburne,0,48283,0,0,13293,31053,48283,medsl,0
2020,MN,Sherburne,0,55612,0,0,18065,36222,55612,medsl,0
2024,MN,Sherburne,0,57960,0,0,18329,38491,57960,medsl,0
2004,MN,Sibley,0,7949,0,0,3109,4669,7949,medsl,1
2008,MN,Sibley,0,7729,0,0,2998,4492,7729,medsl,1
2012,MN,Sibley,0,7815,0,0,2916,4693,7815,medsl,1
2016,MN,Sibley,0,7774,0,0,1954,5193,7774,medsl,1
2020,MN,Sibley,0,8452,0,0,2417,5864,8452,medsl,1
2024,MN,Sibley,0,8537,0,0,2351,6014,8537,medsl,1
2024,MN,St Louis,0,119009,0,0,66335,50065,119009,medsl,0
2004,MN,Stearns,0,75577,0,0,32659,41726,75577,medsl,1
2008,MN,Stearns,0,78756,0,0,35690,41194,78756,medsl,1
2012,MN,Stearns,0,78477,0,0,33551,43015,78477,medsl,1
2016,MN,Stearns,0,79592,0,0,25576,47617,79592,medsl,1
2020,MN,Stearns,0,84835,0,0,31879,50959,84835,medsl,1
2024,MN,Stearns,0,86632,0,0,30829,53932,86632,medsl,1
2004,MN,Steele,0,18695,0,0,7994,10389,18695,medsl,1
2008,MN,Steele,0,19656,0,0,9016,10068,19656,medsl,1
2012,MN,Steele,0,19124,0,0,8706,9903,19124,medsl,1
2016,MN,Steele,0,19179,0,0,6241,11198,19179,medsl,1
2020,MN,Steele,0,21128,0,0,7917,12656,21128,medsl,1
2024,MN,Steele,0,20872,0,0,7650,12742,20872,medsl,1
2004,MN,Stevens,0,5949,0,0,2821,3030,5949,medsl,0
2008,MN,Stevens,0,5634,0,0,2781,2710,5634,medsl,0
2012,MN,Stevens,0,5652,0,0,2742,2766,5652,medsl,0
2016,MN,Stevens,0,5398,0,0,2116,2799,5398,medsl,0
2020,MN,Stevens,0,5085,0,0,1922,3044,5085,medsl,0
2024,MN,Stevens,0,5139,0,0,1827,3213,5139,medsl,0
2004,MN,Swift,0,5735,0,0,3165,2481,5735,medsl,1
2008,MN,Swift,0,5244,0,0,2907,2184,5244,medsl,1
2012,MN,Swift,0,5119,0,0,2751,2248,5119,medsl,1
2016,MN,Swift,0,4994,0,0,1686,2963,4994,medsl,1
2020,MN,Swift,0,5193,0,0,1784,3316,5193,medsl,1
2024,MN,Swift,0,5054,0,0,1618,3340,5054,medsl,1
2004,MN,Todd,0,12214,0,0,5034,6945,12214,medsl,1
2008,MN,Todd,0,12257,0,0,5277,6637,12257,medsl,1
2012,MN,Todd,0,11803,0,0,4819,6719,11803,medsl,1
2016,MN,Todd,0,11993,0,0,2783,8485,11993,medsl,1
2020,MN,Todd,0,13257,0,0,3286,9753,13257,medsl,1
2024,MN,Todd,0,13718,0,0,3072,10392,13718,medsl,1
2004,MN,Traverse,0,2141,0,0,1026,1076,2141,medsl,1
2008,MN,Traverse,0,2035,0,0,1043,933,2035,medsl,1
2012,MN,Traverse,0,1847,0,0,943,861,1847,medsl,1
2016,MN,Traverse,0,1798,0,0,630,1049,1798,medsl,1
2020,MN,Traverse,0,1864,0,0,661,1172,1864,medsl,1
2024,MN,Traverse,0,1802,0,0,597,1165,1802,medsl,1
2004,MN,Wabasha,0,11835,0,0,5548,6120,11835,medsl,0
2008,MN,Wabasha,0,11893,0,0,5646,5935,11893,medsl,0
2012,MN,Wabasha,0,11763,0,0,5415,6049,11763,medsl,0
2016,MN,Wabasha,0,11832,0,0,3866,6989,11832,medsl,0
2020,MN,Wabasha,0,13123,0,0,4696,8153,13123,medsl,0
2024,MN,Wabasha,0,13509,0,0,4721,8523,13509,medsl,0
2004,MN,Wadena,0,7093,0,0,2791,4214,7093,medsl,1
2008,MN,Wadena,0,7169,0,0,2882,4128,7169,medsl,1
2012,MN,Wadena,0,6791,0,0,2492,4143,6791,medsl,1
2016,MN,Wadena,0,6934,0,0,1684,4837,6934,medsl,1
2020,MN,Wadena,0,7677,0,0,2023,5520,7677,medsl,1
2024,MN,Wadena,0,8047,0,0,1898,6028,8047,medsl,1
2004,MN,Waseca,0,9800,0,0,4179,5457,9800,medsl,1
2008,MN,Waseca,0,9888,0,0,4401,5211,9888,medsl,1
2012,MN,Waseca,0,9747,0,0,4370,5116,9747,medsl,1
2016,MN,Waseca,0,9653,0,0,2838,5967,9653,medsl,1
2020,MN,Waseca,0,10389,0,0,3496,6624,10389,medsl,1
2024,MN,Waseca,0,10387,0,0,3402,6770,10387,medsl,1
2004,MN,Washington,0,128449,0,0,61395,65751,128449,medsl,0
2008,MN,Washington,0,137059,0,0,70277,64334,137059,medsl,0
2012,MN,Washington,0,142133,0,0,70203,69137,142133,medsl,0
2016,MN,Washington,0,144235,0,0,67086,64428,144235,medsl,0
2020,MN,Washington,0,166786,0,0,89165,73764,166786,medsl,0
2024,MN,Washington,0,169536,0,0,90324,75271,169536,medsl,0
2004,MN,Watonwan,0,5583,0,0,2514,2970,5583,medsl,1
2008,MN,Watonwan,0,5258,0,0,2562,2526,5258,medsl,1
2012,MN,Watonwan,0,5144,0,0,2494,2517,5144,medsl,1
2016,MN,Watonwan,0,4998,0,0,1814,2768,4998,medsl,1
2020,MN,Watonwan,0,5201,0,0,1987,3103,5201,medsl,1
2024,MN,Watonwan,0,4933,0,0,1723,3087,4933,medsl,1
2004,MN,Wilkin,0,3527,0,0,1169,2303,3527,medsl,1
2008,MN,Wilkin,0,3414,0,0,1550,1786,3414,medsl,1
2012,MN,Wilkin,0,3222,0,0,1258,1884,3222,medsl,1
2016,MN,Wilkin,0,3302,0,0,893,2129,3302,medsl,1
2020,MN,Wilkin,0,3430,0,0,1026,2328,3430,medsl,1
2024,MN,Wilkin,0,3353,0,0,986,2290,3353,medsl,1
2004,MN,Winona,0,27406,0,0,14231,12686,27406,medsl,1
2008,MN,Winona,0,27935,0,0,16308,10975,27935,medsl,1
2012,MN,Winona,0,27232,0,0,14980,11480,27232,medsl,1
2016,MN,Winona,0,26074,0,0,11366,12122,26074,medsl,1
2020,MN,Winona,0,27173,0,0,13333,13227,27173,medsl,1
2024,MN,Winona,0,27797,0,0,12929,14288,27797,medsl,1
2004,MN,Wright,0,59534,0,0,22618,36176,59534,medsl,0
2008,MN,Wright,0,65578,0,0,26343,37779,65578,medsl,0
2012,MN,Wright,0,67816,0,0,25741,40466,67816,medsl,0
2016,MN,Wright,0,69618,0,0,20334,43274,69618,medsl,0
2020,MN,Wright,0,82426,0,0,28430,51973,82426,medsl,0
2024,MN,Wright,0,90041,0,0,30883,57211,90041,medsl,0
2004,MN,Yellow Medicine,0,5758,0,0,2799,2878,5758,medsl,1
2008,MN,Yellow Medicine,0,5569,0,0,2816,2579,5569,medsl,1
2012,MN,Yellow Medicine,0,5414,0,0,2465,2806,5414,medsl,1
2016,MN,Yellow Medicine,0,5276,0,0,1524,3382,5276,medsl,1
2020,MN,Yellow Medicine,0,5528,0,0,1688,3734,5528,medsl,1
2024,MN,Yellow Medicine,0,5410,0,0,1548,3738,5410,medsl,1
2004,MO,Adair,0,11404,0,0,4938,6367,11404,medsl,1
2008,MO,Adair,0,11871,0,0,5735,5891,11871,medsl,1
2012,MO,Adair,0,10126,0,0,4219,5651,10126,medsl,1
2016,MO,Adair,0,10226,0,0,3500,6030,10226,medsl,1
2020,MO,Adair,0,10336,0,0,3710,6413,10336,medsl,1
2024,MO,Adair,0,10239,0,0,3334,6771,10239,medsl,1
2004,MO,Andrew,0,8266,0,0,3069,5135,8266,medsl,1
2008,MO,Andrew,0,8790,0,0,3345,5279,8790,medsl,1
2012,MO,Andrew,0,8306,0,0,2649,5457,8306,medsl,1
2016,MO,Andrew,0,9140,0,0,2045,6665,9140,medsl,1
2020,MO,Andrew,0,9752,0,0,2351,7255,9752,medsl,1
2024,MO,Andrew,0,9847,0,0,2312,7407,9847,medsl,1
2004,MO,Atchison,0,3156,0,0,1005,2137,3156,medsl,1
2008,MO,Atchison,0,2976,0,0,1000,1936,2976,medsl,1
2012,MO,Atchison,0,2709,0,0,756,1902,2709,medsl,1
2016,MO,Atchison,0,2724,0,0,541,2060,2724,medsl,1
2020,MO,Atchison,0,2814,0,0,564,2199,2814,medsl,1
2024,MO,Atchison,0,2713,0,0,529,2152,2713,medsl,1
2004,MO,Audrain,0,10683,0,0,4318,6294,10683,medsl,1
2008,MO,Audrain,0,10781,0,0,4434,6167,10781,medsl,1
2012,MO,Audrain,0,9952,0,0,3539,6186,9952,medsl,1
2016,MO,Audrain,0,10061,0,0,2570,6981,10061,medsl,1
2020,MO,Audrain,0,10656,0,0,2704,7732,10656,medsl,1
2024,MO,Audrain,0,10523,0,0,2688,7699,10523,medsl,1
2004,MO,Barry,0,13927,0,0,4223,9599,13927,medsl,1
2008,MO,Barry,0,14644,0,0,4630,9758,14644,medsl,1
2012,MO,Barry,0,13806,0,0,3667,9832,13806,medsl,1
2016,MO,Barry,0,14605,0,0,2710,11428,14605,medsl,1
2020,MO,Barry,0,15598,0,0,2948,12425,15598,medsl,1
2024,MO,Barry,0,16165,0,0,2873,13138,16165,medsl,1
2004,MO,Barton,0,5991,0,0,1373,4572,5991,medsl,1
2008,MO,Barton,0,5948,0,0,1455,4414,5948,medsl,1
2012,MO,Barton,0,5746,0,0,1230,4418,5746,medsl,1
2016,MO,Barton,0,5939,0,0,795,4959,5939,medsl,1
2020,MO,Barton,0,6077,0,0,844,5168,6077,medsl,1
2024,MO,Barton,0,6015,0,0,820,5159,6015,medsl,1
2004,MO,Bates,0,8466,0,0,3398,5004,8466,medsl,1
2008,MO,Bates,0,8283,0,0,3271,4833,8283,medsl,1
2012,MO,Bates,0,7771,0,0,2557,5020,7771,medsl,1
2016,MO,Bates,0,8023,0,0,1618,6001,8023,medsl,1
2020,MO,Bates,0,8416,0,0,1672,6597,8416,medsl,1
2024,MO,Bates,0,8344,0,0,1563,6702,8344,medsl,1
2004,MO,Benton,0,9009,0,0,3381,5575,9009,medsl,1
2008,MO,Benton,0,9567,0,0,3629,5759,9567,medsl,1
2012,MO,Benton,0,9157,0,0,2925,6069,9157,medsl,1
2016,MO,Benton,0,9312,0,0,2025,7213,9312,medsl,1
2020,MO,Benton,0,10476,0,0,2180,8109,10476,medsl,1
2024,MO,Benton,0,10769,0,0,2166,8526,10769,medsl,1
2004,MO,Bollinger,0,5895,0,0,1754,4102,5895,medsl,0
2008,MO,Bollinger,0,5784,0,0,1690,3972,5784,medsl,0
2012,MO,Bollinger,0,5456,0,0,1213,4095,5456,medsl,0
2016,MO,Bollinger,0,5676,0,0,705,4827,5676,medsl,0
2020,MO,Bollinger,0,5983,0,0,750,5167,5983,medsl,0
2024,MO,Bollinger,0,6161,0,0,756,5365,6161,medsl,0
2004,MO,Boone,0,76046,0,0,37643,37801,76046,medsl,1
2008,MO,Boone,0,85251,0,0,47062,36849,85251,medsl,1
2012,MO,Boone,0,79422,0,0,39847,37404,79422,medsl,1
2016,MO,Boone,0,83868,0,0,41125,36200,83868,medsl,1
2020,MO,Boone,0,91168,0,0,50064,38646,91168,medsl,1
2024,MO,Boone,0,90110,0,0,48452,39673,90110,medsl,1
2004,MO,Buchanan,0,37950,0,0,17799,19812,37950,medsl,1
2008,MO,Buchanan,0,39040,0,0,19164,19110,39040,medsl,1
2012,MO,Buchanan,0,35106,0,0,15594,18660,35106,medsl,1
2016,MO,Buchanan,0,35659,0,0,12013,21320,35659,medsl,1
2020,MO,Buchanan,0,36598,0,0,13445,22450,36598,medsl,1
2024,MO,Buchanan,0,35743,0,0,12598,22606,35743,medsl,1
2004,MO,Butler,0,16441,0,0,4666,11696,16441,medsl,1
2008,MO,Butler,0,17338,0,0,5316,11805,17338,medsl,1
2012,MO,Butler,0,16889,0,0,4363,12248,16889,medsl,1
2016,MO,Butler,0,17259,0,0,3036,13650,17259,medsl,1
2020,MO,Butler,0,18141,0,0,3301,14602,18141,medsl,1
2024,MO,Butler,0,17860,0,0,3160,14549,17860,medsl,1
2004,MO,Caldwell,0,4268,0,0,1645,2593,4268,medsl,1
2008,MO,Caldwell,0,4564,0,0,1814,2654,4564,medsl,1
2012,MO,Caldwell,0,4167,0,0,1312,2721,4167,medsl,1
2016,MO,Caldwell,0,4312,0,0,838,3232,4312,medsl,1
2020,MO,Caldwell,0,4682,0,0,897,3725,4682,medsl,1
2024,MO,Caldwell,0,4703,0,0,888,3771,4703,medsl,1
2004,MO,Callaway,0,17773,0,0,6559,11108,17773,medsl,0
2008,MO,Callaway,0,19321,0,0,7580,11389,19321,medsl,0
2012,MO,Callaway,0,18232,0,0,6071,11745,18232,medsl,0
2016,MO,Callaway,0,19193,0,0,4989,13057,19193,medsl,0
2020,MO,Callaway,0,21144,0,0,5870,14815,21144,medsl,0
2024,MO,Callaway,0,21455,0,0,5926,15206,21455,medsl,0
2004,MO,Camden,0,19519,0,0,6296,13122,19519,medsl,0
2008,MO,Camden,0,22133,0,0,7773,14074,22133,medsl,0
2012,MO,Camden,0,21945,0,0,6458,15092,21945,medsl,0
2016,MO,Camden,0,22514,0,0,4768,16944,22514,medsl,0
2020,MO,Camden,0,24812,0,0,5652,18850,24812,medsl,0
2024,MO,Camden,0,25548,0,0,5724,19597,25548,medsl,0
2004,MO,Cape Girardeau,0,34565,0,0,10568,23814,34565,medsl,1
2008,MO,Cape Girardeau,0,37355,0,0,12208,24768,37355,medsl,1
2012,MO,Cape Girardeau,0,35716,0,0,9728,25370,35716,medsl,1
2016,MO,Cape Girardeau,0,37038,0,0,8492,27017,37038,medsl,1
2020,MO,Cape Girardeau,0,40328,0,0,10760,28907,40328,medsl,1
2024,MO,Cape Girardeau,0,40353,0,0,10561,29315,40353,medsl,1
2004,MO,Carroll,0,4741,0,0,1568,3155,4741,medsl,1
2008,MO,Carroll,0,4538,0,0,1535,2955,4538,medsl,1
2012,MO,Carroll,0,4304,0,0,1154,3072,4304,medsl,1
2016,MO,Carroll,0,4361,0,0,745,3480,4361,medsl,1
2020,MO,Carroll,0,4532,0,0,786,3706,4532,medsl,1
2024,MO,Carroll,0,4528,0,0,789,3708,4528,medsl,1
2004,MO,Carter,0,2779,0,0,964,1797,2779,medsl,1
2008,MO,Carter,0,2898,0,0,984,1840,2898,medsl,1
2012,MO,Carter,0,2799,0,0,754,1978,2799,medsl,1
2016,MO,Carter,0,2844,0,0,436,2324,2844,medsl,1
2020,MO,Carter,0,2897,0,0,418,2451,2897,medsl,1
2024,MO,Carter,0,2862,0,0,364,2488,2862,medsl,1
2004,MO,Cass,0,44217,0,0,16681,27253,44217,medsl,0
2008,MO,Cass,0,50179,0,0,19844,29695,50179,medsl,0
2012,MO,Cass,0,48913,0,0,17044,30912,48913,medsl,0
2016,MO,Cass,0,50990,0,0,14846,33098,50990,medsl,0
2020,MO,Cass,0,57408,0,0,19052,37197,57408,medsl,0
2024,MO,Cass,0,59349,0,0,19753,38792,59349,medsl,0
2004,MO,Cedar,0,6203,0,0,1910,4238,6203,medsl,1
2008,MO,Cedar,0,6354,0,0,2060,4194,6354,medsl,1
2012,MO,Cedar,0,6045,0,0,1537,4376,6045,medsl,1
2016,MO,Cedar,0,6288,0,0,1011,5021,6288,medsl,1
2020,MO,Cedar,0,7044,0,0,1145,5788,7044,medsl,1
2024,MO,Cedar,0,7188,0,0,1060,6064,7188,medsl,1
2004,MO,Chariton,0,4340,0,0,1892,2421,4340,medsl,1
2008,MO,Chariton,0,4214,0,0,1799,2339,4214,medsl,1
2012,MO,Chariton,0,3821,0,0,1339,2402,3821,medsl,1
2016,MO,Chariton,0,3969,0,0,888,2950,3969,medsl,1
2020,MO,Chariton,0,4077,0,0,916,3111,4077,medsl,1
2024,MO,Chariton,0,4089,0,0,875,3179,4089,medsl,1
2004,MO,Christian,0,31348,0,0,9059,22102,31348,medsl,0
2008,MO,Christian,0,37697,0,0,11883,25382,37697,medsl,0
2012,MO,Christian,0,37964,0,0,9813,27473,37964,medsl,0
2016,MO,Christian,0,41531,0,0,8508,30946,41531,medsl,0
2020,MO,Christian,0,46839,0,0,11131,34920,46839,medsl,0
2024,MO,Christian,0,50789,0,0,11850,38379,50789,medsl,0
2004,MO,Clark,0,3736,0,0,1794,1899,3736,medsl,1
2008,MO,Clark,0,3456,0,0,1572,1782,3456,medsl,1
2012,MO,Clark,0,3225,0,0,1398,1730,3225,medsl,1
2016,MO,Clark,0,3215,0,0,724,2458,3215,medsl,1
2020,MO,Clark,0,3394,0,0,678,2672,3394,medsl,1
2024,MO,Clark,0,3333,0,0,628,2679,3333,medsl,1
2004,MO,Clay,0,96460,0,0,44670,51193,96460,medsl,0
2008,MO,Clay,0,109606,0,0,53761,54516,109606,medsl,0
2012,MO,Clay,0,105589,0,0,47310,56191,105589,medsl,0
2016,MO,Clay,0,110176,0,0,45304,57476,110176,medsl,0
2020,MO,Clay,0,126569,0,0,59400,64605,126569,medsl,0
2024,MO,Clay,0,130160,0,0,60345,67688,130160,medsl,0
2004,MO,Clinton,0,9540,0,0,4165,5287,9540,medsl,1
2008,MO,Clinton,0,10454,0,0,4545,5709,10454,medsl,1
2012,MO,Clinton,0,9861,0,0,3688,5931,9861,medsl,1
2016,MO,Clinton,0,10208,0,0,2572,7067,10208,medsl,1
2020,MO,Clinton,0,10888,0,0,2896,7799,10888,medsl,1
2024,MO,Clinton,0,11230,0,0,2855,8235,11230,medsl,1
2004,MO,Cole,0,36701,0,0,11753,24752,36701,medsl,0
2008,MO,Cole,0,38745,0,0,13959,24385,38745,medsl,0
2012,MO,Cole,0,37062,0,0,12005,24490,37062,medsl,0
2016,MO,Cole,0,37374,0,0,10913,24616,37374,medsl,0
2020,MO,Cole,0,39529,0,0,12694,26086,39529,medsl,0
2024,MO,Cole,0,40152,0,0,12874,26686,40152,medsl,0
2004,MO,Cooper,0,7508,0,0,2400,5058,7508,medsl,0
2008,MO,Cooper,0,8026,0,0,2996,4902,8026,medsl,0
2012,MO,Cooper,0,7511,0,0,2474,4887,7511,medsl,0
2016,MO,Cooper,0,7986,0,0,1932,5624,7986,medsl,0
2020,MO,Cooper,0,8693,0,0,2249,6272,8693,medsl,0
2024,MO,Cooper,0,8835,0,0,2347,6393,8835,medsl,0
2004,MO,Crawford,0,9381,0,0,3632,5686,9381,medsl,1
2008,MO,Crawford,0,10085,0,0,3911,6007,10085,medsl,1
2012,MO,Crawford,0,9579,0,0,2951,6434,9579,medsl,1
2016,MO,Crawford,0,9696,0,0,1824,7724,9696,medsl,1
2020,MO,Crawford,0,10973,0,0,2113,8725,10973,medsl,1
2024,MO,Crawford,0,10829,0,0,2007,8742,10829,medsl,1
2004,MO,Dade,0,4089,0,0,1104,2963,4089,medsl,0
2008,MO,Dade,0,4112,0,0,1184,2864,4112,medsl,0
2012,MO,Dade,0,3896,0,0,939,2895,3896,medsl,0
2016,MO,Dade,0,3951,0,0,637,3184,3951,medsl,0
2020,MO,Dade,0,4119,0,0,656,3414,4119,medsl,0
2024,MO,Dade,0,4186,0,0,671,3480,4186,medsl,0
2004,MO,Dallas,0,7259,0,0,2407,4788,7259,medsl,0
2008,MO,Dallas,0,7683,0,0,2656,4895,7683,medsl,0
2012,MO,Dallas,0,7279,0,0,2122,4992,7279,medsl,0
2016,MO,Dallas,0,7453,0,0,1272,5895,7453,medsl,0
2020,MO,Dallas,0,8104,0,0,1380,6619,8104,medsl,0
2024,MO,Dallas,0,8441,0,0,1458,6907,8441,medsl,0
2004,MO,Daviess,0,3794,0,0,1402,2351,3794,medsl,1
2008,MO,Daviess,0,3786,0,0,1400,2263,3786,medsl,1
2012,MO,Daviess,0,3521,0,0,1125,2290,3521,medsl,1
2016,MO,Daviess,0,3593,0,0,730,2767,3593,medsl,1
2020,MO,Daviess,0,3911,0,0,746,3102,3911,medsl,1
2024,MO,Daviess,0,3925,0,0,701,3185,3925,medsl,1
2024,MO,De Kalb,0,4814,0,0,870,3885,4814,medsl,0
2004,MO,Dekalb,0,4686,0,0,1707,2941,4686,medsl,0
2008,MO,Dekalb,0,4683,0,0,1692,2889,4683,medsl,0
2012,MO,Dekalb,0,4350,0,0,1194,3056,4350,medsl,0
2016,MO,Dekalb,0,4594,0,0,824,3540,4594,medsl,0
2020,MO,Dekalb,0,4843,0,0,930,3828,4843,medsl,0
2004,MO,Dent,0,6304,0,0,1865,4369,6304,medsl,1
2008,MO,Dent,0,6868,0,0,2056,4655,6868,medsl,1
2012,MO,Dent,0,6643,0,0,1585,4883,6643,medsl,1
2016,MO,Dent,0,6791,0,0,978,5600,6791,medsl,1
2020,MO,Dent,0,7142,0,0,1056,5987,7142,medsl,1
2024,MO,Dent,0,7103,0,0,1025,6013,7103,medsl,1
2004,MO,Douglas,0,6327,0,0,1741,4498,6327,medsl,1
2008,MO,Douglas,0,6712,0,0,2140,4405,6712,medsl,1
2012,MO,Douglas,0,6557,0,0,1710,4649,6557,medsl,1
2016,MO,Douglas,0,6666,0,0,984,5486,6666,medsl,1
2020,MO,Douglas,0,7000,0,0,1016,5898,7000,medsl,1
2024,MO,Douglas,0,7289,0,0,996,6242,7289,medsl,1
2004,MO,Dunklin,0,11677,0,0,4901,6720,11677,medsl,1
2008,MO,Dunklin,0,11764,0,0,4540,7044,11764,medsl,1
2012,MO,Dunklin,0,10651,0,0,3636,6850,10651,medsl,1
2016,MO,Dunklin,0,10578,0,0,2360,8026,10578,medsl,1
2020,MO,Dunklin,0,10419,0,0,2200,8135,10419,medsl,1
2024,MO,Dunklin,0,10051,0,0,1885,8096,10051,medsl,1
2004,MO,Franklin,0,45318,0,0,18556,26429,45318,medsl,0
2008,MO,Franklin,0,49293,0,0,21256,27355,49293,medsl,0
2012,MO,Franklin,0,46755,0,0,16347,29396,46755,medsl,0
2016,MO,Franklin,0,50113,0,0,12341,35430,50113,medsl,0
2020,MO,Franklin,0,53685,0,0,14569,38058,53685,medsl,0
2024,MO,Franklin,0,55464,0,0,14694,40126,55464,medsl,0
2004,MO,Gasconade,0,7171,0,0,2355,4753,7171,medsl,1
2008,MO,Gasconade,0,7771,0,0,2899,4763,7771,medsl,1
2012,MO,Gasconade,0,7134,0,0,2099,4895,7134,medsl,1
2016,MO,Gasconade,0,7445,0,0,1520,5670,7445,medsl,1
2020,MO,Gasconade,0,7923,0,0,1601,6222,7923,medsl,1
2024,MO,Gasconade,0,7997,0,0,1555,6370,7997,medsl,1
2004,MO,Gentry,0,3312,0,0,1201,2085,3312,medsl,0
2008,MO,Gentry,0,3292,0,0,1235,1964,3292,medsl,0
2012,MO,Gentry,0,2999,0,0,937,1988,2999,medsl,0
2016,MO,Gentry,0,3043,0,0,605,2304,3043,medsl,0
2020,MO,Gentry,0,3237,0,0,613,2581,3237,medsl,0
2024,MO,Gentry,0,3292,0,0,616,2651,3292,medsl,0
2004,MO,Greene,0,125266,0,0,46657,77885,125266,medsl,0
2008,MO,Greene,0,135695,0,0,56181,77683,135695,medsl,0
2012,MO,Greene,0,125848,0,0,46219,76900,125848,medsl,0
2016,MO,Greene,0,129231,0,0,42728,78035,129231,medsl,0
2020,MO,Greene,0,141800,0,0,55068,83630,141800,medsl,0
2024,MO,Greene,0,144037,0,0,55971,85956,144037,medsl,0
2004,MO,Grundy,0,4808,0,0,1561,3172,4808,medsl,1
2008,MO,Grundy,0,4740,0,0,1580,3006,4740,medsl,1
2012,MO,Grundy,0,4374,0,0,1212,3030,4374,medsl,1
2016,MO,Grundy,0,4310,0,0,780,3462,4310,medsl,1
2020,MO,Grundy,0,4437,0,0,799,3585,4437,medsl,1
2024,MO,Grundy,0,4404,0,0,784,3582,4404,medsl,1
2004,MO,Harrison,0,4048,0,0,1279,2729,4048,medsl,1
2008,MO,Harrison,0,3915,0,0,1287,2512,3915,medsl,1
2012,MO,Harrison,0,3695,0,0,984,2624,3695,medsl,1
2016,MO,Harrison,0,3689,0,0,574,2965,3689,medsl,1
2020,MO,Harrison,0,3826,0,0,597,3198,3826,medsl,1
2024,MO,Harrison,0,3845,0,0,534,3293,3845,medsl,1
2004,MO,Henry,0,10877,0,0,4461,6361,10877,medsl,1
2008,MO,Henry,0,11159,0,0,4869,6095,11159,medsl,1
2012,MO,Henry,0,10123,0,0,3606,6229,10123,medsl,1
2016,MO,Henry,0,9866,0,0,2357,7075,9866,medsl,1
2020,MO,Henry,0,10788,0,0,2619,8027,10788,medsl,1
2024,MO,Henry,0,10932,0,0,2535,8286,10932,medsl,1
2004,MO,Hickory,0,4866,0,0,2043,2791,4866,medsl,1
2008,MO,Hickory,0,5115,0,0,2171,2850,5115,medsl,1
2012,MO,Hickory,0,4680,0,0,1733,2835,4680,medsl,1
2016,MO,Hickory,0,4724,0,0,1016,3542,4724,medsl,1
2020,MO,Hickory,0,5080,0,0,1056,3966,5080,medsl,1
2024,MO,Hickory,0,5120,0,0,978,4108,5120,medsl,1
2004,MO,Holt,0,2691,0,0,811,1864,2691,medsl,0
2008,MO,Holt,0,2633,0,0,802,1794,2633,medsl,0
2012,MO,Holt,0,2310,0,0,551,1725,2310,medsl,0
2016,MO,Holt,0,2355,0,0,347,1926,2355,medsl,0
2020,MO,Holt,0,2343,0,0,338,1976,2343,medsl,0
2024,MO,Holt,0,2352,0,0,357,1982,2352,medsl,0
2004,MO,Howard,0,4921,0,0,1972,2915,4921,medsl,1
2008,MO,Howard,0,4855,0,0,2036,2708,4855,medsl,1
2012,MO,Howard,0,4867,0,0,1723,3017,4867,medsl,1
2016,MO,Howard,0,4868,0,0,1283,3277,4868,medsl,1
2020,MO,Howard,0,5092,0,0,1413,3553,5092,medsl,1
2024,MO,Howard,0,4956,0,0,1341,3534,4956,medsl,1
2004,MO,Howell,0,16379,0,0,5118,11097,16379,medsl,1
2008,MO,Howell,0,17029,0,0,5736,10982,17029,medsl,1
2012,MO,Howell,0,16346,0,0,4395,11544,16346,medsl,1
2016,MO,Howell,0,17455,0,0,2881,13893,17455,medsl,1
2020,MO,Howell,0,18650,0,0,3218,15181,18650,medsl,1
2024,MO,Howell,0,18968,0,0,3073,15733,18968,medsl,1
2004,MO,Iron,0,4679,0,0,2157,2477,4679,medsl,1
2008,MO,Iron,0,4414,0,0,2213,2090,4414,medsl,1
2012,MO,Iron,0,4031,0,0,1669,2252,4031,medsl,1
2016,MO,Iron,0,4269,0,0,933,3173,4269,medsl,1
2020,MO,Iron,0,4592,0,0,945,3596,4592,medsl,1
2024,MO,Iron,0,4518,0,0,824,3644,4518,medsl,1
2004,MO,Jackson,0,174570,0,0,79029,94439,174570,medsl,1
2008,MO,Jackson,0,186047,0,0,90722,92833,186047,medsl,1
2012,MO,Jackson,0,174764,0,0,78283,93199,174764,medsl,1
2016,MO,Jackson,0,173275,0,0,71237,91557,173275,medsl,1
2020,MO,Jackson,0,196418,0,0,92182,100142,196418,medsl,1
2024,MO,Jackson,0,193729,0,0,91366,99385,193729,medsl,1
2004,MO,Jasper,0,45085,0,0,13002,31846,45085,medsl,0
2008,MO,Jasper,0,48025,0,0,15730,31667,48025,medsl,0
2012,MO,Jasper,0,45218,0,0,12809,31349,45218,medsl,0
2016,MO,Jasper,0,48326,0,0,10572,35070,48326,medsl,0
2020,MO,Jasper,0,52352,0,0,13549,37728,52352,medsl,0
2024,MO,Jasper,0,53807,0,0,13943,39084,53807,medsl,0
2004,MO,Jefferson,0,93264,0,0,46057,46624,93264,medsl,1
2008,MO,Jefferson,0,105704,0,0,53467,50804,105704,medsl,1
2012,MO,Jefferson,0,97611,0,0,41564,53978,97611,medsl,1
2016,MO,Jefferson,0,106238,0,0,31568,69036,106238,medsl,1
2020,MO,Jefferson,0,116688,0,0,37523,77046,116688,medsl,1
2024,MO,Jefferson,0,119314,0,0,36965,80796,119314,medsl,1
2004,MO,Johnson,0,20236,0,0,7790,12257,20236,medsl,1
2008,MO,Johnson,0,22080,0,0,9480,12183,22080,medsl,1
2012,MO,Johnson,0,21021,0,0,7667,12763,21021,medsl,1
2016,MO,Johnson,0,21132,0,0,5930,13719,21132,medsl,1
2020,MO,Johnson,0,23123,0,0,6974,15489,23123,medsl,1
2024,MO,Johnson,0,23602,0,0,6960,16298,23602,medsl,1
2004,MO,Kansas City,0,141423,0,0,104625,36061,141423,medsl,1
2008,MO,Kansas City,0,153219,0,0,120102,31854,153219,medsl,1
2012,MO,Kansas City,0,136802,0,0,105670,29509,136802,medsl,1
2016,MO,Kansas City,0,128601,0,0,97735,24654,128601,medsl,1
2020,MO,Kansas City,0,136645,0,0,107660,26393,136645,medsl,1
2024,MO,Kansas City,0,124288,0,0,95660,26225,124288,medsl,1
2004,MO,Knox,0,1978,0,0,761,1207,1978,medsl,1
2008,MO,Knox,0,2024,0,0,759,1212,2024,medsl,1
2012,MO,Knox,0,1957,0,0,698,1205,1957,medsl,1
2016,MO,Knox,0,1870,0,0,379,1416,1870,medsl,1
2020,MO,Knox,0,1854,0,0,340,1486,1854,medsl,1
2024,MO,Knox,0,1810,0,0,311,1479,1810,medsl,1
2004,MO,Laclede,0,14869,0,0,4213,10578,14869,medsl,1
2008,MO,Laclede,0,16323,0,0,5218,10875,16323,medsl,1
2012,MO,Laclede,0,15362,0,0,4093,10934,15362,medsl,1
2016,MO,Laclede,0,16051,0,0,2553,12881,16051,medsl,1
2020,MO,Laclede,0,16793,0,0,2780,13762,16793,medsl,1
2024,MO,Laclede,0,17076,0,0,2756,14155,17076,medsl,1
2004,MO,Lafayette,0,16182,0,0,6412,9656,16182,medsl,1
2008,MO,Lafayette,0,16600,0,0,6902,9442,16600,medsl,1
2012,MO,Lafayette,0,15795,0,0,5655,9803,15795,medsl,1
2016,MO,Lafayette,0,15876,0,0,4053,10988,15876,medsl,1
2020,MO,Lafayette,0,17055,0,0,4472,12273,17055,medsl,1
2024,MO,Lafayette,0,17248,0,0,4294,12720,17248,medsl,1
2004,MO,Lawrence,0,15806,0,0,4506,11194,15806,medsl,0
2008,MO,Lawrence,0,16637,0,0,5097,11263,16637,medsl,0
2012,MO,Lawrence,0,15755,0,0,4017,11421,15755,medsl,0
2016,MO,Lawrence,0,16715,0,0,2901,13089,16715,medsl,0
2020,MO,Lawrence,0,17905,0,0,3214,14426,17905,medsl,0
2024,MO,Lawrence,0,18427,0,0,3248,15001,18427,medsl,0
2004,MO,Lewis,0,4644,0,0,1754,2862,4644,medsl,1
2008,MO,Lewis,0,4502,0,0,1837,2594,4502,medsl,1
2012,MO,Lewis,0,4279,0,0,1508,2677,4279,medsl,1
2016,MO,Lewis,0,4456,0,0,934,3344,4456,medsl,1
2020,MO,Lewis,0,4609,0,0,984,3553,4609,medsl,1
2024,MO,Lewis,0,4486,0,0,872,3565,4486,medsl,1
2004,MO,Lincoln,0,19839,0,0,8368,11316,19839,medsl,0
2008,MO,Lincoln,0,23550,0,0,10234,12924,23550,medsl,0
2012,MO,Lincoln,0,22652,0,0,7734,14332,22652,medsl,0
2016,MO,Lincoln,0,24962,0,0,5575,18159,24962,medsl,0
2020,MO,Lincoln,0,29018,0,0,6607,21848,29018,medsl,0
2024,MO,Lincoln,0,32133,0,0,6908,24866,32133,medsl,0
2004,MO,Linn,0,5898,0,0,2440,3422,5898,medsl,1
2008,MO,Linn,0,5931,0,0,2638,3140,5931,medsl,1
2012,MO,Linn,0,5550,0,0,2041,3344,5550,medsl,1
2016,MO,Linn,0,5587,0,0,1240,4088,5587,medsl,1
2020,MO,Linn,0,5726,0,0,1275,4363,5726,medsl,1
2024,MO,Linn,0,5687,0,0,1183,4437,5687,medsl,1
2004,MO,Livingston,0,6346,0,0,2278,4029,6346,medsl,0
2008,MO,Livingston,0,6552,0,0,2435,3993,6552,medsl,0
2012,MO,Livingston,0,6054,0,0,1906,4006,6054,medsl,0
2016,MO,Livingston,0,6421,0,0,1265,4879,6421,medsl,0
2020,MO,Livingston,0,6758,0,0,1410,5267,6758,medsl,0
2024,MO,Livingston,0,6873,0,0,1422,5395,6873,medsl,0
2004,MO,Macon,0,7570,0,0,2856,4673,7570,medsl,1
2008,MO,Macon,0,7474,0,0,2784,4586,7474,medsl,1
2012,MO,Macon,0,7160,0,0,2309,4701,7160,medsl,1
2016,MO,Macon,0,7621,0,0,1548,5798,7621,medsl,1
2020,MO,Macon,0,7836,0,0,1662,6076,7836,medsl,1
2024,MO,Macon,0,7839,0,0,1481,6300,7839,medsl,1
2004,MO,Madison,0,4918,0,0,1972,2905,4918,medsl,1
2008,MO,Madison,0,5028,0,0,2042,2897,5028,medsl,1
2012,MO,Madison,0,4930,0,0,1588,3227,4930,medsl,1
2016,MO,Madison,0,5321,0,0,1005,4102,5321,medsl,1
2020,MO,Madison,0,5676,0,0,1019,4584,5676,medsl,1
2024,MO,Madison,0,5753,0,0,986,4721,5753,medsl,1
2004,MO,Maries,0,4424,0,0,1563,2825,4424,medsl,1
2008,MO,Maries,0,4548,0,0,1599,2853,4548,medsl,1
2012,MO,Maries,0,4538,0,0,1299,3165,4538,medsl,1
2016,MO,Maries,0,4500,0,0,794,3561,4500,medsl,1
2020,MO,Maries,0,4771,0,0,814,3892,4771,medsl,1
2024,MO,Maries,0,4786,0,0,755,3987,4786,medsl,1
2004,MO,Marion,0,12453,0,0,4568,7815,12453,medsl,1
2008,MO,Marion,0,12553,0,0,4703,7705,12553,medsl,1
2012,MO,Marion,0,12158,0,0,4031,7923,12158,medsl,1
2016,MO,Marion,0,12938,0,0,2994,9419,12938,medsl,1
2020,MO,Marion,0,13348,0,0,3202,9915,13348,medsl,1
2024,MO,Marion,0,13153,0,0,3032,9991,13153,medsl,1
2004,MO,Mcdonald,0,7725,0,0,2215,5443,7725,medsl,1
2008,MO,Mcdonald,0,8135,0,0,2454,5499,8135,medsl,1
2012,MO,Mcdonald,0,7817,0,0,1920,5694,7817,medsl,1
2016,MO,Mcdonald,0,8242,0,0,1329,6599,8242,medsl,1
2020,MO,Mcdonald,0,9053,0,0,1439,7465,9053,medsl,1
2024,MO,Mcdonald,0,9338,0,0,1423,7843,9338,medsl,1
2004,MO,Mercer,0,1817,0,0,582,1207,1817,medsl,0
2008,MO,Mercer,0,1748,0,0,519,1169,1748,medsl,0
2012,MO,Mercer,0,1655,0,0,353,1255,1655,medsl,0
2016,MO,Mercer,0,1745,0,0,216,1486,1745,medsl,0
2020,MO,Mercer,0,1779,0,0,222,1541,1779,medsl,0
2024,MO,Mercer,0,1792,0,0,235,1545,1792,medsl,0
2004,MO,Miller,0,10831,0,0,2959,7797,10831,medsl,0
2008,MO,Miller,0,11535,0,0,3553,7797,11535,medsl,0
2012,MO,Miller,0,11019,0,0,2651,8099,11019,medsl,0
2016,MO,Miller,0,11416,0,0,1750,9285,11416,medsl,0
2020,MO,Miller,0,12382,0,0,2038,10176,12382,medsl,0
2024,MO,Miller,0,13011,0,0,2067,10826,13011,medsl,0
2004,MO,Mississippi,0,5298,0,0,2374,2903,5298,medsl,1
2008,MO,Mississippi,0,5356,0,0,2247,3034,5356,medsl,1
2012,MO,Mississippi,0,4920,0,0,1858,2997,4920,medsl,1
2016,MO,Mississippi,0,5169,0,0,1458,3600,5169,medsl,1
2020,MO,Mississippi,0,4756,0,0,1178,3537,4756,medsl,1
2024,MO,Mississippi,0,4449,0,0,1015,3404,4449,medsl,1
2004,MO,Moniteau,0,6691,0,0,1913,4743,6691,medsl,0
2008,MO,Moniteau,0,6665,0,0,2084,4467,6665,medsl,0
2012,MO,Moniteau,0,6443,0,0,1608,4704,6443,medsl,0
2016,MO,Moniteau,0,6830,0,0,1237,5347,6830,medsl,0
2020,MO,Moniteau,0,7157,0,0,1308,5744,7157,medsl,0
2024,MO,Moniteau,0,7275,0,0,1313,5877,7275,medsl,0
2004,MO,Monroe,0,4307,0,0,1647,2632,4307,medsl,1
2008,MO,Monroe,0,4314,0,0,1703,2533,4314,medsl,1
2012,MO,Monroe,0,4057,0,0,1398,2564,4057,medsl,1
2016,MO,Monroe,0,4156,0,0,853,3159,4156,medsl,1
2020,MO,Monroe,0,4483,0,0,936,3477,4483,medsl,1
2024,MO,Monroe,0,4378,0,0,857,3476,4378,medsl,1
2004,MO,Montgomery,0,5760,0,0,2147,3563,5760,medsl,1
2008,MO,Montgomery,0,5856,0,0,2347,3428,5856,medsl,1
2012,MO,Montgomery,0,5327,0,0,1740,3490,5327,medsl,1
2016,MO,Montgomery,0,5429,0,0,1119,4127,5429,medsl,1
2020,MO,Montgomery,0,5772,0,0,1208,4465,5772,medsl,1
2024,MO,Montgomery,0,5998,0,0,1170,4776,5998,medsl,1
2004,MO,Morgan,0,8771,0,0,3053,5657,8771,medsl,1
2008,MO,Morgan,0,9149,0,0,3565,5451,9149,medsl,1
2012,MO,Morgan,0,8688,0,0,2773,5733,8688,medsl,1
2016,MO,Morgan,0,8821,0,0,1768,6760,8821,medsl,1
2020,MO,Morgan,0,9487,0,0,1924,7442,9487,medsl,1
2024,MO,Morgan,0,9735,0,0,1914,7725,9735,medsl,1
2004,MO,New Madrid,0,7907,0,0,3716,4154,7907,medsl,1
2008,MO,New Madrid,0,8092,0,0,3370,4593,8092,medsl,1
2012,MO,New Madrid,0,7250,0,0,2814,4284,7250,medsl,1
2016,MO,New Madrid,0,7357,0,0,1933,5270,7357,medsl,1
2020,MO,New Madrid,0,7250,0,0,1748,5447,7250,medsl,1
2024,MO,New Madrid,0,6811,0,0,1561,5203,6811,medsl,1
2004,MO,Newton,0,23889,0,0,6564,17187,23889,medsl,0
2008,MO,Newton,0,25406,0,0,7450,17637,25406,medsl,0
2012,MO,Newton,0,25083,0,0,6425,18181,25083,medsl,0
2016,MO,Newton,0,26606,0,0,4990,20553,26606,medsl,0
2020,MO,Newton,0,28405,0,0,5818,22120,28405,medsl,0
2024,MO,Newton,0,29097,0,0,5867,22923,29097,medsl,0
2004,MO,Nodaway,0,10119,0,0,3830,6226,10119,medsl,1
2008,MO,Nodaway,0,10219,0,0,4493,5568,10219,medsl,1
2012,MO,Nodaway,0,8976,0,0,3172,5593,8976,medsl,1
2016,MO,Nodaway,0,9458,0,0,2529,6380,9458,medsl,1
2020,MO,Nodaway,0,9893,0,0,2853,6865,9893,medsl,1
2024,MO,Nodaway,0,9689,0,0,2674,6909,9689,medsl,1
2004,MO,Oregon,0,4673,0,0,1823,2769,4673,medsl,1
2008,MO,Oregon,0,4591,0,0,1811,2652,4591,medsl,1
2012,MO,Oregon,0,4421,0,0,1419,2886,4421,medsl,1
2016,MO,Oregon,0,4668,0,0,865,3671,4668,medsl,1
2020,MO,Oregon,0,4739,0,0,823,3847,4739,medsl,1
2024,MO,Oregon,0,4613,0,0,696,3884,4613,medsl,1
2004,MO,Osage,0,6671,0,0,1673,4975,6671,medsl,1
2008,MO,Osage,0,7079,0,0,1907,5062,7079,medsl,1
2012,MO,Osage,0,6919,0,0,1473,5329,6919,medsl,1
2016,MO,Osage,0,7090,0,0,998,5856,7090,medsl,1
2020,MO,Osage,0,7539,0,0,1037,6425,7539,medsl,1
2024,MO,Osage,0,7727,0,0,1009,6657,7727,medsl,1
2004,MO,Ozark,0,4707,0,0,1561,3083,4707,medsl,1
2008,MO,Ozark,0,4686,0,0,1661,2918,4686,medsl,1
2012,MO,Ozark,0,4453,0,0,1261,3080,4453,medsl,1
2016,MO,Ozark,0,4505,0,0,724,3639,4505,medsl,1
2020,MO,Ozark,0,4864,0,0,752,4064,4864,medsl,1
2024,MO,Ozark,0,4780,0,0,698,4044,4780,medsl,1
2004,MO,Pemiscot,0,6806,0,0,3381,3398,6806,medsl,1
2008,MO,Pemiscot,0,7047,0,0,3029,3954,7047,medsl,1
2012,MO,Pemiscot,0,6335,0,0,2671,3598,6335,medsl,1
2016,MO,Pemiscot,0,6027,0,0,1947,3964,6027,medsl,1
2020,MO,Pemiscot,0,5735,0,0,1560,4120,5735,medsl,1
2024,MO,Pemiscot,0,5270,0,0,1331,3917,5270,medsl,1
2004,MO,Perry,0,8247,0,0,2621,5583,8247,medsl,0
2008,MO,Perry,0,8647,0,0,3005,5527,8647,medsl,0
2012,MO,Perry,0,7987,0,0,2184,5669,7987,medsl,0
2016,MO,Perry,0,8740,0,0,1520,6908,8740,medsl,0
2020,MO,Perry,0,9447,0,0,1664,7657,9447,medsl,0
2024,MO,Perry,0,9824,0,0,1757,7986,9824,medsl,0
2004,MO,Pettis,0,17496,0,0,5801,11603,17496,medsl,1
2008,MO,Pettis,0,18208,0,0,6932,11018,18208,medsl,1
2012,MO,Pettis,0,17175,0,0,5904,10842,17175,medsl,1
2016,MO,Pettis,0,18111,0,0,4324,12810,18111,medsl,1
2020,MO,Pettis,0,19097,0,0,4783,13854,19097,medsl,1
2024,MO,Pettis,0,18882,0,0,4703,13907,18882,medsl,1
2004,MO,Phelps,0,18700,0,0,6666,11874,18700,medsl,1
2008,MO,Phelps,0,19438,0,0,7394,11706,19438,medsl,1
2012,MO,Phelps,0,18190,0,0,5798,11895,18190,medsl,1
2016,MO,Phelps,0,18553,0,0,4766,12709,18553,medsl,1
2020,MO,Phelps,0,19568,0,0,5637,13480,19568,medsl,1
2024,MO,Phelps,0,19300,0,0,5379,13658,19300,medsl,1
2004,MO,Pike,0,8040,0,0,3670,4314,8040,medsl,0
2008,MO,Pike,0,7881,0,0,3487,4268,7881,medsl,0
2012,MO,Pike,0,7321,0,0,2582,4577,7321,medsl,0
2016,MO,Pike,0,7382,0,0,1806,5274,7382,medsl,0
2020,MO,Pike,0,7695,0,0,1717,5863,7695,medsl,0
2024,MO,Pike,0,7824,0,0,1618,6151,7824,medsl,0
2004,MO,Platte,0,41970,0,0,18412,23302,41970,medsl,0
2008,MO,Platte,0,46480,0,0,21459,24460,46480,medsl,0
2012,MO,Platte,0,45552,0,0,19175,25618,45552,medsl,0
2016,MO,Platte,0,48885,0,0,20057,25933,48885,medsl,0
2020,MO,Platte,0,57270,0,0,27179,28917,57270,medsl,0
2024,MO,Platte,0,57817,0,0,27566,29381,57817,medsl,0
2004,MO,Polk,0,12453,0,0,3775,8586,12453,medsl,0
2008,MO,Polk,0,13697,0,0,4553,8956,13697,medsl,0
2012,MO,Polk,0,13119,0,0,3580,9252,13119,medsl,0
2016,MO,Polk,0,13763,0,0,2631,10438,13763,medsl,0
2020,MO,Polk,0,15064,0,0,2885,11850,15064,medsl,0
2024,MO,Polk,0,15826,0,0,2948,12691,15826,medsl,0
2004,MO,Pulaski,0,12221,0,0,3551,8618,12221,medsl,0
2008,MO,Pulaski,0,15000,0,0,5249,9552,15000,medsl,0
2012,MO,Pulaski,0,13571,0,0,4199,9092,13571,medsl,0
2016,MO,Pulaski,0,13488,0,0,2922,9876,13488,medsl,0
2020,MO,Pulaski,0,14414,0,0,3740,10329,14414,medsl,0
2024,MO,Pulaski,0,15549,0,0,3765,11579,15549,medsl,0
2004,MO,Putnam,0,2445,0,0,772,1660,2445,medsl,1
2008,MO,Putnam,0,2339,0,0,695,1591,2339,medsl,1
2012,MO,Putnam,0,2309,0,0,587,1673,2309,medsl,1
2016,MO,Putnam,0,2346,0,0,353,1936,2346,medsl,1
2020,MO,Putnam,0,2361,0,0,361,1984,2361,medsl,1
2024,MO,Putnam,0,2380,0,0,347,2021,2380,medsl,1
2004,MO,Ralls,0,5034,0,0,2031,2986,5034,medsl,1
2008,MO,Ralls,0,5084,0,0,2041,2987,5084,medsl,1
2012,MO,Ralls,0,5036,0,0,1736,3231,5036,medsl,1
2016,MO,Ralls,0,5266,0,0,1138,3969,5266,medsl,1
2020,MO,Ralls,0,5662,0,0,1205,4396,5662,medsl,1
2024,MO,Ralls,0,5777,0,0,1154,4575,5777,medsl,1
2004,MO,Randolph,0,10198,0,0,3586,6551,10198,medsl,0
2008,MO,Randolph,0,10624,0,0,3984,6457,10624,medsl,0
2012,MO,Randolph,0,9944,0,0,3031,6667,9944,medsl,0
2016,MO,Randolph,0,10309,0,0,2283,7529,10309,medsl,0
2020,MO,Randolph,0,10744,0,0,2485,8018,10744,medsl,0
2024,MO,Randolph,0,11028,0,0,2571,8322,11028,medsl,0
2004,MO,Ray,0,10788,0,0,5034,5673,10788,medsl,1
2008,MO,Ray,0,11053,0,0,5241,5593,11053,medsl,1
2012,MO,Ray,0,10367,0,0,4275,5815,10367,medsl,1
2016,MO,Ray,0,10869,0,0,3090,7104,10869,medsl,1
2020,MO,Ray,0,11649,0,0,3109,8345,11649,medsl,1
2024,MO,Ray,0,11662,0,0,2927,8602,11662,medsl,1
2004,MO,Reynolds,0,3364,0,0,1449,1896,3364,medsl,1
2008,MO,Reynolds,0,3287,0,0,1418,1782,3287,medsl,1
2012,MO,Reynolds,0,3202,0,0,1157,1931,3202,medsl,1
2016,MO,Reynolds,0,3038,0,0,540,2406,3038,medsl,1
2020,MO,Reynolds,0,3298,0,0,529,2733,3298,medsl,1
2024,MO,Reynolds,0,3059,0,0,472,2560,3059,medsl,1
2004,MO,Ripley,0,5653,0,0,1907,3693,5653,medsl,1
2008,MO,Ripley,0,5363,0,0,1795,3407,5363,medsl,1
2012,MO,Ripley,0,5263,0,0,1396,3743,5263,medsl,1
2016,MO,Ripley,0,5524,0,0,830,4522,5524,medsl,1
2020,MO,Ripley,0,5717,0,0,833,4839,5717,medsl,1
2024,MO,Ripley,0,5804,0,0,763,5002,5804,medsl,1
2004,MO,Saline,0,9939,0,0,4479,5389,9939,medsl,1
2008,MO,Saline,0,9848,0,0,4712,4962,9848,medsl,1
2012,MO,Saline,0,9108,0,0,3790,5104,9108,medsl,1
2016,MO,Saline,0,9274,0,0,2789,5977,9274,medsl,1
2020,MO,Saline,0,9519,0,0,2904,6451,9519,medsl,1
2024,MO,Saline,0,9330,0,0,2726,6498,9330,medsl,1
2004,MO,Schuyler,0,2031,0,0,894,1124,2031,medsl,1
2008,MO,Schuyler,0,1983,0,0,775,1139,1983,medsl,1
2012,MO,Schuyler,0,1939,0,0,697,1174,1939,medsl,1
2016,MO,Schuyler,0,1936,0,0,354,1505,1936,medsl,1
2020,MO,Schuyler,0,2003,0,0,373,1606,2003,medsl,1
2024,MO,Schuyler,0,1945,0,0,334,1588,1945,medsl,1
2004,MO,Scotland,0,2197,0,0,828,1352,2197,medsl,1
2008,MO,Scotland,0,2098,0,0,793,1249,2098,medsl,1
2012,MO,Scotland,0,1936,0,0,643,1246,1936,medsl,1
2016,MO,Scotland,0,1968,0,0,365,1525,1968,medsl,1
2020,MO,Scotland,0,1984,0,0,388,1560,1984,medsl,1
2024,MO,Scotland,0,1918,0,0,358,1537,1918,medsl,1
2004,MO,Scott,0,17448,0,0,6057,11330,17448,medsl,1
2008,MO,Scott,0,18026,0,0,6258,11563,18026,medsl,1
2012,MO,Scott,0,16999,0,0,5122,11623,16999,medsl,1
2016,MO,Scott,0,17256,0,0,3575,13168,17256,medsl,1
2020,MO,Scott,0,17719,0,0,3753,13769,17719,medsl,1
2024,MO,Scott,0,17421,0,0,3525,13786,17421,medsl,1
2004,MO,Shannon,0,4167,0,0,1618,2511,4167,medsl,0
2008,MO,Shannon,0,3838,0,0,1637,2075,3838,medsl,0
2012,MO,Shannon,0,3692,0,0,1302,2262,3692,medsl,0
2016,MO,Shannon,0,3904,0,0,776,2966,3904,medsl,0
2020,MO,Shannon,0,3906,0,0,706,3165,3906,medsl,0
2024,MO,Shannon,0,4018,0,0,625,3364,4018,medsl,0
2004,MO,Shelby,0,3502,0,0,1201,2280,3502,medsl,1
2008,MO,Shelby,0,3316,0,0,1114,2166,3316,medsl,1
2012,MO,Shelby,0,3232,0,0,966,2188,3232,medsl,1
2016,MO,Shelby,0,3255,0,0,606,2524,3255,medsl,1
2020,MO,Shelby,0,3350,0,0,592,2700,3350,medsl,1
2024,MO,Shelby,0,3262,0,0,550,2691,3262,medsl,1
2024,MO,St Charles,0,226166,0,0,92226,130588,226166,medsl,0
2024,MO,St Clair,0,4990,0,0,959,3982,4990,medsl,0
2024,MO,St Francois,0,28615,0,0,6811,21521,28615,medsl,0
2024,MO,St Louis City,0,116271,0,0,94458,19342,116271,medsl,0
2024,MO,St Louis County,0,502738,0,0,305635,187982,502738,medsl,0
2004,MO,St. Charles,0,163488,0,0,66855,95826,163488,medsl,0
2008,MO,St. Charles,0,188529,0,0,84183,102550,188529,medsl,0
2012,MO,St. Charles,0,185690,0,0,71838,110784,185690,medsl,0
2016,MO,St. Charles,0,201005,0,0,68626,121650,201005,medsl,0
2020,MO,St. Charles,0,222017,0,0,89530,128389,222017,medsl,0
2004,MO,St. Clair,0,4965,0,0,1841,3098,4965,medsl,0
2008,MO,St. Clair,0,4988,0,0,1886,2981,4988,medsl,0
2012,MO,St. Clair,0,4626,0,0,1460,3019,4626,medsl,0
2016,MO,St. Clair,0,4630,0,0,936,3501,4630,medsl,0
2020,MO,St. Clair,0,4974,0,0,988,3932,4974,medsl,0
2004,MO,St. Francois,0,22933,0,0,10748,12087,22933,medsl,0
2008,MO,St. Francois,0,24550,0,0,11540,12660,24550,medsl,0
2012,MO,St. Francois,0,22582,0,0,8829,13248,22582,medsl,0
2016,MO,St. Francois,0,24728,0,0,6250,17468,24728,medsl,0
2020,MO,St. Francois,0,28001,0,0,7044,20511,28001,medsl,0
2004,MO,St. Louis City,0,144638,0,0,116133,27793,144638,medsl,0
2008,MO,St. Louis City,0,158858,0,0,132925,24662,158858,medsl,0
2012,MO,St. Louis City,0,143607,0,0,118780,22943,143607,medsl,0
2016,MO,St. Louis City,0,131191,0,0,104235,20832,131191,medsl,0
2020,MO,St. Louis City,0,133867,0,0,110089,21474,133867,medsl,0
2004,MO,St. Louis County,0,542983,0,0,295284,244969,542983,medsl,0
2008,MO,St. Louis County,0,559854,0,0,333123,221705,559854,medsl,0
2012,MO,St. Louis County,0,528676,0,0,297097,224742,528676,medsl,0
2016,MO,St. Louis County,0,514858,0,0,286704,202434,514858,medsl,0
2020,MO,St. Louis County,0,536446,0,0,328151,199493,536446,medsl,0
2024,MO,Ste Genevieve,0,9776,0,0,2629,7031,9776,medsl,0
2004,MO,Ste. Genevieve,0,8146,0,0,4281,3791,8146,medsl,0
2008,MO,Ste. Genevieve,0,8825,0,0,4979,3732,8825,medsl,0
2012,MO,Ste. Genevieve,0,8070,0,0,3813,4055,8070,medsl,0
2016,MO,Ste. Genevieve,0,8469,0,0,2542,5496,8469,medsl,0
2020,MO,Ste. Genevieve,0,9484,0,0,2713,6630,9484,medsl,0
2004,MO,Stoddard,0,13252,0,0,3946,9242,13252,medsl,0
2008,MO,Stoddard,0,13262,0,0,3899,9172,13262,medsl,0
2012,MO,Stoddard,0,12866,0,0,3153,9496,12866,medsl,0
2016,MO,Stoddard,0,13291,0,0,1876,11079,13291,medsl,0
2020,MO,Stoddard,0,13426,0,0,1819,11484,13426,medsl,0
2024,MO,Stoddard,0,13599,0,0,1736,11783,13599,medsl,0
2004,MO,Stone,0,15189,0,0,4578,10534,15189,medsl,0
2008,MO,Stone,0,16387,0,0,5029,11147,16387,medsl,0
2012,MO,Stone,0,15984,0,0,3923,11787,15984,medsl,0
2016,MO,Stone,0,16567,0,0,2887,13158,16567,medsl,0
2020,MO,Stone,0,18483,0,0,3506,14800,18483,medsl,0
2024,MO,Stone,0,19123,0,0,3620,15357,19123,medsl,0
2004,MO,Sullivan,0,3089,0,0,1178,1880,3089,medsl,1
2008,MO,Sullivan,0,2869,0,0,1173,1607,2869,medsl,1
2012,MO,Sullivan,0,2595,0,0,908,1610,2595,medsl,1
2016,MO,Sullivan,0,2486,0,0,526,1884,2486,medsl,1
2020,MO,Sullivan,0,2471,0,0,478,1974,2471,medsl,1
2024,MO,Sullivan,0,2463,0,0,408,2035,2463,medsl,1
2004,MO,Taney,0,19280,0,0,5601,13578,19280,medsl,1
2008,MO,Taney,0,21664,0,0,6683,14736,21664,medsl,1
2012,MO,Taney,0,21659,0,0,5479,15746,21659,medsl,1
2016,MO,Taney,0,23515,0,0,4373,18276,23515,medsl,1
2020,MO,Taney,0,26288,0,0,5339,20508,26288,medsl,1
2024,MO,Taney,0,26824,0,0,5329,21236,26824,medsl,1
2004,MO,Texas,0,11018,0,0,3664,7234,11018,medsl,0
2008,MO,Texas,0,10851,0,0,3410,7215,10851,medsl,0
2012,MO,Texas,0,10764,0,0,2871,7618,10764,medsl,0
2016,MO,Texas,0,10956,0,0,1728,8875,10956,medsl,0
2020,MO,Texas,0,11315,0,0,1716,9478,11315,medsl,0
2024,MO,Texas,0,11525,0,0,1589,9855,11525,medsl,0
2004,MO,Vernon,0,8992,0,0,3206,5732,8992,medsl,1
2008,MO,Vernon,0,8878,0,0,3381,5334,8878,medsl,1
2012,MO,Vernon,0,8521,0,0,2580,5758,8521,medsl,1
2016,MO,Vernon,0,8599,0,0,1707,6533,8599,medsl,1
2020,MO,Vernon,0,9185,0,0,1903,7155,9185,medsl,1
2024,MO,Vernon,0,8973,0,0,1774,7112,8973,medsl,1
2004,MO,Warren,0,13432,0,0,5461,7883,13432,medsl,0
2008,MO,Warren,0,15576,0,0,6705,8675,15576,medsl,0
2012,MO,Warren,0,14676,0,0,5219,9150,14676,medsl,0
2016,MO,Warren,0,15784,0,0,3915,11111,15784,medsl,0
2020,MO,Warren,0,18375,0,0,4769,13222,18375,medsl,0
2024,MO,Warren,0,20095,0,0,4970,14915,20095,medsl,0
2004,MO,Washington,0,9178,0,0,4459,4641,9178,medsl,0
2008,MO,Washington,0,9614,0,0,4711,4706,9614,medsl,0
2012,MO,Washington,0,8695,0,0,3417,5071,8695,medsl,0
2016,MO,Washington,0,9282,0,0,1926,7048,9282,medsl,0
2020,MO,Washington,0,9976,0,0,1804,8047,9976,medsl,0
2024,MO,Washington,0,10237,0,0,1747,8424,10237,medsl,0
2004,MO,Wayne,0,6204,0,0,2250,3919,6204,medsl,1
2008,MO,Wayne,0,6154,0,0,2243,3784,6154,medsl,1
2012,MO,Wayne,0,5720,0,0,1813,3790,5720,medsl,1
2016,MO,Wayne,0,5655,0,0,948,4658,5655,medsl,1
2020,MO,Wayne,0,5878,0,0,845,4987,5878,medsl,1
2024,MO,Wayne,0,5847,0,0,783,5030,5847,medsl,1
2004,MO,Webster,0,14944,0,0,4657,10194,14944,medsl,0
2008,MO,Webster,0,16356,0,0,5685,10431,16356,medsl,0
2012,MO,Webster,0,15429,0,0,4409,10708,15429,medsl,0
2016,MO,Webster,0,16743,0,0,3177,12840,16743,medsl,0
2020,MO,Webster,0,18779,0,0,3573,14880,18779,medsl,0
2024,MO,Webster,0,19814,0,0,3653,15984,19814,medsl,0
2004,MO,Worth,0,1132,0,0,436,691,1132,medsl,1
2008,MO,Worth,0,1174,0,0,427,707,1174,medsl,1
2012,MO,Worth,0,1048,0,0,341,664,1048,medsl,1
2016,MO,Worth,0,1046,0,0,195,808,1046,medsl,1
2020,MO,Worth,0,1107,0,0,215,877,1107,medsl,1
2024,MO,Worth,0,1105,0,0,190,904,1105,medsl,1
2004,MO,Wright,0,8346,0,0,2188,6090,8346,medsl,0
2008,MO,Wright,0,8514,0,0,2557,5784,8514,medsl,0
2012,MO,Wright,0,7955,0,0,1953,5830,7955,medsl,0
2016,MO,Wright,0,8119,0,0,1170,6707,8119,medsl,0
2020,MO,Wright,0,8739,0,0,1168,7453,8739,medsl,0
2024,MO,Wright,0,8980,0,0,1057,7850,8980,medsl,0
2004,MS,Adams,0,14376,0,0,7844,6487,14376,medsl,1
2008,MS,Adams,0,15696,0,0,9021,6566,15696,medsl,1
2012,MS,Adams,0,15447,0,0,9061,6293,15447,medsl,1
2016,MS,Adams,0,13836,0,0,7757,5874,13836,medsl,1
2020,MS,Adams,0,13759,0,0,7917,5696,13759,medsl,1
2024,MS,Adams,0,11928,0,0,6743,5081,11928,medsl,1
2004,MS,Alcorn,0,14181,0,0,5425,8605,14181,medsl,1
2008,MS,Alcorn,0,15019,0,0,4130,10805,15019,medsl,1
2012,MS,Alcorn,0,14830,0,0,3511,11111,14830,medsl,1
2016,MS,Alcorn,0,14783,0,0,2684,11819,14783,medsl,1
2020,MS,Alcorn,0,15793,0,0,2782,12818,15793,medsl,1
2024,MS,Alcorn,0,15112,0,0,2328,12657,15112,medsl,1
2004,MS,Amite,0,7117,0,0,2973,4106,7117,medsl,1
2008,MS,Amite,0,7626,0,0,3348,4245,7626,medsl,1
2012,MS,Amite,0,7706,0,0,3242,4414,7706,medsl,1
2016,MS,Amite,0,7050,0,0,2697,4289,7050,medsl,1
2020,MS,Amite,0,7196,0,0,2620,4503,7196,medsl,1
2024,MS,Amite,0,6815,0,0,2246,4484,6815,medsl,1
2004,MS,Attala,0,7945,0,0,3014,4882,7945,medsl,1
2008,MS,Attala,0,9162,0,0,3849,5273,9162,medsl,1
2012,MS,Attala,0,9092,0,0,3927,5126,9092,medsl,1
2016,MS,Attala,0,8256,0,0,3242,4897,8256,medsl,1
2020,MS,Attala,0,8823,0,0,3542,5178,8823,medsl,1
2024,MS,Attala,0,7703,0,0,2930,4723,7703,medsl,1
2004,MS,Benton,0,4229,0,0,2234,1962,4229,medsl,1
2008,MS,Benton,0,4606,0,0,2227,2329,4606,medsl,1
2012,MS,Benton,0,4116,0,0,2051,2041,4116,medsl,1
2016,MS,Benton,0,4013,0,0,1719,2251,4013,medsl,1
2020,MS,Benton,0,4289,0,0,1679,2570,4289,medsl,1
2024,MS,Benton,0,3880,0,0,1318,2535,3880,medsl,1
2004,MS,Bolivar,0,13427,0,0,8560,4722,13427,medsl,1
2008,MS,Bolivar,0,15332,0,0,10334,4891,15332,medsl,1
2012,MS,Bolivar,0,15428,0,0,10582,4701,15428,medsl,1
2016,MS,Bolivar,0,13824,0,0,9046,4590,13824,medsl,1
2020,MS,Bolivar,0,13744,0,0,8904,4671,13744,medsl,1
2024,MS,Bolivar,0,10435,0,0,6419,3943,10435,medsl,1
2004,MS,Calhoun,0,6331,0,0,2211,4096,6331,medsl,1
2008,MS,Calhoun,0,7011,0,0,2522,4467,7011,medsl,1
2012,MS,Calhoun,0,7068,0,0,2586,4412,7068,medsl,1
2016,MS,Calhoun,0,6396,0,0,1910,4390,6396,medsl,1
2020,MS,Calhoun,0,6590,0,0,1902,4625,6590,medsl,1
2024,MS,Calhoun,0,6034,0,0,1547,4443,6034,medsl,1
2004,MS,Carroll,0,5577,0,0,1897,3652,5577,medsl,1
2008,MS,Carroll,0,5955,0,0,2037,3902,5955,medsl,1
2012,MS,Carroll,0,5992,0,0,2007,3960,5992,medsl,1
2016,MS,Carroll,0,5528,0,0,1680,3799,5528,medsl,1
2020,MS,Carroll,0,5701,0,0,1729,3924,5701,medsl,1
2024,MS,Carroll,0,5194,0,0,1431,3730,5194,medsl,1
2004,MS,Chickasaw,0,8343,0,0,4078,4193,8343,medsl,1
2008,MS,Chickasaw,0,9020,0,0,4588,4395,9020,medsl,1
2012,MS,Chickasaw,0,8503,0,0,4378,3994,8503,medsl,1
2016,MS,Chickasaw,0,7890,0,0,3649,4127,7890,medsl,1
2020,MS,Chickasaw,0,8141,0,0,3810,4175,8141,medsl,1
2024,MS,Chickasaw,0,7234,0,0,3090,4079,7234,medsl,1
2004,MS,Choctaw,0,3908,0,0,1290,2598,3908,medsl,1
2008,MS,Choctaw,0,4105,0,0,1459,2624,4105,medsl,1
2012,MS,Choctaw,0,4273,0,0,1428,2812,4273,medsl,1
2016,MS,Choctaw,0,4065,0,0,1218,2788,4065,medsl,1
2020,MS,Choctaw,0,4223,0,0,1185,3001,4223,medsl,1
2024,MS,Choctaw,0,3890,0,0,965,2881,3890,medsl,1
2004,MS,Claiborne,0,5321,0,0,4338,941,5321,medsl,1
2008,MS,Claiborne,0,5449,0,0,4682,748,5449,medsl,1
2012,MS,Claiborne,0,5484,0,0,4838,625,5484,medsl,1
2016,MS,Claiborne,0,4272,0,0,3708,540,4272,medsl,1
2020,MS,Claiborne,0,4449,0,0,3772,603,4449,medsl,1
2024,MS,Claiborne,0,3541,0,0,2950,558,3541,medsl,1
2004,MS,Clarke,0,7438,0,0,2377,5027,7438,medsl,1
2008,MS,Clarke,0,8372,0,0,3121,5229,8372,medsl,1
2012,MS,Clarke,0,8253,0,0,3111,5049,8253,medsl,1
2016,MS,Clarke,0,7791,0,0,2585,5137,7791,medsl,1
2020,MS,Clarke,0,8338,0,0,2838,5417,8338,medsl,1
2024,MS,Clarke,0,7571,0,0,2430,5093,7571,medsl,1
2004,MS,Clay,0,9111,0,0,4732,4333,9111,medsl,1
2008,MS,Clay,0,11056,0,0,6558,4466,11056,medsl,1
2012,MS,Clay,0,11072,0,0,6712,4291,11072,medsl,1
2016,MS,Clay,0,10003,0,0,5722,4150,10003,medsl,1
2020,MS,Clay,0,10189,0,0,5844,4181,10189,medsl,1
2024,MS,Clay,0,9057,0,0,4960,4017,9057,medsl,1
2004,MS,Coahoma,0,10516,0,0,6741,3643,10516,medsl,1
2008,MS,Coahoma,0,10551,0,0,7597,2917,10551,medsl,1
2012,MS,Coahoma,0,10549,0,0,7792,2712,10549,medsl,1
2016,MS,Coahoma,0,8912,0,0,6378,2426,8912,medsl,1
2020,MS,Coahoma,0,8501,0,0,6020,2375,8501,medsl,1
2024,MS,Coahoma,0,6790,0,0,4711,2008,6790,medsl,1
2004,MS,Copiah,0,11272,0,0,4902,6316,11272,medsl,1
2008,MS,Copiah,0,14464,0,0,7710,6701,14464,medsl,1
2012,MS,Copiah,0,14123,0,0,7749,6282,14123,medsl,1
2016,MS,Copiah,0,12982,0,0,6741,6103,12982,medsl,1
2020,MS,Copiah,0,12883,0,0,6470,6250,12883,medsl,1
2024,MS,Copiah,0,11665,0,0,5426,6134,11665,medsl,1
2004,MS,Covington,0,8194,0,0,3135,5010,8194,medsl,1
2008,MS,Covington,0,9423,0,0,3852,5523,9423,medsl,1
2012,MS,Covington,0,9348,0,0,3878,5405,9348,medsl,1
2016,MS,Covington,0,8811,0,0,3276,5435,8811,medsl,1
2020,MS,Covington,0,9360,0,0,3416,5854,9360,medsl,1
2024,MS,Covington,0,8861,0,0,2921,5869,8861,medsl,1
2004,MS,Desoto,0,48981,0,0,13247,35437,48981,medsl,0
2008,MS,Desoto,0,64109,0,0,19627,44222,64109,medsl,0
2012,MS,Desoto,0,65794,0,0,21575,43559,65794,medsl,0
2016,MS,Desoto,0,65695,0,0,20591,43089,65695,medsl,0
2020,MS,Desoto,0,76124,0,0,28265,46462,76124,medsl,0
2024,MS,Desoto,0,79082,0,0,29023,48064,79082,medsl,0
2004,MS,Forrest,0,25936,0,0,9781,15966,25936,medsl,1
2008,MS,Forrest,0,27083,0,0,11622,15296,27083,medsl,1
2012,MS,Forrest,0,30236,0,0,13272,16574,30236,medsl,1
2016,MS,Forrest,0,28064,0,0,11716,15461,28064,medsl,1
2020,MS,Forrest,0,31654,0,0,13755,17290,31654,medsl,1
2024,MS,Forrest,0,28466,0,0,11475,16579,28466,medsl,1
2004,MS,Franklin,0,4473,0,0,1566,2883,4473,medsl,1
2008,MS,Franklin,0,4667,0,0,1733,2909,4667,medsl,1
2012,MS,Franklin,0,4493,0,0,1726,2735,4493,medsl,1
2016,MS,Franklin,0,4290,0,0,1502,2721,4290,medsl,1
2020,MS,Franklin,0,4461,0,0,1480,2923,4461,medsl,1
2024,MS,Franklin,0,4066,0,0,1213,2831,4066,medsl,1
2004,MS,George,0,7950,0,0,1715,6182,7950,medsl,1
2008,MS,George,0,9284,0,0,1532,7700,9284,medsl,1
2012,MS,George,0,9856,0,0,1359,8376,9856,medsl,1
2016,MS,George,0,9891,0,0,1027,8696,9891,medsl,1
2020,MS,George,0,11049,0,0,1218,9713,11049,medsl,1
2024,MS,George,0,11069,0,0,1138,9858,11069,medsl,1
2004,MS,Greene,0,5275,0,0,1419,3827,5275,medsl,1
2008,MS,Greene,0,5766,0,0,1366,4361,5766,medsl,1
2012,MS,Greene,0,5922,0,0,1325,4531,5922,medsl,1
2016,MS,Greene,0,5369,0,0,974,4335,5369,medsl,1
2020,MS,Greene,0,5812,0,0,966,4794,5812,medsl,1
2024,MS,Greene,0,5649,0,0,835,4776,5649,medsl,1
2004,MS,Grenada,0,10050,0,0,4154,5844,10050,medsl,1
2008,MS,Grenada,0,11304,0,0,5029,6234,11304,medsl,1
2012,MS,Grenada,0,11335,0,0,5288,5986,11335,medsl,1
2016,MS,Grenada,0,10513,0,0,4424,5970,10513,medsl,1
2020,MS,Grenada,0,10911,0,0,4734,6081,10911,medsl,1
2024,MS,Grenada,0,9766,0,0,4060,5651,9766,medsl,1
2004,MS,Hancock,0,17550,0,0,5023,12332,17550,medsl,1
2008,MS,Hancock,0,17007,0,0,3768,13020,17007,medsl,1
2012,MS,Hancock,0,17167,0,0,3917,12964,17167,medsl,1
2016,MS,Hancock,0,17637,0,0,3344,13811,17637,medsl,1
2020,MS,Hancock,0,20957,0,0,4504,16132,20957,medsl,1
2024,MS,Hancock,0,21175,0,0,4262,16684,21175,medsl,1
2004,MS,Harrison,0,61810,0,0,22555,38781,61810,medsl,1
2008,MS,Harrison,0,61684,0,0,22673,38757,61684,medsl,1
2012,MS,Harrison,0,63328,0,0,23119,39470,63328,medsl,1
2016,MS,Harrison,0,63313,0,0,21169,40354,63313,medsl,1
2020,MS,Harrison,0,75768,0,0,27728,46822,75768,medsl,1
2024,MS,Harrison,0,75923,0,0,26555,48497,75923,medsl,1
2004,MS,Hinds,0,86265,0,0,51370,34269,86265,medsl,1
2008,MS,Hinds,0,108662,0,0,75401,32949,108662,medsl,1
2012,MS,Hinds,0,106491,0,0,76112,29664,106491,medsl,1
2016,MS,Hinds,0,94681,0,0,67594,25275,94681,medsl,1
2020,MS,Hinds,0,99995,0,0,73550,25141,99995,medsl,1
2024,MS,Hinds,0,86830,0,0,62840,22816,86830,medsl,1
2004,MS,Holmes,0,8144,0,0,6170,1925,8144,medsl,1
2008,MS,Holmes,0,9523,0,0,7765,1714,9523,medsl,1
2012,MS,Holmes,0,9288,0,0,7812,1435,9288,medsl,1
2016,MS,Holmes,0,8076,0,0,6689,1309,8076,medsl,1
2020,MS,Holmes,0,8115,0,0,6588,1369,8115,medsl,1
2024,MS,Holmes,0,6730,0,0,5420,1243,6730,medsl,1
2004,MS,Humphreys,0,4651,0,0,2975,1626,4651,medsl,1
2008,MS,Humphreys,0,5114,0,0,3634,1462,5114,medsl,1
2012,MS,Humphreys,0,5212,0,0,3903,1293,5212,medsl,1
2016,MS,Humphreys,0,4253,0,0,3071,1151,4253,medsl,1
2020,MS,Humphreys,0,4189,0,0,3016,1118,4189,medsl,1
2024,MS,Humphreys,0,3468,0,0,2443,990,3468,medsl,1
2004,MS,Issaquena,0,962,0,0,510,437,962,medsl,1
2008,MS,Issaquena,0,946,0,0,579,364,946,medsl,1
2012,MS,Issaquena,0,787,0,0,479,302,787,medsl,1
2016,MS,Issaquena,0,699,0,0,395,298,699,medsl,1
2020,MS,Issaquena,0,676,0,0,355,308,676,medsl,1
2024,MS,Issaquena,0,622,0,0,287,296,622,medsl,1
2004,MS,Itawamba,0,9596,0,0,2771,6751,9596,medsl,1
2008,MS,Itawamba,0,9834,0,0,2084,7663,9834,medsl,1
2012,MS,Itawamba,0,9318,0,0,1706,7393,9318,medsl,1
2016,MS,Itawamba,0,9737,0,0,1117,8470,9737,medsl,1
2020,MS,Itawamba,0,10819,0,0,1249,9438,10819,medsl,1
2024,MS,Itawamba,0,10621,0,0,1027,9523,10621,medsl,1
2004,MS,Jackson,0,49414,0,0,15046,34035,49414,medsl,1
2008,MS,Jackson,0,54063,0,0,17781,35993,54063,medsl,1
2012,MS,Jackson,0,53655,0,0,17299,35747,53655,medsl,1
2016,MS,Jackson,0,49567,0,0,14657,33629,49567,medsl,1
2020,MS,Jackson,0,54543,0,0,17375,36295,54543,medsl,1
2024,MS,Jackson,0,52410,0,0,15469,36376,52410,medsl,1
2004,MS,Jasper,0,7926,0,0,4081,3808,7926,medsl,1
2008,MS,Jasper,0,9187,0,0,5025,4135,9187,medsl,1
2012,MS,Jasper,0,9340,0,0,5097,4193,9340,medsl,1
2016,MS,Jasper,0,8475,0,0,4368,4038,8475,medsl,1
2020,MS,Jasper,0,8736,0,0,4341,4302,8736,medsl,1
2024,MS,Jasper,0,7890,0,0,3722,4118,7890,medsl,1
2004,MS,Jefferson,0,3440,0,0,2798,627,3440,medsl,1
2008,MS,Jefferson,0,4470,0,0,3883,551,4470,medsl,1
2012,MS,Jefferson,0,4433,0,0,3951,468,4433,medsl,1
2016,MS,Jefferson,0,3860,0,0,3337,490,3860,medsl,1
2020,MS,Jefferson,0,3908,0,0,3327,531,3908,medsl,1
2024,MS,Jefferson,0,3299,0,0,2727,541,3299,medsl,1
2004,MS,Jefferson Davis,0,5760,0,0,2955,2667,5760,medsl,1
2008,MS,Jefferson Davis,0,7350,0,0,4454,2871,7350,medsl,1
2012,MS,Jefferson Davis,0,6864,0,0,4267,2507,6864,medsl,1
2016,MS,Jefferson Davis,0,6237,0,0,3720,2466,6237,medsl,1
2020,MS,Jefferson Davis,0,6213,0,0,3599,2534,6213,medsl,1
2024,MS,Jefferson Davis,0,5378,0,0,3041,2302,5378,medsl,1
2004,MS,Jones,0,26518,0,0,7344,19032,26518,medsl,1
2008,MS,Jones,0,29161,0,0,8846,20157,29161,medsl,1
2012,MS,Jones,0,30159,0,0,9211,20687,30159,medsl,1
2016,MS,Jones,0,28352,0,0,7791,20133,28352,medsl,1
2020,MS,Jones,0,30091,0,0,8517,21226,30091,medsl,1
2024,MS,Jones,0,27755,0,0,7272,20265,27755,medsl,1
2004,MS,Kemper,0,4589,0,0,2454,2107,4589,medsl,1
2008,MS,Kemper,0,5209,0,0,3256,1935,5209,medsl,1
2012,MS,Kemper,0,5052,0,0,3239,1789,5052,medsl,1
2016,MS,Kemper,0,4639,0,0,2827,1778,4639,medsl,1
2020,MS,Kemper,0,4731,0,0,2887,1787,4731,medsl,1
2024,MS,Kemper,0,4086,0,0,2381,1691,4086,medsl,1
2004,MS,Lafayette,0,15388,0,0,6218,9004,15388,medsl,1
2008,MS,Lafayette,0,18396,0,0,7997,10278,18396,medsl,1
2012,MS,Lafayette,0,19505,0,0,8091,11075,19505,medsl,1
2016,MS,Lafayette,0,19643,0,0,7969,10872,19643,medsl,1
2020,MS,Lafayette,0,23423,0,0,10070,12949,23423,medsl,1
2024,MS,Lafayette,0,23409,0,0,8956,14050,23409,medsl,1
2004,MS,Lamar,0,20294,0,0,3876,16288,20294,medsl,1
2008,MS,Lamar,0,23806,0,0,5159,18497,23806,medsl,1
2012,MS,Lamar,0,24889,0,0,5494,19101,24889,medsl,1
2016,MS,Lamar,0,24592,0,0,5190,18751,24592,medsl,1
2020,MS,Lamar,0,28485,0,0,7340,20704,28485,medsl,1
2024,MS,Lamar,0,28171,0,0,7038,20775,28171,medsl,1
2004,MS,Lauderdale,0,29555,0,0,10026,19395,29555,medsl,1
2008,MS,Lauderdale,0,33039,0,0,13332,19582,33039,medsl,1
2012,MS,Lauderdale,0,32777,0,0,13814,18700,32777,medsl,1
2016,MS,Lauderdale,0,29506,0,0,11269,17741,29506,medsl,1
2020,MS,Lauderdale,0,31247,0,0,12960,17967,31247,medsl,1
2024,MS,Lauderdale,0,27407,0,0,10677,16487,27407,medsl,1
2004,MS,Lawrence,0,6522,0,0,2355,4119,6522,medsl,1
2008,MS,Lawrence,0,6979,0,0,2587,4369,6979,medsl,1
2012,MS,Lawrence,0,6698,0,0,2468,4192,6698,medsl,1
2016,MS,Lawrence,0,6364,0,0,2195,4091,6364,medsl,1
2020,MS,Lawrence,0,6613,0,0,2260,4285,6613,medsl,1
2024,MS,Lawrence,0,6053,0,0,1899,4113,6053,medsl,1
2004,MS,Leake,0,8173,0,0,3212,4926,8173,medsl,1
2008,MS,Leake,0,9330,0,0,4151,5148,9330,medsl,1
2012,MS,Leake,0,8983,0,0,4079,4863,8983,medsl,1
2016,MS,Leake,0,8449,0,0,3584,4782,8449,medsl,1
2020,MS,Leake,0,9200,0,0,3897,5228,9200,medsl,1
2024,MS,Leake,0,8380,0,0,3182,5143,8380,medsl,1
2004,MS,Lee,0,30010,0,0,9895,19878,30010,medsl,1
2008,MS,Lee,0,34841,0,0,12021,22694,34841,medsl,1
2012,MS,Lee,0,35306,0,0,12563,22415,35306,medsl,1
2016,MS,Lee,0,32913,0,0,10029,22220,32913,medsl,1
2020,MS,Lee,0,36954,0,0,12189,24207,36954,medsl,1
2024,MS,Lee,0,35338,0,0,10616,24339,35338,medsl,1
2004,MS,Leflore,0,11684,0,0,7240,4427,11684,medsl,1
2008,MS,Leflore,0,13081,0,0,8914,4105,13081,medsl,1
2012,MS,Leflore,0,12773,0,0,9119,3587,12773,medsl,1
2016,MS,Leflore,0,11140,0,0,7787,3212,11140,medsl,1
2020,MS,Leflore,0,10893,0,0,7648,3129,10893,medsl,1
2024,MS,Leflore,0,9421,0,0,6476,2854,9421,medsl,1
2004,MS,Lincoln,0,14326,0,0,4372,9889,14326,medsl,1
2008,MS,Lincoln,0,16353,0,0,5505,10781,16353,medsl,1
2012,MS,Lincoln,0,16414,0,0,5471,10839,16414,medsl,1
2016,MS,Lincoln,0,15193,0,0,4458,10550,15193,medsl,1
2020,MS,Lincoln,0,16801,0,0,5040,11596,16801,medsl,1
2024,MS,Lincoln,0,15802,0,0,4262,11432,15802,medsl,1
2004,MS,Lowndes,0,20748,0,0,7904,12642,20748,medsl,1
2008,MS,Lowndes,0,27387,0,0,13209,13994,27387,medsl,1
2012,MS,Lowndes,0,27158,0,0,13388,13518,27158,medsl,1
2016,MS,Lowndes,0,25575,0,0,11819,13271,25575,medsl,1
2020,MS,Lowndes,0,27241,0,0,13087,13800,27241,medsl,1
2024,MS,Lowndes,0,24426,0,0,11096,13087,24426,medsl,1
2004,MS,Madison,0,37148,0,0,12942,24015,37148,medsl,1
2008,MS,Madison,0,47177,0,0,19831,27203,47177,medsl,1
2012,MS,Madison,0,49571,0,0,20722,28507,49571,medsl,1
2016,MS,Madison,0,49802,0,0,20343,28265,49802,medsl,1
2020,MS,Madison,0,56212,0,0,24440,31091,56212,medsl,1
2024,MS,Madison,0,55710,0,0,22700,32333,55710,medsl,1
2004,MS,Marion,0,11732,0,0,3828,7845,11732,medsl,1
2008,MS,Marion,0,12979,0,0,4422,8513,12979,medsl,1
2012,MS,Marion,0,12729,0,0,4393,8237,12729,medsl,1
2016,MS,Marion,0,11693,0,0,3677,7836,11693,medsl,1
2020,MS,Marion,0,12177,0,0,3787,8273,12177,medsl,1
2024,MS,Marion,0,11188,0,0,3215,7874,11188,medsl,1
2004,MS,Marshall,0,14486,0,0,8472,5932,14486,medsl,1
2008,MS,Marshall,0,16445,0,0,9685,6683,16445,medsl,1
2012,MS,Marshall,0,16240,0,0,9650,6473,16240,medsl,1
2016,MS,Marshall,0,14839,0,0,8023,6587,14839,medsl,1
2020,MS,Marshall,0,15817,0,0,8057,7566,15817,medsl,1
2024,MS,Marshall,0,14983,0,0,6888,7977,14983,medsl,1
2004,MS,Monroe,0,15459,0,0,6149,9223,15459,medsl,1
2008,MS,Monroe,0,17422,0,0,7169,10184,17422,medsl,1
2012,MS,Monroe,0,16918,0,0,7056,9723,16918,medsl,1
2016,MS,Monroe,0,15884,0,0,5524,10167,15884,medsl,1
2020,MS,Monroe,0,17259,0,0,5874,11177,17259,medsl,1
2024,MS,Monroe,0,16069,0,0,5090,10861,16069,medsl,1
2004,MS,Montgomery,0,5396,0,0,2422,2953,5396,medsl,1
2008,MS,Montgomery,0,5699,0,0,2609,3071,5699,medsl,1
2012,MS,Montgomery,0,5645,0,0,2675,2947,5645,medsl,1
2016,MS,Montgomery,0,4996,0,0,2115,2818,4996,medsl,1
2020,MS,Montgomery,0,5075,0,0,2121,2917,5075,medsl,1
2024,MS,Montgomery,0,4424,0,0,1737,2658,4424,medsl,1
2004,MS,Neshoba,0,10133,0,0,2515,7581,10133,medsl,1
2008,MS,Neshoba,0,11352,0,0,3114,8209,11352,medsl,1
2012,MS,Neshoba,0,11015,0,0,3089,7837,11015,medsl,1
2016,MS,Neshoba,0,10553,0,0,2715,7679,10553,medsl,1
2020,MS,Neshoba,0,11703,0,0,3260,8320,11703,medsl,1
2024,MS,Neshoba,0,10861,0,0,2622,8154,10861,medsl,1
2004,MS,Newton,0,8472,0,0,2274,6156,8472,medsl,1
2008,MS,Newton,0,9735,0,0,3218,6479,9735,medsl,1
2012,MS,Newton,0,9777,0,0,3319,6394,9777,medsl,1
2016,MS,Newton,0,9438,0,0,2756,6548,9438,medsl,1
2020,MS,Newton,0,10183,0,0,3075,6997,10183,medsl,1
2024,MS,Newton,0,9323,0,0,2603,6641,9323,medsl,1
2004,MS,Noxubee,0,6020,0,0,4293,1698,6020,medsl,1
2008,MS,Noxubee,0,6580,0,0,5030,1525,6580,medsl,1
2012,MS,Noxubee,0,6264,0,0,4920,1325,6264,medsl,1
2016,MS,Noxubee,0,5574,0,0,4347,1200,5574,medsl,1
2020,MS,Noxubee,0,5339,0,0,4040,1240,5339,medsl,1
2024,MS,Noxubee,0,4449,0,0,3269,1151,4449,medsl,1
2004,MS,Oktibbeha,0,9742,0,0,4178,5485,9742,medsl,1
2008,MS,Oktibbeha,0,18792,0,0,9326,9320,18792,medsl,1
2012,MS,Oktibbeha,0,18117,0,0,9095,8761,18117,medsl,1
2016,MS,Oktibbeha,0,18124,0,0,8859,8576,18124,medsl,1
2020,MS,Oktibbeha,0,19757,0,0,10299,9004,19757,medsl,1
2024,MS,Oktibbeha,0,18051,0,0,8851,8901,18051,medsl,1
2004,MS,Panola,0,13330,0,0,6540,6734,13330,medsl,1
2008,MS,Panola,0,16415,0,0,8690,7620,16415,medsl,1
2012,MS,Panola,0,16826,0,0,9079,7629,16826,medsl,1
2016,MS,Panola,0,15064,0,0,7431,7449,15064,medsl,1
2020,MS,Panola,0,15627,0,0,7403,8060,15627,medsl,1
2024,MS,Panola,0,14422,0,0,6061,8202,14422,medsl,1
2004,MS,Pearl River,0,19121,0,0,4392,14612,19121,medsl,1
2008,MS,Pearl River,0,22326,0,0,4320,17881,22326,medsl,1
2012,MS,Pearl River,0,22224,0,0,4366,17549,22224,medsl,1
2016,MS,Pearl River,0,21883,0,0,3604,17782,21883,medsl,1
2020,MS,Pearl River,0,24033,0,0,4148,19595,24033,medsl,1
2024,MS,Pearl River,0,24671,0,0,3982,20438,24671,medsl,1
2004,MS,Perry,0,5010,0,0,1259,3729,5010,medsl,1
2008,MS,Perry,0,5640,0,0,1533,4067,5640,medsl,1
2012,MS,Perry,0,5722,0,0,1527,4137,5722,medsl,1
2016,MS,Perry,0,5432,0,0,1220,4135,5432,medsl,1
2020,MS,Perry,0,5916,0,0,1362,4500,5916,medsl,1
2024,MS,Perry,0,5539,0,0,1078,4425,5539,medsl,1
2004,MS,Pike,0,16215,0,0,7578,8547,16215,medsl,1
2008,MS,Pike,0,17992,0,0,9276,8651,17992,medsl,1
2012,MS,Pike,0,17974,0,0,9650,8181,17974,medsl,1
2016,MS,Pike,0,16310,0,0,8043,8009,16310,medsl,1
2020,MS,Pike,0,17342,0,0,8646,8479,17342,medsl,1
2024,MS,Pike,0,15485,0,0,7402,7943,15485,medsl,1
2004,MS,Pontotoc,0,11061,0,0,2591,8375,11061,medsl,1
2008,MS,Pontotoc,0,12791,0,0,2982,9727,12791,medsl,1
2012,MS,Pontotoc,0,12411,0,0,2804,9448,12411,medsl,1
2016,MS,Pontotoc,0,12984,0,0,2386,10336,12984,medsl,1
2020,MS,Pontotoc,0,14361,0,0,2614,11550,14361,medsl,1
2024,MS,Pontotoc,0,14068,0,0,2214,11740,14068,medsl,1
2004,MS,Prentiss,0,9876,0,0,3306,6503,9876,medsl,1
2008,MS,Prentiss,0,10795,0,0,3020,7703,10795,medsl,1
2012,MS,Prentiss,0,10033,0,0,2817,7075,10033,medsl,1
2016,MS,Prentiss,0,9872,0,0,2067,7648,9872,medsl,1
2020,MS,Prentiss,0,10644,0,0,2153,8370,10644,medsl,1
2024,MS,Prentiss,0,10381,0,0,1727,8581,10381,medsl,1
2004,MS,Quitman,0,3416,0,0,2032,1360,3416,medsl,1
2008,MS,Quitman,0,4155,0,0,2803,1334,4155,medsl,1
2012,MS,Quitman,0,3979,0,0,2837,1116,3979,medsl,1
2016,MS,Quitman,0,3365,0,0,2312,1001,3365,medsl,1
2020,MS,Quitman,0,3226,0,0,2150,1026,3226,medsl,1
2024,MS,Quitman,0,2677,0,0,1725,902,2677,medsl,1
2004,MS,Rankin,0,53365,0,0,10738,41971,53365,medsl,1
2008,MS,Rankin,0,62861,0,0,14372,48140,62861,medsl,1
2012,MS,Rankin,0,64145,0,0,14988,48444,64145,medsl,1
2016,MS,Rankin,0,62768,0,0,14110,47178,62768,medsl,1
2020,MS,Rankin,0,70655,0,0,18847,50895,70655,medsl,1
2024,MS,Rankin,0,69678,0,0,18060,50896,69678,medsl,1
2004,MS,Scott,0,10175,0,0,3780,6364,10175,medsl,1
2008,MS,Scott,0,11641,0,0,5025,6584,11641,medsl,1
2012,MS,Scott,0,11202,0,0,5031,6089,11202,medsl,1
2016,MS,Scott,0,10522,0,0,4268,6122,10522,medsl,1
2020,MS,Scott,0,10733,0,0,4330,6285,10733,medsl,1
2024,MS,Scott,0,9891,0,0,3729,6098,9891,medsl,1
2004,MS,Sharkey,0,3081,0,0,1553,1115,3081,medsl,1
2008,MS,Sharkey,0,2790,0,0,1907,873,2790,medsl,1
2012,MS,Sharkey,0,2532,0,0,1782,737,2532,medsl,1
2016,MS,Sharkey,0,2190,0,0,1479,692,2190,medsl,1
2020,MS,Sharkey,0,2183,0,0,1465,688,2183,medsl,1
2024,MS,Sharkey,0,1766,0,0,1201,551,1766,medsl,1
2004,MS,Simpson,0,10077,0,0,3262,6810,10077,medsl,1
2008,MS,Simpson,0,12545,0,0,4817,7641,12545,medsl,1
2012,MS,Simpson,0,12249,0,0,4723,7424,12249,medsl,1
2016,MS,Simpson,0,11419,0,0,3874,7393,11419,medsl,1
2020,MS,Simpson,0,11815,0,0,4037,7635,11815,medsl,1
2024,MS,Simpson,0,11094,0,0,3479,7552,11094,medsl,1
2004,MS,Smith,0,7106,0,0,1493,5566,7106,medsl,1
2008,MS,Smith,0,8277,0,0,1968,6265,8277,medsl,1
2012,MS,Smith,0,8099,0,0,1979,6049,8099,medsl,1
2016,MS,Smith,0,7627,0,0,1617,5928,7627,medsl,1
2020,MS,Smith,0,8327,0,0,1791,6458,8327,medsl,1
2024,MS,Smith,0,7676,0,0,1486,6146,7676,medsl,1
2004,MS,Stone,0,5630,0,0,1502,4072,5630,medsl,1
2008,MS,Stone,0,7192,0,0,1996,5149,7192,medsl,1
2012,MS,Stone,0,7532,0,0,2003,5420,7532,medsl,1
2016,MS,Stone,0,7045,0,0,1573,5306,7045,medsl,1
2020,MS,Stone,0,7878,0,0,1802,5964,7878,medsl,1
2024,MS,Stone,0,7919,0,0,1620,6214,7919,medsl,1
2004,MS,Sunflower,0,9663,0,0,6057,3492,9663,medsl,1
2008,MS,Sunflower,0,11156,0,0,7838,3245,11156,medsl,1
2012,MS,Sunflower,0,11228,0,0,8199,2929,11228,medsl,1
2016,MS,Sunflower,0,9598,0,0,6725,2794,9598,medsl,1
2020,MS,Sunflower,0,9681,0,0,6781,2799,9681,medsl,1
2024,MS,Sunflower,0,7876,0,0,5312,2515,7876,medsl,1
2004,MS,Tallahatchie,0,6161,0,0,3377,2725,6161,medsl,1
2008,MS,Tallahatchie,0,6923,0,0,4105,2786,6923,medsl,1
2012,MS,Tallahatchie,0,6503,0,0,3959,2499,6503,medsl,1
2016,MS,Tallahatchie,0,5870,0,0,3337,2462,5870,medsl,1
2020,MS,Tallahatchie,0,5685,0,0,3105,2488,5685,medsl,1
2024,MS,Tallahatchie,0,5012,0,0,2630,2333,5012,medsl,1
2004,MS,Tate,0,11001,0,0,4279,6663,11001,medsl,1
2008,MS,Tate,0,12731,0,0,5003,7678,12731,medsl,1
2012,MS,Tate,0,12406,0,0,4933,7332,12406,medsl,1
2016,MS,Tate,0,11627,0,0,3926,7495,11627,medsl,1
2020,MS,Tate,0,13093,0,0,4183,8707,13093,medsl,1
2024,MS,Tate,0,12861,0,0,3555,9185,12861,medsl,1
2004,MS,Tippah,0,9113,0,0,2983,6048,9113,medsl,1
2008,MS,Tippah,0,9629,0,0,2623,6937,9629,medsl,1
2012,MS,Tippah,0,9164,0,0,2317,6717,9164,medsl,1
2016,MS,Tippah,0,9235,0,0,1842,7240,9235,medsl,1
2020,MS,Tippah,0,10102,0,0,1937,8054,10102,medsl,1
2024,MS,Tippah,0,9591,0,0,1547,7984,9591,medsl,1
2004,MS,Tishomingo,0,8165,0,0,2775,5288,8165,medsl,1
2008,MS,Tishomingo,0,8292,0,0,1962,6249,8292,medsl,1
2012,MS,Tishomingo,0,7936,0,0,1643,6133,7936,medsl,1
2016,MS,Tishomingo,0,8371,0,0,999,7166,8371,medsl,1
2020,MS,Tishomingo,0,9138,0,0,1059,7933,9138,medsl,1
2024,MS,Tishomingo,0,9050,0,0,921,8064,9050,medsl,1
2004,MS,Tunica,0,2815,0,0,1934,845,2815,medsl,1
2008,MS,Tunica,0,4323,0,0,3279,1017,4323,medsl,1
2012,MS,Tunica,0,4382,0,0,3475,883,4382,medsl,1
2016,MS,Tunica,0,3567,0,0,2667,853,3567,medsl,1
2020,MS,Tunica,0,3562,0,0,2580,926,3562,medsl,1
2024,MS,Tunica,0,2668,0,0,1837,799,2668,medsl,1
2004,MS,Union,0,10199,0,0,2710,7422,10199,medsl,1
2008,MS,Union,0,12109,0,0,2985,9072,12109,medsl,1
2012,MS,Union,0,11365,0,0,2742,8498,11365,medsl,1
2016,MS,Union,0,11496,0,0,2012,9235,11496,medsl,1
2020,MS,Union,0,12683,0,0,2160,10373,12683,medsl,1
2024,MS,Union,0,12478,0,0,1807,10559,12478,medsl,1
2004,MS,Walthall,0,6459,0,0,2550,3873,6459,medsl,1
2008,MS,Walthall,0,7749,0,0,3456,4253,7749,medsl,1
2012,MS,Walthall,0,7551,0,0,3422,4051,7551,medsl,1
2016,MS,Walthall,0,6919,0,0,2790,4056,6919,medsl,1
2020,MS,Walthall,0,7119,0,0,2835,4220,7119,medsl,1
2024,MS,Walthall,0,6529,0,0,2355,4114,6529,medsl,1
2004,MS,Warren,0,20117,0,0,8244,11773,20117,medsl,1
2008,MS,Warren,0,21709,0,0,10489,11152,21709,medsl,1
2012,MS,Warren,0,21391,0,0,10786,10457,21391,medsl,1
2016,MS,Warren,0,19416,0,0,9284,9767,19416,medsl,1
2020,MS,Warren,0,21053,0,0,10442,10365,21053,medsl,1
2024,MS,Warren,0,18298,0,0,8683,9407,18298,medsl,1
2004,MS,Washington,0,17875,0,0,10562,7031,17875,medsl,1
2008,MS,Washington,0,19555,0,0,13148,6347,19555,medsl,1
2012,MS,Washington,0,19715,0,0,13981,5651,19715,medsl,1
2016,MS,Washington,0,16825,0,0,11380,5244,16825,medsl,1
2020,MS,Washington,0,18008,0,0,12503,5300,18008,medsl,1
2024,MS,Washington,0,14540,0,0,9735,4649,14540,medsl,1
2004,MS,Wayne,0,8527,0,0,3155,5333,8527,medsl,1
2008,MS,Wayne,0,9996,0,0,3890,6070,9996,medsl,1
2012,MS,Wayne,0,10332,0,0,4148,6111,10332,medsl,1
2016,MS,Wayne,0,9599,0,0,3524,5990,9599,medsl,1
2020,MS,Wayne,0,10056,0,0,3624,6307,10056,medsl,1
2024,MS,Wayne,0,9119,0,0,3028,6013,9119,medsl,1
2004,MS,Webster,0,5002,0,0,1318,3668,5002,medsl,1
2008,MS,Webster,0,5439,0,0,1349,4072,5439,medsl,1
2012,MS,Webster,0,5234,0,0,1190,3992,5234,medsl,1
2016,MS,Webster,0,5069,0,0,1019,3976,5069,medsl,1
2020,MS,Webster,0,5395,0,0,1043,4291,5395,medsl,1
2024,MS,Webster,0,5095,0,0,872,4195,5095,medsl,1
2004,MS,Wilkinson,0,4388,0,0,2794,1563,4388,medsl,1
2008,MS,Wilkinson,0,5122,0,0,3534,1560,5122,medsl,1
2012,MS,Wilkinson,0,4853,0,0,3412,1415,4853,medsl,1
2016,MS,Wilkinson,0,4218,0,0,2857,1318,4218,medsl,1
2020,MS,Wilkinson,0,4127,0,0,2749,1324,4127,medsl,1
2024,MS,Wilkinson,0,2931,0,0,1817,1075,2931,medsl,1
2004,MS,Winston,0,9382,0,0,3960,5375,9382,medsl,1
2008,MS,Winston,0,10190,0,0,4653,5497,10190,medsl,1
2012,MS,Winston,0,9829,0,0,4607,5168,9829,medsl,1
2016,MS,Winston,0,8881,0,0,3850,4910,8881,medsl,1
2020,MS,Winston,0,9236,0,0,4040,5112,9236,medsl,1
2024,MS,Winston,0,8384,0,0,3392,4922,8384,medsl,1
2004,MS,Yalobusha,0,5971,0,0,2656,3278,5971,medsl,1
2008,MS,Yalobusha,0,6801,0,0,3151,3628,6801,medsl,1
2012,MS,Yalobusha,0,6354,0,0,3030,3276,6354,medsl,1
2016,MS,Yalobusha,0,6077,0,0,2582,3376,6077,medsl,1
2020,MS,Yalobusha,0,6535,0,0,2785,3671,6535,medsl,1
2024,MS,Yalobusha,0,5878,0,0,2289,3518,5878,medsl,1
2004,MS,Yazoo,0,10694,0,0,4798,5595,10694,medsl,1
2008,MS,Yazoo,0,11452,0,0,6116,5290,11452,medsl,1
2012,MS,Yazoo,0,11620,0,0,6603,4941,11620,medsl,1
2016,MS,Yazoo,0,10070,0,0,5369,4598,10070,medsl,1
2020,MS,Yazoo,0,10436,0,0,5496,4832,10436,medsl,1
2024,MS,Yazoo,0,8971,0,0,4342,4558,8971,medsl,1
2004,MT,Beaverhead,0,4242,0,0,1103,3067,4242,medsl,1
2008,MT,Beaverhead,0,4763,0,0,1617,3008,4763,medsl,1
2012,MT,Beaverhead,0,4812,0,0,1371,3289,4812,medsl,1
2016,MT,Beaverhead,0,4849,0,0,1143,3353,4849,medsl,1
2020,MT,Beaverhead,0,5661,0,0,1608,3923,5661,medsl,1
2024,MT,Beaverhead,0,5794,0,0,1543,4058,5794,medsl,1
2004,MT,Big Horn,0,4311,0,0,2215,2028,4311,medsl,1
2008,MT,Big Horn,0,5219,0,0,3516,1628,5219,medsl,1
2012,MT,Big Horn,0,4626,0,0,2882,1667,4626,medsl,1
2016,MT,Big Horn,0,4237,0,0,2094,1853,4237,medsl,1
2020,MT,Big Horn,0,4784,0,0,2491,2207,4784,medsl,1
2024,MT,Big Horn,0,4470,0,0,2112,2188,4470,medsl,1
2004,MT,Blaine,0,2768,0,0,1300,1424,2768,medsl,1
2008,MT,Blaine,0,3014,0,0,1702,1139,3014,medsl,1
2012,MT,Blaine,0,2859,0,0,1616,1178,2859,medsl,1
2016,MT,Blaine,0,2684,0,0,1202,1268,2684,medsl,1
2020,MT,Blaine,0,3117,0,0,1589,1469,3117,medsl,1
2024,MT,Blaine,0,3019,0,0,1348,1526,3019,medsl,1
2004,MT,Broadwater,0,2353,0,0,533,1778,2353,medsl,0
2008,MT,Broadwater,0,2775,0,0,854,1853,2775,medsl,0
2012,MT,Broadwater,0,3011,0,0,764,2152,3011,medsl,0
2016,MT,Broadwater,0,3133,0,0,573,2348,3133,medsl,0
2020,MT,Broadwater,0,4097,0,0,835,3173,4097,medsl,0
2024,MT,Broadwater,0,4810,0,0,885,3770,4810,medsl,0
2004,MT,Carbon,0,5321,0,0,1847,3342,5321,medsl,1
2008,MT,Carbon,0,5750,0,0,2443,3108,5750,medsl,1
2012,MT,Carbon,0,5846,0,0,2146,3533,5846,medsl,1
2016,MT,Carbon,0,5991,0,0,1828,3748,5991,medsl,1
2020,MT,Carbon,0,7052,0,0,2421,4468,7052,medsl,1
2024,MT,Carbon,0,7297,0,0,2353,4719,7297,medsl,1
2004,MT,Carter,0,709,0,0,76,623,709,medsl,1
2008,MT,Carter,0,866,0,0,111,573,866,medsl,1
2012,MT,Carter,0,794,0,0,96,678,794,medsl,1
2016,MT,Carter,0,786,0,0,70,678,786,medsl,1
2020,MT,Carter,0,864,0,0,74,775,864,medsl,1
2024,MT,Carter,0,854,0,0,75,760,854,medsl,1
2004,MT,Cascade,0,33459,0,0,13701,19028,33459,medsl,1
2008,MT,Cascade,0,35396,0,0,17664,16857,35396,medsl,1
2012,MT,Cascade,0,34564,0,0,15232,18345,34564,medsl,1
2016,MT,Cascade,0,34571,0,0,12175,19632,34571,medsl,1
2020,MT,Cascade,0,39885,0,0,15456,23315,39885,medsl,1
2024,MT,Cascade,0,37583,0,0,14021,22419,37583,medsl,1
2004,MT,Chouteau,0,2921,0,0,946,1913,2921,medsl,1
2008,MT,Chouteau,0,2866,0,0,1122,1634,2866,medsl,1
2012,MT,Chouteau,0,2821,0,0,978,1758,2821,medsl,1
2016,MT,Chouteau,0,2603,0,0,732,1679,2603,medsl,1
2020,MT,Chouteau,0,2965,0,0,991,1891,2965,medsl,1
2024,MT,Chouteau,0,2934,0,0,940,1885,2934,medsl,1
2004,MT,Custer,0,5048,0,0,1630,3297,5048,medsl,1
2008,MT,Custer,0,5482,0,0,2267,3047,5482,medsl,1
2012,MT,Custer,0,5365,0,0,1833,3373,5365,medsl,1
2016,MT,Custer,0,5185,0,0,1176,3657,5185,medsl,1
2020,MT,Custer,0,5860,0,0,1514,4205,5860,medsl,1
2024,MT,Custer,0,5797,0,0,1385,4208,5797,medsl,1
2004,MT,Daniels,0,1119,0,0,326,764,1119,medsl,1
2008,MT,Daniels,0,1073,0,0,343,694,1073,medsl,1
2012,MT,Daniels,0,1007,0,0,237,740,1007,medsl,1
2016,MT,Daniels,0,962,0,0,168,730,962,medsl,1
2020,MT,Daniels,0,1014,0,0,195,799,1014,medsl,1
2024,MT,Daniels,0,951,0,0,154,778,951,medsl,1
2004,MT,Dawson,0,4484,0,0,1494,2884,4484,medsl,1
2008,MT,Dawson,0,4450,0,0,1593,2639,4450,medsl,1
2012,MT,Dawson,0,4423,0,0,1219,3029,4423,medsl,1
2016,MT,Dawson,0,4374,0,0,787,3320,4374,medsl,1
2020,MT,Dawson,0,4825,0,0,962,3758,4825,medsl,1
2024,MT,Dawson,0,4638,0,0,894,3627,4638,medsl,1
2004,MT,Deer Lodge,0,4543,0,0,2700,1725,4543,medsl,1
2008,MT,Deer Lodge,0,5074,0,0,3402,1502,5074,medsl,1
2012,MT,Deer Lodge,0,4460,0,0,2860,1448,4460,medsl,1
2016,MT,Deer Lodge,0,4206,0,0,2058,1763,4206,medsl,1
2020,MT,Deer Lodge,0,4891,0,0,2562,2186,4891,medsl,1
2024,MT,Deer Lodge,0,4870,0,0,2376,2329,4870,medsl,1
2004,MT,Fallon,0,1491,0,0,289,1178,1491,medsl,1
2008,MT,Fallon,0,1539,0,0,318,1064,1539,medsl,1
2012,MT,Fallon,0,1405,0,0,237,1128,1405,medsl,1
2016,MT,Fallon,0,1484,0,0,154,1279,1484,medsl,1
2020,MT,Fallon,0,1575,0,0,172,1375,1575,medsl,1
2024,MT,Fallon,0,1507,0,0,163,1303,1507,medsl,1
2004,MT,Fergus,0,6127,0,0,1582,4425,6127,medsl,0
2008,MT,Fergus,0,6232,0,0,1933,4108,6232,medsl,0
2012,MT,Fergus,0,6071,0,0,1640,4257,6071,medsl,0
2016,MT,Fergus,0,5840,0,0,1202,4269,5840,medsl,0
2020,MT,Fergus,0,6507,0,0,1496,4869,6507,medsl,0
2024,MT,Fergus,0,6712,0,0,1522,4965,6712,medsl,0
2004,MT,Flathead,0,38678,0,0,11587,26019,38678,medsl,1
2008,MT,Flathead,0,43744,0,0,16138,25559,43744,medsl,1
2012,MT,Flathead,0,43476,0,0,13892,28309,43476,medsl,1
2016,MT,Flathead,0,46571,0,0,13293,30240,46571,medsl,1
2020,MT,Flathead,0,59936,0,0,20274,38321,59936,medsl,1
2024,MT,Flathead,0,63140,0,0,20062,41390,63140,medsl,1
2004,MT,Gallatin,0,39841,0,0,16405,22392,39841,medsl,1
2008,MT,Gallatin,0,48169,0,0,24205,22578,48169,medsl,1
2012,MT,Gallatin,0,47882,0,0,21961,24358,47882,medsl,1
2016,MT,Gallatin,0,53819,0,0,24246,23802,53819,medsl,1
2020,MT,Gallatin,0,70979,0,0,37044,31696,70979,medsl,1
2024,MT,Gallatin,0,69897,0,0,34938,32695,69897,medsl,1
2004,MT,Garfield,0,655,0,0,52,590,655,medsl,1
2008,MT,Garfield,0,727,0,0,110,598,727,medsl,1
2012,MT,Garfield,0,700,0,0,66,622,700,medsl,1
2016,MT,Garfield,0,718,0,0,34,653,718,medsl,1
2020,MT,Garfield,0,813,0,0,41,764,813,medsl,1
2024,MT,Garfield,0,800,0,0,39,756,800,medsl,1
2004,MT,Glacier,0,4562,0,0,2641,1828,4562,medsl,1
2008,MT,Glacier,0,4971,0,0,3423,1451,4971,medsl,1
2012,MT,Glacier,0,4452,0,0,2924,1415,4452,medsl,1
2016,MT,Glacier,0,5075,0,0,3121,1620,5075,medsl,1
2020,MT,Glacier,0,5617,0,0,3610,1884,5617,medsl,1
2024,MT,Glacier,0,5078,0,0,2933,1939,5078,medsl,1
2004,MT,Glacier County,7745,4629,979,3650,2641,1828,4629,manual,1
2008,MT,Glacier County,8384,5067,3453,1614,3361,1443,4899,manual,1
2012,MT,Glacier County,7616,4554,2076,2478,2924,1415,4554,manual,1
2016,MT,Glacier County,7782,5334,3208,2126,3121,1620,4741,manual,1
2020,MT,Glacier County,8353,5788,3954,230,3610,1884,5617,manual,1
2024,MT,Glacier County,8352,5191,3954,1237,2933,1939,5078,manual,1
2004,MT,Golden Valley,0,522,0,0,119,396,522,medsl,1
2008,MT,Golden Valley,0,492,0,0,124,343,492,medsl,1
2012,MT,Golden Valley,0,479,0,0,110,351,479,medsl,1
2016,MT,Golden Valley,0,474,0,0,71,365,474,medsl,1
2020,MT,Golden Valley,0,503,0,0,78,414,503,medsl,1
2024,MT,Golden Valley,0,515,0,0,67,440,515,medsl,1
2004,MT,Granite,0,1605,0,0,404,1144,1605,medsl,1
2008,MT,Granite,0,1718,0,0,601,1013,1718,medsl,1
2012,MT,Granite,0,1705,0,0,533,1107,1705,medsl,1
2016,MT,Granite,0,1777,0,0,472,1192,1777,medsl,1
2020,MT,Granite,0,2102,0,0,638,1419,2102,medsl,1
2024,MT,Granite,0,2176,0,0,579,1537,2176,medsl,1
2004,MT,Hill,0,6657,0,0,2997,3505,6657,medsl,1
2008,MT,Hill,0,6661,0,0,3596,2787,6661,medsl,1
2012,MT,Hill,0,6820,0,0,3403,3164,6820,medsl,1
2016,MT,Hill,0,6445,0,0,2371,3478,6445,medsl,1
2020,MT,Hill,0,7182,0,0,2981,3957,7182,medsl,1
2024,MT,Hill,0,6804,0,0,2634,3871,6804,medsl,1
2004,MT,Jefferson,0,5868,0,0,1881,3844,5868,medsl,1
2008,MT,Jefferson,0,6341,0,0,2582,3538,6341,medsl,1
2012,MT,Jefferson,0,6520,0,0,2272,4055,6520,medsl,1
2016,MT,Jefferson,0,6714,0,0,1998,4177,6714,medsl,1
2020,MT,Jefferson,0,8151,0,0,2625,5345,8151,medsl,1
2024,MT,Jefferson,0,8291,0,0,2516,5544,8291,medsl,1
2004,MT,Judith Basin,0,1286,0,0,322,944,1286,medsl,1
2008,MT,Judith Basin,0,1236,0,0,397,801,1236,medsl,1
2012,MT,Judith Basin,0,1215,0,0,337,854,1215,medsl,1
2016,MT,Judith Basin,0,1208,0,0,235,872,1208,medsl,1
2020,MT,Judith Basin,0,1344,0,0,275,1040,1344,medsl,1
2024,MT,Judith Basin,0,1353,0,0,265,1051,1353,medsl,1
2004,MT,Lake,0,12576,0,0,4960,7245,12576,medsl,1
2008,MT,Lake,0,13919,0,0,6766,6498,13919,medsl,1
2012,MT,Lake,0,13304,0,0,5805,7135,13304,medsl,1
2016,MT,Lake,0,13181,0,0,4776,7530,13181,medsl,1
2020,MT,Lake,0,16626,0,0,6916,9322,16626,medsl,1
2024,MT,Lake,0,16910,0,0,6510,9880,16910,medsl,1
2004,MT,Lewis And Clark,0,29842,0,0,12717,16494,29842,medsl,1
2008,MT,Lewis And Clark,0,33433,0,0,17114,14966,33433,medsl,1
2012,MT,Lewis And Clark,0,33318,0,0,15620,16803,33318,medsl,1
2016,MT,Lewis And Clark,0,34478,0,0,14478,16895,34478,medsl,1
2020,MT,Lewis And Clark,0,42265,0,0,19743,21409,42265,medsl,1
2024,MT,Lewis And Clark,0,42023,0,0,19085,21479,42023,medsl,1
2004,MT,Liberty,0,1033,0,0,281,734,1033,medsl,1
2008,MT,Liberty,0,1001,0,0,367,594,1001,medsl,1
2012,MT,Liberty,0,988,0,0,257,702,988,medsl,1
2016,MT,Liberty,0,961,0,0,206,698,961,medsl,1
2020,MT,Liberty,0,1083,0,0,249,821,1083,medsl,1
2024,MT,Liberty,0,988,0,0,214,752,988,medsl,1
2004,MT,Lincoln,0,8447,0,0,2320,5889,8447,medsl,1
2008,MT,Lincoln,0,9227,0,0,3025,5704,9227,medsl,1
2012,MT,Lincoln,0,8889,0,0,2552,6057,8889,medsl,1
2016,MT,Lincoln,0,9330,0,0,2041,6729,9330,medsl,1
2020,MT,Lincoln,0,11747,0,0,2835,8672,11747,medsl,1
2024,MT,Lincoln,0,11789,0,0,2615,8909,11789,medsl,1
2004,MT,Madison,0,3933,0,0,983,2868,3933,medsl,1
2008,MT,Madison,0,4568,0,0,1607,2822,4568,medsl,1
2012,MT,Madison,0,4530,0,0,1289,3130,4530,medsl,1
2016,MT,Madison,0,4778,0,0,1180,3297,4778,medsl,1
2020,MT,Madison,0,6087,0,0,1771,4191,6087,medsl,1
2024,MT,Madison,0,6461,0,0,1689,4615,6461,medsl,1
2004,MT,Mccone,0,1137,0,0,320,791,1137,medsl,1
2008,MT,Mccone,0,1106,0,0,321,726,1106,medsl,1
2012,MT,Mccone,0,993,0,0,223,745,993,medsl,1
2016,MT,Mccone,0,1060,0,0,154,862,1060,medsl,1
2020,MT,Mccone,0,1128,0,0,155,956,1128,medsl,1
2024,MT,Mccone,0,1082,0,0,129,931,1082,medsl,1
2004,MT,Meagher,0,973,0,0,247,698,973,medsl,1
2008,MT,Meagher,0,966,0,0,298,624,966,medsl,1
2012,MT,Meagher,0,972,0,0,269,670,972,medsl,1
2016,MT,Meagher,0,977,0,0,193,729,977,medsl,1
2020,MT,Meagher,0,1110,0,0,258,833,1110,medsl,1
2024,MT,Meagher,0,1172,0,0,256,888,1172,medsl,1
2004,MT,Mineral,0,1837,0,0,542,1242,1837,medsl,0
2008,MT,Mineral,0,2021,0,0,845,1053,2021,medsl,0
2012,MT,Mineral,0,2017,0,0,700,1216,2017,medsl,0
2016,MT,Mineral,0,2012,0,0,519,1330,2012,medsl,0
2020,MT,Mineral,0,2563,0,0,686,1828,2563,medsl,0
2024,MT,Mineral,0,2833,0,0,689,2049,2833,medsl,0
2004,MT,Missoula,0,52452,0,0,26983,23989,52452,medsl,1
2008,MT,Missoula,0,59104,0,0,36531,20743,59104,medsl,1
2012,MT,Missoula,0,57192,0,0,32824,22652,57192,medsl,1
2016,MT,Missoula,0,59203,0,0,31543,22250,59203,medsl,1
2020,MT,Missoula,0,71495,0,0,43357,26347,71495,medsl,1
2024,MT,Missoula,0,72773,0,0,42903,27306,72773,medsl,1
2004,MT,Musselshell,0,2247,0,0,538,1663,2247,medsl,1
2008,MT,Musselshell,0,2306,0,0,636,1581,2306,medsl,1
2012,MT,Musselshell,0,2407,0,0,492,1833,2407,medsl,1
2016,MT,Musselshell,0,2441,0,0,332,1967,2441,medsl,1
2020,MT,Musselshell,0,2881,0,0,413,2423,2881,medsl,1
2024,MT,Musselshell,0,3012,0,0,396,2550,3012,medsl,1
2004,MT,Park,0,8217,0,0,3199,4771,8217,medsl,1
2008,MT,Park,0,9815,0,0,4173,4376,9815,medsl,1
2012,MT,Park,0,8768,0,0,3783,4709,8768,medsl,1
2016,MT,Park,0,9359,0,0,3595,4980,9359,medsl,1
2020,MT,Park,0,11566,0,0,5280,6025,11566,medsl,1
2024,MT,Park,0,11717,0,0,5224,6128,11717,medsl,1
2004,MT,Petroleum,0,292,0,0,55,228,292,medsl,1
2008,MT,Petroleum,0,300,0,0,68,227,300,medsl,1
2012,MT,Petroleum,0,298,0,0,49,240,298,medsl,1
2016,MT,Petroleum,0,322,0,0,30,278,322,medsl,1
2020,MT,Petroleum,0,348,0,0,39,298,348,medsl,1
2024,MT,Petroleum,0,324,0,0,37,284,324,medsl,1
2004,MT,Phillips,0,2170,0,0,456,1677,2170,medsl,1
2008,MT,Phillips,0,2224,0,0,638,1423,2224,medsl,1
2012,MT,Phillips,0,2228,0,0,471,1688,2228,medsl,1
2016,MT,Phillips,0,2171,0,0,318,1723,2171,medsl,1
2020,MT,Phillips,0,2382,0,0,416,1936,2382,medsl,1
2024,MT,Phillips,0,2189,0,0,385,1753,2189,medsl,1
2004,MT,Pondera,0,2860,0,0,956,1853,2860,medsl,1
2008,MT,Pondera,0,2885,0,0,1223,1588,2885,medsl,1
2012,MT,Pondera,0,2719,0,0,975,1673,2719,medsl,1
2016,MT,Pondera,0,2723,0,0,738,1799,2723,medsl,1
2020,MT,Pondera,0,2995,0,0,903,2031,2995,medsl,1
2024,MT,Pondera,0,2852,0,0,782,1972,2852,medsl,1
2004,MT,Powder River,0,1029,0,0,154,856,1029,medsl,1
2008,MT,Powder River,0,1404,0,0,208,802,1404,medsl,1
2012,MT,Powder River,0,1027,0,0,170,833,1027,medsl,1
2016,MT,Powder River,0,1053,0,0,127,884,1053,medsl,1
2020,MT,Powder River,0,1136,0,0,154,970,1136,medsl,1
2024,MT,Powder River,0,1106,0,0,131,963,1106,medsl,1
2004,MT,Powell,0,2830,0,0,761,1993,2830,medsl,1
2008,MT,Powell,0,2940,0,0,1021,1683,2940,medsl,1
2012,MT,Powell,0,2776,0,0,888,1806,2776,medsl,1
2016,MT,Powell,0,2794,0,0,551,2029,2794,medsl,1
2020,MT,Powell,0,3179,0,0,752,2355,3179,medsl,1
2024,MT,Powell,0,3282,0,0,710,2466,3282,medsl,1
2004,MT,Prairie,0,736,0,0,181,546,736,medsl,1
2008,MT,Prairie,0,830,0,0,211,503,830,medsl,1
2012,MT,Prairie,0,703,0,0,167,520,703,medsl,1
2016,MT,Prairie,0,689,0,0,100,556,689,medsl,1
2020,MT,Prairie,0,744,0,0,126,603,744,medsl,1
2024,MT,Prairie,0,688,0,0,122,546,688,medsl,1
2004,MT,Ravalli,0,19866,0,0,6144,13279,19866,medsl,1
2008,MT,Ravalli,0,22101,0,0,8400,13002,22101,medsl,1
2012,MT,Ravalli,0,22206,0,0,7285,14307,22206,medsl,1
2016,MT,Ravalli,0,22556,0,0,6223,14810,22556,medsl,1
2020,MT,Ravalli,0,28507,0,0,8763,19114,28507,medsl,1
2024,MT,Ravalli,0,29904,0,0,8485,20617,29904,medsl,1
2004,MT,Richland,0,4308,0,0,1120,3110,4308,medsl,1
2008,MT,Richland,0,4516,0,0,1203,3184,4516,medsl,1
2012,MT,Richland,0,4645,0,0,1002,3510,4645,medsl,1
2016,MT,Richland,0,4871,0,0,671,3908,4871,medsl,1
2020,MT,Richland,0,5798,0,0,875,4800,5798,medsl,1
2024,MT,Richland,0,5309,0,0,778,4387,5309,medsl,1
2004,MT,Roosevelt,0,4028,0,0,2195,1762,4028,medsl,1
2008,MT,Roosevelt,0,4947,0,0,2564,1473,4947,medsl,1
2012,MT,Roosevelt,0,3672,0,0,2086,1514,3672,medsl,1
2016,MT,Roosevelt,0,3652,0,0,1560,1797,3652,medsl,1
2020,MT,Roosevelt,0,4017,0,0,1910,1996,4017,medsl,1
2024,MT,Roosevelt,0,3914,0,0,1680,2055,3914,medsl,1
2004,MT,Rosebud,0,3585,0,0,1520,1982,3585,medsl,1
2008,MT,Rosebud,0,3810,0,0,1919,1768,3810,medsl,1
2012,MT,Rosebud,0,3523,0,0,1422,2004,3523,medsl,1
2016,MT,Rosebud,0,3453,0,0,987,2253,3453,medsl,1
2020,MT,Rosebud,0,3773,0,0,1199,2486,3773,medsl,1
2024,MT,Rosebud,0,3693,0,0,1095,2466,3693,medsl,1
2004,MT,Sanders,0,5153,0,0,1502,3461,5153,medsl,1
2008,MT,Sanders,0,5868,0,0,1970,3563,5868,medsl,1
2012,MT,Sanders,0,5901,0,0,1720,3980,5901,medsl,1
2016,MT,Sanders,0,5953,0,0,1218,4286,5953,medsl,1
2020,MT,Sanders,0,7622,0,0,1820,5660,7622,medsl,1
2024,MT,Sanders,0,8069,0,0,1705,6150,8069,medsl,1
2004,MT,Sheridan,0,2038,0,0,846,1159,2038,medsl,1
2008,MT,Sheridan,0,2006,0,0,953,987,2006,medsl,1
2012,MT,Sheridan,0,1928,0,0,665,1207,1928,medsl,1
2016,MT,Sheridan,0,1835,0,0,477,1241,1835,medsl,1
2020,MT,Sheridan,0,2030,0,0,574,1403,2030,medsl,1
2024,MT,Sheridan,0,1912,0,0,509,1321,1912,medsl,1
2004,MT,Silver Bow,0,16084,0,0,9307,6381,16084,medsl,1
2008,MT,Silver Bow,0,16969,0,0,11676,4818,16969,medsl,1
2012,MT,Silver Bow,0,16756,0,0,10857,5430,16756,medsl,1
2016,MT,Silver Bow,0,16452,0,0,8619,6376,16452,medsl,1
2020,MT,Silver Bow,0,18658,0,0,10392,7745,18658,medsl,1
2024,MT,Silver Bow,0,18226,0,0,9386,8110,18226,medsl,1
2004,MT,Stillwater,0,4213,0,0,1025,3090,4213,medsl,1
2008,MT,Stillwater,0,4667,0,0,1512,2991,4667,medsl,1
2012,MT,Stillwater,0,4702,0,0,1248,3337,4702,medsl,1
2016,MT,Stillwater,0,4873,0,0,908,3661,4873,medsl,1
2020,MT,Stillwater,0,5724,0,0,1156,4462,5724,medsl,1
2024,MT,Stillwater,0,5906,0,0,1056,4699,5906,medsl,1
2004,MT,Sweet Grass,0,1983,0,0,445,1509,1983,medsl,1
2008,MT,Sweet Grass,0,2299,0,0,541,1494,2299,medsl,1
2012,MT,Sweet Grass,0,2117,0,0,475,1594,2117,medsl,1
2016,MT,Sweet Grass,0,2107,0,0,402,1595,2107,medsl,1
2020,MT,Sweet Grass,0,2446,0,0,549,1840,2446,medsl,1
2024,MT,Sweet Grass,0,2381,0,0,525,1789,2381,medsl,1
2004,MT,Teton,0,3359,0,0,1047,2232,3359,medsl,1
2008,MT,Teton,0,3272,0,0,1294,1874,3272,medsl,1
2012,MT,Teton,0,3281,0,0,1082,2113,3281,medsl,1
2016,MT,Teton,0,3188,0,0,808,2170,3188,medsl,1
2020,MT,Teton,0,3679,0,0,1007,2608,3679,medsl,1
2024,MT,Teton,0,3568,0,0,927,2533,3568,medsl,1
2004,MT,Toole,0,2311,0,0,690,1583,2311,medsl,1
2008,MT,Toole,0,2121,0,0,737,1317,2121,medsl,1
2012,MT,Toole,0,2102,0,0,582,1440,2102,medsl,1
2016,MT,Toole,0,2037,0,0,402,1497,2037,medsl,1
2020,MT,Toole,0,2119,0,0,467,1596,2119,medsl,1
2024,MT,Toole,0,2046,0,0,415,1571,2046,medsl,1
2004,MT,Treasure,0,482,0,0,121,348,482,medsl,1
2008,MT,Treasure,0,486,0,0,156,314,486,medsl,1
2012,MT,Treasure,0,455,0,0,114,319,455,medsl,1
2016,MT,Treasure,0,443,0,0,59,351,443,medsl,1
2020,MT,Treasure,0,460,0,0,78,373,460,medsl,1
2024,MT,Treasure,0,442,0,0,57,367,442,medsl,1
2004,MT,Valley,0,4018,0,0,1431,2476,4018,medsl,1
2008,MT,Valley,0,4426,0,0,1645,2121,4426,medsl,1
2012,MT,Valley,0,3859,0,0,1385,2337,3859,medsl,1
2016,MT,Valley,0,3894,0,0,886,2698,3894,medsl,1
2020,MT,Valley,0,4261,0,0,1030,3135,4261,medsl,1
2024,MT,Valley,0,4079,0,0,935,3019,4079,medsl,1
2004,MT,Wheatland,0,979,0,0,250,706,979,medsl,1
2008,MT,Wheatland,0,983,0,0,289,657,983,medsl,1
2012,MT,Wheatland,0,992,0,0,272,693,992,medsl,1
2016,MT,Wheatland,0,946,0,0,179,702,946,medsl,1
2020,MT,Wheatland,0,1068,0,0,225,823,1068,medsl,1
2024,MT,Wheatland,0,1086,0,0,209,843,1086,medsl,1
2004,MT,Wibaux,0,560,0,0,144,407,560,medsl,1
2008,MT,Wibaux,0,563,0,0,146,379,563,medsl,1
2012,MT,Wibaux,0,544,0,0,98,421,544,medsl,1
2016,MT,Wibaux,0,541,0,0,55,463,541,medsl,1
2020,MT,Wibaux,0,598,0,0,77,516,598,medsl,1
2024,MT,Wibaux,0,546,0,0,71,463,546,medsl,1
2004,MT,Yellowstone,0,66286,0,0,24120,40903,66286,medsl,1
2008,MT,Yellowstone,0,70431,0,0,32038,36483,70431,medsl,1
2012,MT,Yellowstone,0,68807,0,0,26403,40500,68807,medsl,1
2016,MT,Yellowstone,0,69108,0,0,22171,40920,69108,medsl,1
2020,MT,Yellowstone,0,83821,0,0,30679,50772,83821,medsl,1
2024,MT,Yellowstone,0,81391,0,0,28392,50460,81391,medsl,1
2004,NC,Alamance,0,54175,0,0,20686,33302,54175,medsl,0
2008,NC,Alamance,0,64353,0,0,28918,34859,64353,medsl,0
2012,NC,Alamance,0,67776,0,0,28875,38170,67776,medsl,0
2016,NC,Alamance,0,71157,0,0,29833,38815,71157,medsl,0
2020,NC,Alamance,0,86091,0,0,38825,46056,86091,medsl,0
2024,NC,Alamance,0,89831,0,0,40624,47937,89831,medsl,0
2004,NC,Alexander,0,15600,0,0,4618,10928,15600,medsl,1
2008,NC,Alexander,0,17254,0,0,5167,11790,17254,medsl,1
2012,NC,Alexander,0,17196,0,0,4611,12253,17196,medsl,1
2016,NC,Alexander,0,18271,0,0,3767,13893,18271,medsl,1
2020,NC,Alexander,0,20236,0,0,4145,15888,20236,medsl,1
2024,NC,Alexander,0,20677,0,0,4060,16404,20677,medsl,1
2004,NC,Alleghany,0,4827,0,0,1922,2883,4827,medsl,0
2008,NC,Alleghany,0,5263,0,0,2021,3124,5263,medsl,0
2012,NC,Alleghany,0,5067,0,0,1583,3390,5067,medsl,0
2016,NC,Alleghany,0,5315,0,0,1306,3814,5315,medsl,0
2020,NC,Alleghany,0,6076,0,0,1486,4527,6076,medsl,0
2024,NC,Alleghany,0,6496,0,0,1533,4900,6496,medsl,0
2004,NC,Anson,0,9225,0,0,5413,3796,9225,medsl,1
2008,NC,Anson,0,10733,0,0,6456,4207,10733,medsl,1
2012,NC,Anson,0,11256,0,0,7019,4166,11256,medsl,1
2016,NC,Anson,0,10545,0,0,5859,4506,10545,medsl,1
2020,NC,Anson,0,11194,0,0,5789,5321,11194,medsl,1
2024,NC,Anson,0,10875,0,0,5253,5525,10875,medsl,1
2004,NC,Ashe,0,11823,0,0,4477,7292,11823,medsl,0
2008,NC,Ashe,0,13069,0,0,4872,7916,13069,medsl,0
2012,NC,Ashe,0,12610,0,0,4116,8242,12610,medsl,0
2016,NC,Ashe,0,13424,0,0,3500,9412,13424,medsl,0
2020,NC,Ashe,0,15814,0,0,4164,11451,15814,medsl,0
2024,NC,Ashe,0,16253,0,0,4431,11629,16253,medsl,0
2004,NC,Avery,0,7524,0,0,1805,5678,7524,medsl,0
2008,NC,Avery,0,7943,0,0,2178,5681,7943,medsl,0
2012,NC,Avery,0,7759,0,0,1882,5766,7759,medsl,0
2016,NC,Avery,0,8249,0,0,1689,6298,8249,medsl,0
2020,NC,Avery,0,9458,0,0,2191,7172,9458,medsl,0
2024,NC,Avery,0,9489,0,0,2220,7181,9489,medsl,0
2004,NC,Beaufort,0,19522,0,0,7025,12432,19522,medsl,1
2008,NC,Beaufort,0,23010,0,0,9454,13460,23010,medsl,1
2012,NC,Beaufort,0,23620,0,0,9435,13977,23620,medsl,1
2016,NC,Beaufort,0,23938,0,0,8764,14543,23938,medsl,1
2020,NC,Beaufort,0,26315,0,0,9633,16437,26315,medsl,1
2024,NC,Beaufort,0,26572,0,0,9049,17296,26572,medsl,1
2004,NC,Bertie,0,8032,0,0,4938,3057,8032,medsl,1
2008,NC,Bertie,0,9763,0,0,6365,3376,9763,medsl,1
2012,NC,Bertie,0,10123,0,0,6695,3387,10123,medsl,1
2016,NC,Bertie,0,9347,0,0,5778,3456,9347,medsl,1
2020,NC,Bertie,0,9815,0,0,5939,3817,9815,medsl,1
2024,NC,Bertie,0,9186,0,0,5279,3840,9186,medsl,1
2004,NC,Bladen,0,12313,0,0,6109,6174,12313,medsl,1
2008,NC,Bladen,0,15480,0,0,7853,7532,15480,medsl,1
2012,NC,Bladen,0,15957,0,0,8062,7748,15957,medsl,1
2016,NC,Bladen,0,15897,0,0,7058,8550,15897,medsl,1
2020,NC,Bladen,0,17125,0,0,7326,9676,17125,medsl,1
2024,NC,Bladen,0,16764,0,0,6620,10035,16764,medsl,1
2004,NC,Brunswick,0,37977,0,0,14903,22925,37977,medsl,0
2008,NC,Brunswick,0,52608,0,0,21331,30753,52608,medsl,0
2012,NC,Brunswick,0,57362,0,0,22038,34743,57362,medsl,0
2016,NC,Brunswick,0,68351,0,0,23282,42720,68351,medsl,0
2020,NC,Brunswick,0,90175,0,0,33310,55850,90175,medsl,0
2024,NC,Brunswick,0,109378,0,0,40557,67658,109378,medsl,0
2004,NC,Buncombe,0,105013,0,0,51868,52491,105013,medsl,1
2008,NC,Buncombe,0,123795,0,0,69716,52494,123795,medsl,1
2012,NC,Buncombe,0,127696,0,0,70625,54701,127696,medsl,1
2016,NC,Buncombe,0,138947,0,0,75452,55716,138947,medsl,1
2020,NC,Buncombe,0,161569,0,0,96515,62412,161569,medsl,1
2024,NC,Buncombe,0,160510,0,0,98662,59016,160510,medsl,1
2004,NC,Burke,0,30762,0,0,11728,18922,30762,medsl,0
2008,NC,Burke,0,37443,0,0,14901,22102,37443,medsl,0
2012,NC,Burke,0,36544,0,0,13701,22267,36544,medsl,0
2016,NC,Burke,0,38920,0,0,11251,26238,38920,medsl,0
2020,NC,Burke,0,44602,0,0,13118,31019,44602,medsl,0
2024,NC,Burke,0,45847,0,0,13272,32130,45847,medsl,0
2004,NC,Cabarrus,0,60824,0,0,19803,40780,60824,medsl,0
2008,NC,Cabarrus,0,77994,0,0,31546,45924,77994,medsl,0
2012,NC,Cabarrus,0,83566,0,0,32849,49557,83566,medsl,0
2016,NC,Cabarrus,0,93289,0,0,35521,53819,93289,medsl,0
2020,NC,Cabarrus,0,117227,0,0,52162,63237,117227,medsl,0
2024,NC,Cabarrus,0,120202,0,0,54494,63746,120202,medsl,0
2004,NC,Caldwell,0,31348,0,0,9999,21186,31348,medsl,1
2008,NC,Caldwell,0,35155,0,0,12081,22526,35155,medsl,1
2012,NC,Caldwell,0,34732,0,0,10898,23229,34732,medsl,1
2016,NC,Caldwell,0,36320,0,0,8425,26621,36320,medsl,1
2020,NC,Caldwell,0,42829,0,0,10245,32119,42829,medsl,1
2024,NC,Caldwell,0,43540,0,0,10146,33009,43540,medsl,1
2004,NC,Camden,0,3830,0,0,1339,2480,3830,medsl,1
2008,NC,Camden,0,4821,0,0,1597,3140,4821,medsl,1
2012,NC,Camden,0,4704,0,0,1508,3109,4704,medsl,1
2016,NC,Camden,0,5006,0,0,1274,3546,5006,medsl,1
2020,NC,Camden,0,5953,0,0,1537,4312,5953,medsl,1
2024,NC,Camden,0,6304,0,0,1522,4716,6304,medsl,1
2004,NC,Carteret,0,25575,0,0,7732,17716,25575,medsl,0
2008,NC,Carteret,0,34597,0,0,11130,23131,34597,medsl,0
2012,NC,Carteret,0,35517,0,0,10301,24775,35517,medsl,0
2016,NC,Carteret,0,37781,0,0,9939,26569,37781,medsl,0
2020,NC,Carteret,0,42695,0,0,12093,30028,42695,medsl,0
2024,NC,Carteret,0,45817,0,0,12813,32508,45817,medsl,0
2004,NC,Caswell,0,9437,0,0,4539,4868,9437,medsl,1
2008,NC,Caswell,0,10862,0,0,5545,5208,10862,medsl,1
2012,NC,Caswell,0,11039,0,0,5348,5594,11039,medsl,1
2016,NC,Caswell,0,11070,0,0,4792,6026,11070,medsl,1
2020,NC,Caswell,0,12051,0,0,4860,7089,12051,medsl,1
2024,NC,Caswell,0,12040,0,0,4493,7445,12040,medsl,1
2004,NC,Catawba,0,58688,0,0,18858,39602,58688,medsl,0
2008,NC,Catawba,0,69451,0,0,25656,42993,69451,medsl,0
2012,NC,Catawba,0,69601,0,0,24069,44538,69601,medsl,0
2016,NC,Catawba,0,72351,0,0,21216,48324,72351,medsl,0
2020,NC,Catawba,0,83425,0,0,25689,56588,83425,medsl,0
2024,NC,Catawba,0,87109,0,0,26569,59577,87109,medsl,0
2004,NC,Chatham,0,25922,0,0,12897,12892,25922,medsl,0
2008,NC,Chatham,0,32880,0,0,17862,14668,32880,medsl,0
2012,NC,Chatham,0,35434,0,0,18361,16665,35434,medsl,0
2016,NC,Chatham,0,39849,0,0,21065,17105,39849,medsl,0
2020,NC,Chatham,0,48599,0,0,26787,21186,48599,medsl,0
2024,NC,Chatham,0,52301,0,0,29014,22507,52301,medsl,0
2004,NC,Cherokee,0,11199,0,0,3635,7517,11199,medsl,0
2008,NC,Cherokee,0,12586,0,0,3785,8643,12586,medsl,0
2012,NC,Cherokee,0,12867,0,0,3378,9278,12867,medsl,0
2016,NC,Cherokee,0,14181,0,0,2860,10844,14181,medsl,0
2020,NC,Cherokee,0,16423,0,0,3583,12628,16423,medsl,0
2024,NC,Cherokee,0,17824,0,0,3686,13883,17824,medsl,0
2004,NC,Chowan,0,5386,0,0,2406,2967,5386,medsl,1
2008,NC,Chowan,0,7512,0,0,3688,3773,7512,medsl,1
2012,NC,Chowan,0,7505,0,0,3556,3891,7505,medsl,1
2016,NC,Chowan,0,7228,0,0,2992,4014,7228,medsl,1
2020,NC,Chowan,0,7784,0,0,3247,4471,7784,medsl,1
2024,NC,Chowan,0,7552,0,0,2895,4587,7552,medsl,1
2004,NC,Clay,0,4866,0,0,1628,3209,4866,medsl,0
2008,NC,Clay,0,5543,0,0,1734,3707,5543,medsl,0
2012,NC,Clay,0,5642,0,0,1579,3973,5642,medsl,0
2016,NC,Clay,0,6010,0,0,1367,4437,6010,medsl,0
2020,NC,Clay,0,6893,0,0,1699,5112,6893,medsl,0
2024,NC,Clay,0,7728,0,0,1899,5761,7728,medsl,0
2004,NC,Cleveland,0,37079,0,0,14215,22750,37079,medsl,1
2008,NC,Cleveland,0,43835,0,0,17363,26078,43835,medsl,1
2012,NC,Cleveland,0,43340,0,0,17062,25793,43340,medsl,1
2016,NC,Cleveland,0,44673,0,0,14964,28479,44673,medsl,1
2020,NC,Cleveland,0,51308,0,0,16955,33798,51308,medsl,1
2024,NC,Cleveland,0,51706,0,0,16603,34654,51706,medsl,1
2004,NC,Columbus,0,21191,0,0,10343,10773,21191,medsl,1
2008,NC,Columbus,0,24282,0,0,11076,12994,24282,medsl,1
2012,NC,Columbus,0,24243,0,0,11050,12941,24243,medsl,1
2016,NC,Columbus,0,23732,0,0,9063,14272,23732,medsl,1
2020,NC,Columbus,0,26446,0,0,9446,16832,26446,medsl,1
2024,NC,Columbus,0,26402,0,0,8648,17592,26402,medsl,1
2004,NC,Craven,0,37756,0,0,14019,23575,37756,medsl,0
2008,NC,Craven,0,44598,0,0,19352,24901,44598,medsl,0
2012,NC,Craven,0,46170,0,0,18763,26928,46170,medsl,0
2016,NC,Craven,0,47001,0,0,17630,27731,47001,medsl,0
2020,NC,Craven,0,53065,0,0,21148,31032,53065,medsl,0
2024,NC,Craven,0,56173,0,0,22011,33477,56173,medsl,0
2004,NC,Cumberland,0,95226,0,0,45788,49139,95226,medsl,1
2008,NC,Cumberland,0,127575,0,0,74693,52151,127575,medsl,1
2012,NC,Cumberland,0,127641,0,0,75792,50666,127641,medsl,1
2016,NC,Cumberland,0,127506,0,0,71605,51265,127506,medsl,1
2020,NC,Cumberland,0,147150,0,0,84469,60032,147150,medsl,1
2024,NC,Cumberland,0,140513,0,0,78631,59840,140513,medsl,1
2004,NC,Currituck,0,8976,0,0,2909,6013,8976,medsl,0
2008,NC,Currituck,0,11102,0,0,3737,7234,11102,medsl,0
2012,NC,Currituck,0,11304,0,0,3562,7496,11304,medsl,0
2016,NC,Currituck,0,12669,0,0,2913,9163,12669,medsl,0
2020,NC,Currituck,0,16147,0,0,4195,11657,16147,medsl,0
2024,NC,Currituck,0,18053,0,0,4604,13235,18053,medsl,0
2004,NC,Dare,0,15548,0,0,6136,9345,15548,medsl,0
2008,NC,Dare,0,18048,0,0,8074,9745,18048,medsl,0
2012,NC,Dare,0,17974,0,0,7393,10248,17974,medsl,0
2016,NC,Dare,0,19609,0,0,7222,11460,19609,medsl,0
2020,NC,Dare,0,24232,0,0,9936,13938,24232,medsl,0
2024,NC,Dare,0,25196,0,0,10074,14792,25196,medsl,0
2004,NC,Davidson,0,59496,0,0,17191,42075,59496,medsl,0
2008,NC,Davidson,0,68581,0,0,22433,45419,68581,medsl,0
2012,NC,Davidson,0,70935,0,0,20624,49383,70935,medsl,0
2016,NC,Davidson,0,74856,0,0,18109,54317,74856,medsl,0
2020,NC,Davidson,0,88514,0,0,22636,64658,88514,medsl,0
2024,NC,Davidson,0,93452,0,0,24150,67959,93452,medsl,0
2004,NC,Davie,0,16680,0,0,4233,12372,16680,medsl,0
2008,NC,Davie,0,20368,0,0,6178,13981,20368,medsl,0
2012,NC,Davie,0,20670,0,0,5735,14687,20670,medsl,0
2016,NC,Davie,0,21756,0,0,5270,15602,21756,medsl,0
2020,NC,Davie,0,25311,0,0,6713,18228,25311,medsl,0
2024,NC,Davie,0,26850,0,0,6988,19398,26850,medsl,0
2004,NC,Duplin,0,16583,0,0,6923,9611,16583,medsl,1
2008,NC,Duplin,0,19904,0,0,8958,10834,19904,medsl,1
2012,NC,Duplin,0,20592,0,0,9033,11416,20592,medsl,1
2016,NC,Duplin,0,20856,0,0,8283,12217,20856,medsl,1
2020,NC,Duplin,0,22715,0,0,8767,13793,22715,medsl,1
2024,NC,Duplin,0,22898,0,0,8057,14677,22898,medsl,1
2004,NC,Durham,0,109651,0,0,74524,34614,109651,medsl,1
2008,NC,Durham,0,136897,0,0,103456,32353,136897,medsl,1
2012,NC,Durham,0,146735,0,0,111224,33769,146735,medsl,1
2016,NC,Durham,0,156134,0,0,121250,28350,156134,medsl,1
2020,NC,Durham,0,179914,0,0,144688,32459,179914,medsl,1
2024,NC,Durham,0,180912,0,0,144450,32853,180912,medsl,1
2004,NC,Edgecombe,0,21079,0,0,12877,8163,21079,medsl,1
2008,NC,Edgecombe,0,25930,0,0,17403,8445,25930,medsl,1
2012,NC,Edgecombe,0,26972,0,0,18310,8546,26972,medsl,1
2016,NC,Edgecombe,0,24886,0,0,16224,8261,24886,medsl,1
2020,NC,Edgecombe,0,25477,0,0,16089,9206,25477,medsl,1
2024,NC,Edgecombe,0,24448,0,0,14900,9355,24448,medsl,1
2004,NC,Forsyth,0,139125,0,0,63340,75294,139125,medsl,0
2008,NC,Forsyth,0,166133,0,0,91085,73674,166133,medsl,0
2012,NC,Forsyth,0,174069,0,0,92323,79768,174069,medsl,0
2016,NC,Forsyth,0,178312,0,0,94464,75975,178312,medsl,0
2020,NC,Forsyth,0,201270,0,0,113033,85064,201270,medsl,0
2024,NC,Forsyth,0,204726,0,0,114145,87292,204726,medsl,0
2004,NC,Franklin,0,20918,0,0,9286,11540,20918,medsl,0
2008,NC,Franklin,0,26639,0,0,13085,13273,26639,medsl,0
2012,NC,Franklin,0,28389,0,0,13436,14603,28389,medsl,0
2016,NC,Franklin,0,30368,0,0,12874,16368,30368,medsl,0
2020,NC,Franklin,0,37351,0,0,15879,20901,37351,medsl,0
2024,NC,Franklin,0,42667,0,0,18167,23938,42667,medsl,0
2004,NC,Gaston,0,63755,0,0,20254,43252,63755,medsl,0
2008,NC,Gaston,0,84402,0,0,31384,52507,84402,medsl,0
2012,NC,Gaston,0,90483,0,0,33171,56138,90483,medsl,0
2016,NC,Gaston,0,96431,0,0,31177,61798,96431,medsl,0
2020,NC,Gaston,0,115498,0,0,40959,73033,115498,medsl,0
2024,NC,Gaston,0,119256,0,0,44062,73828,119256,medsl,0
2004,NC,Gates,0,4053,0,0,2121,1924,4053,medsl,1
2008,NC,Gates,0,5420,0,0,2830,2547,5420,medsl,1
2012,NC,Gates,0,5396,0,0,2786,2564,5396,medsl,1
2016,NC,Gates,0,5392,0,0,2385,2874,5392,medsl,1
2020,NC,Gates,0,5971,0,0,2546,3367,5971,medsl,1
2024,NC,Gates,0,5868,0,0,2268,3538,5868,medsl,1
2004,NC,Graham,0,3987,0,0,1272,2693,3987,medsl,1
2008,NC,Graham,0,4171,0,0,1265,2824,4171,medsl,1
2012,NC,Graham,0,3947,0,0,1119,2750,3947,medsl,1
2016,NC,Graham,0,4168,0,0,768,3283,4168,medsl,1
2020,NC,Graham,0,4665,0,0,905,3710,4665,medsl,1
2024,NC,Graham,0,4779,0,0,839,3883,4779,medsl,1
2004,NC,Granville,0,18601,0,0,9057,9491,18601,medsl,1
2008,NC,Granville,0,24725,0,0,13074,11447,24725,medsl,1
2012,NC,Granville,0,26275,0,0,13598,12405,26275,medsl,1
2016,NC,Granville,0,27353,0,0,12909,13591,27353,medsl,1
2020,NC,Granville,0,31598,0,0,14565,16647,31598,medsl,1
2024,NC,Granville,0,32104,0,0,14365,17383,32104,medsl,1
2004,NC,Greene,0,6472,0,0,2665,3800,6472,medsl,1
2008,NC,Greene,0,8103,0,0,3796,4272,8103,medsl,1
2012,NC,Greene,0,8236,0,0,3778,4411,8236,medsl,1
2016,NC,Greene,0,8095,0,0,3605,4374,8095,medsl,1
2020,NC,Greene,0,8753,0,0,3832,4874,8753,medsl,1
2024,NC,Greene,0,8450,0,0,3437,4965,8450,medsl,1
2004,NC,Guilford,0,199314,0,0,100042,98254,199314,medsl,1
2008,NC,Guilford,0,241771,0,0,142101,97718,241771,medsl,1
2012,NC,Guilford,0,253852,0,0,146365,104789,253852,medsl,1
2016,NC,Guilford,0,257405,0,0,149248,98062,257405,medsl,1
2020,NC,Guilford,0,284486,0,0,173086,107294,284486,medsl,1
2024,NC,Guilford,0,285053,0,0,171118,109077,285053,medsl,1
2004,NC,Halifax,0,19647,0,0,11528,8088,19647,medsl,1
2008,NC,Halifax,0,25091,0,0,16047,8961,25091,medsl,1
2012,NC,Halifax,0,26079,0,0,17176,8763,26079,medsl,1
2016,NC,Halifax,0,25167,0,0,15748,9031,25167,medsl,1
2020,NC,Halifax,0,25759,0,0,15545,10080,25759,medsl,1
2024,NC,Halifax,0,23965,0,0,14014,9778,23965,medsl,1
2004,NC,Harnett,0,32571,0,0,11563,20922,32571,medsl,0
2008,NC,Harnett,0,40705,0,0,16785,23579,40705,medsl,0
2012,NC,Harnett,0,43415,0,0,17331,25565,43415,medsl,0
2016,NC,Harnett,0,46065,0,0,16737,27614,46065,medsl,0
2020,NC,Harnett,0,58293,0,0,22093,35177,58293,medsl,0
2024,NC,Harnett,0,63757,0,0,23472,39440,63757,medsl,0
2004,NC,Haywood,0,25932,0,0,11237,14545,25932,medsl,0
2008,NC,Haywood,0,28067,0,0,12730,14910,28067,medsl,0
2012,NC,Haywood,0,27974,0,0,11833,15633,27974,medsl,0
2016,NC,Haywood,0,30727,0,0,10473,18929,30727,medsl,0
2020,NC,Haywood,0,36542,0,0,13144,22834,36542,medsl,0
2024,NC,Haywood,0,37851,0,0,13913,23393,37851,medsl,0
2004,NC,Henderson,0,43234,0,0,15003,28025,43234,medsl,0
2008,NC,Henderson,0,51614,0,0,20082,30930,51614,medsl,0
2012,NC,Henderson,0,52392,0,0,18642,32994,52392,medsl,0
2016,NC,Henderson,0,58176,0,0,19827,35809,58176,medsl,0
2020,NC,Henderson,0,68371,0,0,27211,40032,68371,medsl,0
2024,NC,Henderson,0,69974,0,0,29361,39497,69974,medsl,0
2004,NC,Hertford,0,8132,0,0,5141,2942,8132,medsl,1
2008,NC,Hertford,0,10650,0,0,7513,3089,10650,medsl,1
2012,NC,Hertford,0,10918,0,0,7843,3007,10918,medsl,1
2016,NC,Hertford,0,10186,0,0,6910,3099,10186,medsl,1
2020,NC,Hertford,0,10634,0,0,7097,3479,10634,medsl,1
2024,NC,Hertford,0,9843,0,0,6191,3561,9843,medsl,1
2004,NC,Hoke,0,11088,0,0,5794,5257,11088,medsl,0
2008,NC,Hoke,0,15627,0,0,9227,6293,15627,medsl,0
2012,NC,Hoke,0,17089,0,0,10076,6819,17089,medsl,0
2016,NC,Hoke,0,18230,0,0,9726,7760,18230,medsl,0
2020,NC,Hoke,0,21639,0,0,11804,9453,21639,medsl,0
2024,NC,Hoke,0,22767,0,0,11896,10547,22767,medsl,0
2004,NC,Hyde,0,2293,0,0,1048,1235,2293,medsl,1
2008,NC,Hyde,0,2469,0,0,1241,1212,2469,medsl,1
2012,NC,Hyde,0,2383,0,0,1163,1193,2383,medsl,1
2016,NC,Hyde,0,2304,0,0,965,1288,2304,medsl,1
2020,NC,Hyde,0,2492,0,0,1046,1418,2492,medsl,1
2024,NC,Hyde,0,2421,0,0,931,1465,2421,medsl,1
2004,NC,Iredell,0,56973,0,0,18065,38675,56973,medsl,0
2008,NC,Iredell,0,73162,0,0,27318,45148,73162,medsl,0
2012,NC,Iredell,0,76365,0,0,26076,49299,76365,medsl,0
2016,NC,Iredell,0,82567,0,0,24734,54754,82567,medsl,0
2020,NC,Iredell,0,102371,0,0,33888,67010,102371,medsl,0
2024,NC,Iredell,0,110875,0,0,36739,72801,110875,medsl,0
2004,NC,Jackson,0,14174,0,0,6737,7351,14174,medsl,0
2008,NC,Jackson,0,16866,0,0,8766,7854,16866,medsl,0
2012,NC,Jackson,0,16701,0,0,8095,8254,16701,medsl,0
2016,NC,Jackson,0,18713,0,0,7713,9870,18713,medsl,0
2020,NC,Jackson,0,21428,0,0,9591,11356,21428,medsl,0
2024,NC,Jackson,0,21942,0,0,9746,11796,21942,medsl,0
2004,NC,Johnston,0,54357,0,0,17266,36903,54357,medsl,0
2008,NC,Johnston,0,71017,0,0,26795,43622,71017,medsl,0
2012,NC,Johnston,0,76691,0,0,27290,48427,76691,medsl,0
2016,NC,Johnston,0,85909,0,0,28362,54372,85909,medsl,0
2020,NC,Johnston,0,111357,0,0,41257,68353,111357,medsl,0
2024,NC,Johnston,0,124678,0,0,48116,74878,124678,medsl,0
2004,NC,Jones,0,4513,0,0,1893,2607,4513,medsl,1
2008,NC,Jones,0,5227,0,0,2378,2817,5227,medsl,1
2012,NC,Jones,0,5230,0,0,2352,2837,5230,medsl,1
2016,NC,Jones,0,5135,0,0,2065,2974,5135,medsl,1
2020,NC,Jones,0,5525,0,0,2197,3280,5525,medsl,1
2024,NC,Jones,0,5463,0,0,2007,3409,5463,medsl,1
2004,NC,Lee,0,19543,0,0,7657,11834,19543,medsl,0
2008,NC,Lee,0,23788,0,0,10784,12775,23788,medsl,0
2012,NC,Lee,0,24239,0,0,10801,13158,24239,medsl,0
2016,NC,Lee,0,25084,0,0,10469,13712,25084,medsl,0
2020,NC,Lee,0,29008,0,0,12143,16469,29008,medsl,0
2024,NC,Lee,0,30081,0,0,12245,17489,30081,medsl,0
2004,NC,Lenoir,0,23179,0,0,10207,12939,23179,medsl,1
2008,NC,Lenoir,0,26897,0,0,13378,13401,26897,medsl,1
2012,NC,Lenoir,0,28086,0,0,13948,13980,28086,medsl,1
2016,NC,Lenoir,0,26807,0,0,12634,13613,26807,medsl,1
2020,NC,Lenoir,0,28409,0,0,13605,14590,28409,medsl,1
2024,NC,Lenoir,0,27503,0,0,12700,14564,27503,medsl,1
2004,NC,Lincoln,0,29579,0,0,9434,20052,29579,medsl,0
2008,NC,Lincoln,0,35798,0,0,11713,23631,35798,medsl,0
2012,NC,Lincoln,0,36775,0,0,11024,25267,36775,medsl,0
2016,NC,Lincoln,0,40023,0,0,9897,28806,40023,medsl,0
2020,NC,Lincoln,0,50217,0,0,13274,36341,50217,medsl,0
2024,NC,Lincoln,0,55582,0,0,14842,40183,55582,medsl,0
2004,NC,Macon,0,15024,0,0,5489,9448,15024,medsl,0
2008,NC,Macon,0,17238,0,0,6620,10317,17238,medsl,0
2012,NC,Macon,0,16861,0,0,5712,10835,16861,medsl,0
2016,NC,Macon,0,17734,0,0,4876,12127,17734,medsl,0
2020,NC,Macon,0,20743,0,0,6230,14211,20743,medsl,0
2024,NC,Macon,0,21934,0,0,6675,14981,21934,medsl,0
2004,NC,Madison,0,9463,0,0,4234,5175,9463,medsl,0
2008,NC,Madison,0,10379,0,0,5026,5192,10379,medsl,0
2012,NC,Madison,0,10113,0,0,4484,5404,10113,medsl,0
2016,NC,Madison,0,11269,0,0,3926,6783,11269,medsl,0
2020,NC,Madison,0,13076,0,0,4901,7979,13076,medsl,0
2024,NC,Madison,0,13621,0,0,5090,8275,13621,medsl,0
2004,NC,Martin,0,10452,0,0,5102,5334,10452,medsl,1
2008,NC,Martin,0,12541,0,0,6539,5957,12541,medsl,1
2012,NC,Martin,0,12652,0,0,6583,5995,12652,medsl,1
2016,NC,Martin,0,11964,0,0,5846,5897,11964,medsl,1
2020,NC,Martin,0,12540,0,0,5911,6532,12540,medsl,1
2024,NC,Martin,0,12040,0,0,5360,6601,12040,medsl,1
2004,NC,Mcdowell,0,16002,0,0,5330,10590,16002,medsl,0
2008,NC,Mcdowell,0,18386,0,0,6571,11534,18386,medsl,0
2012,NC,Mcdowell,0,18099,0,0,6031,11775,18099,medsl,0
2016,NC,Mcdowell,0,19875,0,0,4667,14568,19875,medsl,0
2020,NC,Mcdowell,0,23003,0,0,5832,16883,23003,medsl,0
2024,NC,Mcdowell,0,23655,0,0,5911,17520,23655,medsl,0
2004,NC,Mecklenburg,0,323102,0,0,166828,155084,323102,medsl,1
2008,NC,Mecklenburg,0,410817,0,0,253958,153848,410817,medsl,1
2012,NC,Mecklenburg,0,448900,0,0,272262,171668,448900,medsl,1
2016,NC,Mecklenburg,0,472857,0,0,294562,155518,472857,medsl,1
2020,NC,Mecklenburg,0,567053,0,0,378107,179211,567053,medsl,1
2024,NC,Mecklenburg,0,577505,0,0,376454,187770,577505,medsl,1
2004,NC,Mecklenburg County,0,323102,0,0,166828,155084,323102,manual,1
2008,NC,Mecklenburg County,0,410817,0,0,253848,153848,410817,manual,1
2012,NC,Mecklenburg County,0,448900,0,0,272262,171668,448900,manual,1
2016,NC,Mecklenburg County,710604,472857,0,0,277020,173272,472857,manual,1
2020,NC,Mecklenburg County,792076,567053,500527,68760,378107,179211,567053,manual,1
2024,NC,Mecklenburg County,830099,577505,465779,110245,376454,187770,577505,manual,1
2004,NC,Mitchell,0,7798,0,0,2080,5686,7798,medsl,1
2008,NC,Mitchell,0,7846,0,0,2238,5499,7846,medsl,1
2012,NC,Mitchell,0,7765,0,0,1838,5806,7765,medsl,1
2016,NC,Mitchell,0,8096,0,0,1596,6282,8096,medsl,1
2020,NC,Mitchell,0,9041,0,0,1867,7090,9041,medsl,1
2024,NC,Mitchell,0,8842,0,0,1915,6843,8842,medsl,1
2004,NC,Montgomery,0,10080,0,0,4313,5745,10080,medsl,1
2008,NC,Montgomery,0,11210,0,0,4926,6155,11210,medsl,1
2012,NC,Montgomery,0,11231,0,0,4706,6404,11231,medsl,1
2016,NC,Montgomery,0,11540,0,0,4150,7130,11540,medsl,1
2020,NC,Montgomery,0,12849,0,0,4327,8411,12849,medsl,1
2024,NC,Montgomery,0,13206,0,0,4055,9044,13206,medsl,1
2004,NC,Moore,0,38382,0,0,13555,24714,38382,medsl,0
2008,NC,Moore,0,45328,0,0,17624,27314,45328,medsl,0
2012,NC,Moore,0,46415,0,0,16505,29495,46415,medsl,0
2016,NC,Moore,0,48692,0,0,16329,30490,48692,medsl,0
2020,NC,Moore,0,58339,0,0,20779,36764,58339,medsl,0
2024,NC,Moore,0,61790,0,0,21436,39617,61790,medsl,0
2004,NC,Nash,0,37673,0,0,15693,21902,37673,medsl,1
2008,NC,Nash,0,47118,0,0,23099,23728,47118,medsl,1
2012,NC,Nash,0,48492,0,0,24313,23842,48492,medsl,1
2016,NC,Nash,0,47665,0,0,23235,23319,47665,medsl,1
2020,NC,Nash,0,52271,0,0,25947,25827,52271,medsl,1
2024,NC,Nash,0,52471,0,0,25508,26431,52471,medsl,1
2004,NC,New Hanover,0,81247,0,0,35572,45351,81247,medsl,0
2008,NC,New Hanover,0,100665,0,0,49145,50544,100665,medsl,0
2012,NC,New Hanover,0,103628,0,0,48668,53385,103628,medsl,0
2016,NC,New Hanover,0,111905,0,0,50979,55344,111905,medsl,0
2020,NC,New Hanover,0,131830,0,0,66138,63331,131830,medsl,0
2024,NC,New Hanover,0,138734,0,0,68814,67949,138734,medsl,0
2004,NC,Northampton,0,8770,0,0,5584,3176,8770,medsl,1
2008,NC,Northampton,0,10618,0,0,6903,3671,10618,medsl,1
2012,NC,Northampton,0,10756,0,0,7232,3483,10756,medsl,1
2016,NC,Northampton,0,9848,0,0,6144,3582,9848,medsl,1
2020,NC,Northampton,0,10110,0,0,6069,3989,10110,medsl,1
2024,NC,Northampton,0,9215,0,0,5239,3905,9215,medsl,1
2004,NC,Onslow,0,37277,0,0,11250,25890,37277,medsl,0
2008,NC,Onslow,0,50203,0,0,19499,30278,50203,medsl,0
2012,NC,Onslow,0,51435,0,0,18490,32243,51435,medsl,0
2016,NC,Onslow,0,57135,0,0,17514,37122,57135,medsl,0
2020,NC,Onslow,0,72235,0,0,24266,46078,72235,medsl,0
2024,NC,Onslow,0,81681,0,0,25684,54960,81681,medsl,0
2004,NC,Orange,0,64153,0,0,42910,20771,64153,medsl,0
2008,NC,Orange,0,74910,0,0,53806,20266,74910,medsl,0
2012,NC,Orange,0,76757,0,0,53901,21539,76757,medsl,0
2016,NC,Orange,0,82340,0,0,59923,18557,82340,medsl,0
2020,NC,Orange,0,84997,0,0,63594,20176,84997,medsl,0
2024,NC,Orange,0,87807,0,0,65444,20806,87807,medsl,0
2004,NC,Pamlico,0,6038,0,0,2335,3679,6038,medsl,1
2008,NC,Pamlico,0,6712,0,0,2838,3823,6712,medsl,1
2012,NC,Pamlico,0,6762,0,0,2647,4051,6762,medsl,1
2016,NC,Pamlico,0,6870,0,0,2448,4258,6870,medsl,1
2020,NC,Pamlico,0,7631,0,0,2713,4849,7631,medsl,1
2024,NC,Pamlico,0,7976,0,0,2676,5229,7976,medsl,1
2004,NC,Pasquotank,0,13648,0,0,6984,6609,13648,medsl,1
2008,NC,Pasquotank,0,18180,0,0,10272,7778,18180,medsl,1
2012,NC,Pasquotank,0,18107,0,0,10282,7633,18107,medsl,1
2016,NC,Pasquotank,0,17391,0,0,8615,8180,17391,medsl,1
2020,NC,Pasquotank,0,19897,0,0,9832,9770,19897,medsl,1
2024,NC,Pasquotank,0,20343,0,0,9549,10537,20343,medsl,1
2004,NC,Pender,0,17085,0,0,6999,10037,17085,medsl,0
2008,NC,Pender,0,23749,0,0,9907,13618,23749,medsl,0
2012,NC,Pender,0,24527,0,0,9632,14617,24527,medsl,0
2016,NC,Pender,0,27885,0,0,9354,17639,27885,medsl,0
2020,NC,Pender,0,34169,0,0,11723,21956,34169,medsl,0
2024,NC,Pender,0,38909,0,0,12460,26042,38909,medsl,0
2004,NC,Perquimans,0,4958,0,0,1971,2965,4958,medsl,1
2008,NC,Perquimans,0,6501,0,0,2772,3678,6501,medsl,1
2012,NC,Perquimans,0,6652,0,0,2759,3822,6652,medsl,1
2016,NC,Perquimans,0,6708,0,0,2319,4177,6708,medsl,1
2020,NC,Perquimans,0,7484,0,0,2492,4903,7484,medsl,1
2024,NC,Perquimans,0,7666,0,0,2269,5278,7666,medsl,1
2004,NC,Person,0,15214,0,0,6198,8973,15214,medsl,1
2008,NC,Person,0,18632,0,0,8446,10030,18632,medsl,1
2012,NC,Person,0,19106,0,0,8418,10496,19106,medsl,1
2016,NC,Person,0,19615,0,0,7833,11185,19615,medsl,1
2020,NC,Person,0,21894,0,0,8465,13184,21894,medsl,1
2024,NC,Person,0,22036,0,0,8295,13509,22036,medsl,1
2004,NC,Pitt,0,53643,0,0,24924,28590,53643,medsl,1
2008,NC,Pitt,0,74884,0,0,40501,33927,74884,medsl,1
2012,NC,Pitt,0,78856,0,0,41843,36214,78856,medsl,1
2016,NC,Pitt,0,80527,0,0,41824,35691,80527,medsl,1
2020,NC,Pitt,0,87573,0,0,47252,38982,87573,medsl,1
2024,NC,Pitt,0,87130,0,0,45595,40403,87130,medsl,1
2004,NC,Polk,0,9021,0,0,3787,5140,9021,medsl,0
2008,NC,Polk,0,10562,0,0,4396,5990,10562,medsl,0
2012,NC,Polk,0,10389,0,0,4013,6236,10389,medsl,0
2016,NC,Polk,0,10934,0,0,3735,6768,10934,medsl,0
2020,NC,Polk,0,12358,0,0,4518,7689,12358,medsl,0
2024,NC,Polk,0,13068,0,0,4827,8107,13068,medsl,0
2004,NC,Randolph,0,50910,0,0,12966,37771,50910,medsl,0
2008,NC,Randolph,0,58147,0,0,16414,40998,58147,medsl,0
2012,NC,Randolph,0,60715,0,0,14773,45160,60715,medsl,0
2016,NC,Randolph,0,64575,0,0,13194,49430,64575,medsl,0
2020,NC,Randolph,0,73316,0,0,15618,56894,73316,medsl,0
2024,NC,Randolph,0,76008,0,0,15951,59357,76008,medsl,0
2004,NC,Richmond,0,16145,0,0,8383,7709,16145,medsl,1
2008,NC,Richmond,0,19327,0,0,9713,9424,19327,medsl,1
2012,NC,Richmond,0,19417,0,0,9904,9332,19417,medsl,1
2016,NC,Richmond,0,19328,0,0,8501,10383,19328,medsl,1
2020,NC,Richmond,0,20763,0,0,8754,11830,20763,medsl,1
2024,NC,Richmond,0,19873,0,0,7787,11931,19873,medsl,1
2004,NC,Robeson,0,33871,0,0,17868,15909,33871,medsl,1
2008,NC,Robeson,0,40834,0,0,23058,17433,40834,medsl,1
2012,NC,Robeson,0,42946,0,0,24988,17510,42946,medsl,1
2016,NC,Robeson,0,40858,0,0,19016,20762,40858,medsl,1
2020,NC,Robeson,0,47188,0,0,19020,27806,47188,medsl,1
2024,NC,Robeson,0,46770,0,0,16728,29647,46770,medsl,1
2004,NC,Rockingham,0,37388,0,0,14430,22840,37388,medsl,1
2008,NC,Rockingham,0,41612,0,0,17255,23899,41612,medsl,1
2012,NC,Rockingham,0,42020,0,0,16351,25227,42020,medsl,1
2016,NC,Rockingham,0,42278,0,0,14228,26830,42278,medsl,1
2020,NC,Rockingham,0,47809,0,0,15992,31301,47809,medsl,1
2024,NC,Rockingham,0,49595,0,0,15676,33447,49595,medsl,1
2004,NC,Rowan,0,51867,0,0,16735,34915,51867,medsl,0
2008,NC,Rowan,0,61560,0,0,23391,37451,61560,medsl,0
2012,NC,Rowan,0,62312,0,0,22650,38775,62312,medsl,0
2016,NC,Rowan,0,64369,0,0,19400,42810,64369,medsl,0
2020,NC,Rowan,0,73408,0,0,23114,49297,73408,medsl,0
2024,NC,Rowan,0,75394,0,0,23788,50807,75394,medsl,0
2004,NC,Rutherford,0,24658,0,0,8184,16343,24658,medsl,1
2008,NC,Rutherford,0,28720,0,0,9641,18769,28720,medsl,1
2012,NC,Rutherford,0,28702,0,0,9374,18954,28702,medsl,1
2016,NC,Rutherford,0,30307,0,0,7512,21871,30307,medsl,1
2020,NC,Rutherford,0,34429,0,0,9135,24891,34429,medsl,1
2024,NC,Rutherford,0,34670,0,0,8914,25456,34670,medsl,1
2004,NC,Sampson,0,22288,0,0,9649,12600,22288,medsl,1
2008,NC,Sampson,0,26038,0,0,11836,14038,26038,medsl,1
2012,NC,Sampson,0,26174,0,0,11566,14422,26174,medsl,1
2016,NC,Sampson,0,25928,0,0,10547,14838,25928,medsl,1
2020,NC,Sampson,0,28618,0,0,10966,17411,28618,medsl,1
2024,NC,Sampson,0,28201,0,0,9797,18178,28201,medsl,1
2004,NC,Scotland,0,11547,0,0,6386,5141,11547,medsl,1
2008,NC,Scotland,0,14217,0,0,8151,6005,14217,medsl,1
2012,NC,Scotland,0,14156,0,0,8215,5831,14156,medsl,1
2016,NC,Scotland,0,13928,0,0,7319,6256,13928,medsl,1
2020,NC,Scotland,0,14775,0,0,7186,7473,14775,medsl,1
2024,NC,Scotland,0,14626,0,0,6754,7767,14626,medsl,1
2004,NC,Stanly,0,25553,0,0,7650,17814,25553,medsl,0
2008,NC,Stanly,0,28506,0,0,8878,19329,28506,medsl,0
2012,NC,Stanly,0,28717,0,0,8431,19904,28717,medsl,0
2016,NC,Stanly,0,29917,0,0,7094,21964,29917,medsl,0
2020,NC,Stanly,0,33939,0,0,8129,25458,33939,medsl,0
2024,NC,Stanly,0,36714,0,0,8881,27518,36714,medsl,0
2004,NC,Stokes,0,19414,0,0,5767,13583,19414,medsl,0
2008,NC,Stokes,0,21743,0,0,6875,14488,21743,medsl,0
2012,NC,Stokes,0,21619,0,0,6018,15237,21619,medsl,0
2016,NC,Stokes,0,22550,0,0,4665,17116,22550,medsl,0
2020,NC,Stokes,0,25701,0,0,5286,20142,25701,medsl,0
2024,NC,Stokes,0,27175,0,0,5380,21548,27175,medsl,0
2004,NC,Surry,0,25992,0,0,8304,17587,25992,medsl,1
2008,NC,Surry,0,29525,0,0,10475,18730,29525,medsl,1
2012,NC,Surry,0,29470,0,0,9112,19923,29470,medsl,1
2016,NC,Surry,0,32196,0,0,7488,23671,32196,medsl,1
2020,NC,Surry,0,36638,0,0,8721,27538,36638,medsl,1
2024,NC,Surry,0,37508,0,0,8613,28565,37508,medsl,1
2004,NC,Swain,0,5044,0,0,2419,2593,5044,medsl,1
2008,NC,Swain,0,5798,0,0,2806,2900,5798,medsl,1
2012,NC,Swain,0,5728,0,0,2618,2976,5728,medsl,1
2016,NC,Swain,0,6124,0,0,2196,3565,6124,medsl,1
2020,NC,Swain,0,7068,0,0,2780,4161,7068,medsl,1
2024,NC,Swain,0,7052,0,0,2643,4311,7052,medsl,1
2004,NC,Transylvania,0,15588,0,0,6097,9386,15588,medsl,0
2008,NC,Transylvania,0,16909,0,0,7275,9401,16909,medsl,0
2012,NC,Transylvania,0,16763,0,0,6826,9634,16763,medsl,0
2016,NC,Transylvania,0,17869,0,0,6558,10520,17869,medsl,0
2020,NC,Transylvania,0,20404,0,0,8444,11636,20404,medsl,0
2024,NC,Transylvania,0,20780,0,0,8972,11492,20780,medsl,0
2004,NC,Tyrrell,0,1590,0,0,731,855,1590,medsl,1
2008,NC,Tyrrell,0,1910,0,0,933,960,1910,medsl,1
2012,NC,Tyrrell,0,1783,0,0,837,930,1783,medsl,1
2016,NC,Tyrrell,0,1739,0,0,720,975,1739,medsl,1
2020,NC,Tyrrell,0,1817,0,0,758,1044,1817,medsl,1
2024,NC,Tyrrell,0,1757,0,0,680,1057,1757,medsl,1
2004,NC,Union,0,61001,0,0,17974,42820,61001,medsl,0
2008,NC,Union,0,86089,0,0,31189,54123,86089,medsl,0
2012,NC,Union,0,94728,0,0,32473,61107,94728,medsl,0
2016,NC,Union,0,105710,0,0,34337,66707,105710,medsl,0
2020,NC,Union,0,131011,0,0,48725,80382,131011,medsl,0
2024,NC,Union,0,139355,0,0,51168,86271,139355,medsl,0
2004,NC,Vance,0,15677,0,0,8762,6884,15677,medsl,1
2008,NC,Vance,0,20871,0,0,13166,7606,20871,medsl,1
2012,NC,Vance,0,20854,0,0,13323,7429,20854,medsl,1
2016,NC,Vance,0,19977,0,0,12229,7332,19977,medsl,1
2020,NC,Vance,0,20999,0,0,12431,8391,20999,medsl,1
2024,NC,Vance,0,20092,0,0,11292,8614,20092,medsl,1
2004,NC,Wake,0,348844,0,0,169909,177324,348844,medsl,0
2008,NC,Wake,0,442245,0,0,250891,187001,442245,medsl,0
2012,NC,Wake,0,486427,0,0,267262,211596,486427,medsl,0
2016,NC,Wake,0,527624,0,0,302736,196082,527624,medsl,0
2020,NC,Wake,0,631830,0,0,393336,226197,631830,medsl,0
2024,NC,Wake,0,653580,0,0,402984,236735,653580,medsl,0
2004,NC,Warren,0,8027,0,0,5171,2840,8027,medsl,1
2008,NC,Warren,0,10195,0,0,7086,3063,10195,medsl,1
2012,NC,Warren,0,10162,0,0,6978,3140,10162,medsl,1
2016,NC,Warren,0,9842,0,0,6413,3214,9842,medsl,1
2020,NC,Warren,0,10293,0,0,6400,3752,10293,medsl,1
2024,NC,Warren,0,10013,0,0,5872,3976,10013,medsl,1
2004,NC,Washington,0,5471,0,0,2969,2484,5471,medsl,1
2008,NC,Washington,0,6454,0,0,3748,2670,6454,medsl,1
2012,NC,Washington,0,6499,0,0,3833,2622,6499,medsl,1
2016,NC,Washington,0,6165,0,0,3510,2564,6165,medsl,1
2020,NC,Washington,0,6205,0,0,3396,2781,6205,medsl,1
2024,NC,Washington,0,5944,0,0,3138,2768,5944,medsl,1
2004,NC,Watauga,0,24050,0,0,11232,12659,24050,medsl,0
2008,NC,Watauga,0,28372,0,0,14558,13344,28372,medsl,0
2012,NC,Watauga,0,27674,0,0,13002,13861,27674,medsl,0
2016,NC,Watauga,0,29985,0,0,14138,13697,29985,medsl,0
2020,NC,Watauga,0,32220,0,0,17122,14451,32220,medsl,0
2024,NC,Watauga,0,33095,0,0,17225,15254,33095,medsl,0
2004,NC,Wayne,0,40046,0,0,15076,24883,40046,medsl,1
2008,NC,Wayne,0,49882,0,0,22671,26952,49882,medsl,1
2012,NC,Wayne,0,51352,0,0,23314,27641,51352,medsl,1
2016,NC,Wayne,0,50689,0,0,21770,27540,50689,medsl,1
2020,NC,Wayne,0,55537,0,0,24215,30709,55537,medsl,1
2024,NC,Wayne,0,54762,0,0,22618,31580,54762,medsl,1
2004,NC,Wilkes,0,27154,0,0,7862,19197,27154,medsl,1
2008,NC,Wilkes,0,29724,0,0,8934,20288,29724,medsl,1
2012,NC,Wilkes,0,29145,0,0,8148,20515,29145,medsl,1
2016,NC,Wilkes,0,31296,0,0,6638,23752,31296,medsl,1
2020,NC,Wilkes,0,35466,0,0,7511,27592,35466,medsl,1
2024,NC,Wilkes,0,36320,0,0,7194,28812,36320,medsl,1
2004,NC,Wilson,0,30535,0,0,14206,16264,30535,medsl,1
2008,NC,Wilson,0,37191,0,0,19652,17375,37191,medsl,1
2012,NC,Wilson,0,39109,0,0,20875,17954,39109,medsl,1
2016,NC,Wilson,0,38135,0,0,19663,17531,38135,medsl,1
2020,NC,Wilson,0,40735,0,0,20754,19581,40735,medsl,1
2024,NC,Wilson,0,40045,0,0,19909,19750,40045,medsl,1
2004,NC,Yadkin,0,15313,0,0,3451,11816,15313,medsl,1
2008,NC,Yadkin,0,17147,0,0,4527,12409,17147,medsl,1
2012,NC,Yadkin,0,16813,0,0,3957,12578,16813,medsl,1
2016,NC,Yadkin,0,17624,0,0,3160,13880,17624,medsl,1
2020,NC,Yadkin,0,19923,0,0,3763,15933,19923,medsl,1
2024,NC,Yadkin,0,20397,0,0,3739,16439,20397,medsl,1
2004,NC,Yancey,0,9431,0,0,4434,4940,9431,medsl,1
2008,NC,Yancey,0,9717,0,0,4486,5045,9717,medsl,1
2012,NC,Yancey,0,9451,0,0,3981,5278,9451,medsl,1
2016,NC,Yancey,0,9960,0,0,3196,6385,9960,medsl,1
2020,NC,Yancey,0,11352,0,0,3688,7516,11352,medsl,1
2024,NC,Yancey,0,11283,0,0,3635,7509,11283,medsl,1
2004,ND,Adams,0,1291,0,0,353,915,1291,medsl,1
2008,ND,Adams,0,1271,0,0,435,788,1271,medsl,1
2012,ND,Adams,0,1286,0,0,328,918,1286,medsl,1
2016,ND,Adams,0,1218,0,0,216,909,1218,medsl,1
2020,ND,Adams,0,1269,0,0,258,981,1269,medsl,1
2024,ND,Adams,0,1201,0,0,215,962,1201,medsl,1
2004,ND,Barnes,0,5813,0,0,2186,3541,5813,medsl,1
2008,ND,Barnes,0,5694,0,0,2741,2826,5694,medsl,1
2012,ND,Barnes,0,5522,0,0,2394,2964,5522,medsl,1
2016,ND,Barnes,0,5344,0,0,1597,3160,5344,medsl,1
2020,ND,Barnes,0,5565,0,0,1820,3568,5565,medsl,1
2024,ND,Barnes,0,5339,0,0,1661,3531,5339,medsl,1
2004,ND,Benson,0,2246,0,0,1196,1002,2246,medsl,0
2008,ND,Benson,0,2374,0,0,1569,773,2374,medsl,0
2012,ND,Benson,0,2157,0,0,1235,868,2157,medsl,0
2016,ND,Benson,0,2011,0,0,842,929,2011,medsl,0
2020,ND,Benson,0,1961,0,0,822,1094,1961,medsl,0
2024,ND,Benson,0,2002,0,0,795,1163,2002,medsl,0
2004,ND,Billings,0,564,0,0,99,449,564,medsl,0
2008,ND,Billings,0,499,0,0,114,375,499,medsl,0
2012,ND,Billings,0,578,0,0,89,472,578,medsl,0
2016,ND,Billings,0,605,0,0,59,495,605,medsl,0
2020,ND,Billings,0,635,0,0,72,541,635,medsl,0
2024,ND,Billings,0,647,0,0,93,543,647,medsl,0
2004,ND,Bottineau,0,3674,0,0,1168,2468,3674,medsl,1
2008,ND,Bottineau,0,3516,0,0,1387,2059,3516,medsl,1
2012,ND,Bottineau,0,3555,0,0,1183,2280,3555,medsl,1
2016,ND,Bottineau,0,3494,0,0,736,2494,3494,medsl,1
2020,ND,Bottineau,0,3471,0,0,821,2575,3471,medsl,1
2024,ND,Bottineau,0,3447,0,0,735,2628,3447,medsl,1
2004,ND,Bowman,0,1716,0,0,397,1280,1716,medsl,1
2008,ND,Bowman,0,1640,0,0,478,1107,1640,medsl,1
2012,ND,Bowman,0,1737,0,0,414,1280,1737,medsl,1
2016,ND,Bowman,0,1787,0,0,227,1446,1787,medsl,1
2020,ND,Bowman,0,1657,0,0,228,1395,1657,medsl,1
2024,ND,Bowman,0,1618,0,0,207,1384,1618,medsl,1
2004,ND,Burke,0,1165,0,0,336,808,1165,medsl,1
2008,ND,Burke,0,943,0,0,286,640,943,medsl,1
2012,ND,Burke,0,1023,0,0,230,769,1023,medsl,1
2016,ND,Burke,0,1052,0,0,119,895,1052,medsl,1
2020,ND,Burke,0,1155,0,0,137,994,1155,medsl,1
2024,ND,Burke,0,1056,0,0,130,909,1056,medsl,1
2004,ND,Burleigh,0,38814,0,0,11621,26577,38814,medsl,1
2008,ND,Burleigh,0,41772,0,0,15600,25443,41772,medsl,1
2012,ND,Burleigh,0,43387,0,0,14122,27951,43387,medsl,1
2016,ND,Burleigh,0,47979,0,0,10881,32532,47979,medsl,1
2020,ND,Burleigh,0,50753,0,0,14348,34744,50753,medsl,1
2024,ND,Burleigh,0,52263,0,0,14215,36595,52263,medsl,1
2004,ND,Cass,0,66711,0,0,26010,39619,66711,medsl,1
2008,ND,Cass,0,71419,0,0,37622,32566,71419,medsl,1
2012,ND,Cass,0,73855,0,0,34712,36855,73855,medsl,1
2016,ND,Cass,0,80821,0,0,31361,39816,80821,medsl,1
2020,ND,Cass,0,86053,0,0,40311,42619,86053,medsl,1
2024,ND,Cass,0,90851,0,0,40304,47873,90851,medsl,1
2004,ND,Cavalier,0,2444,0,0,887,1522,2444,medsl,0
2008,ND,Cavalier,0,2130,0,0,930,1128,2130,medsl,0
2012,ND,Cavalier,0,2069,0,0,818,1195,2069,medsl,0
2016,ND,Cavalier,0,2006,0,0,476,1357,2006,medsl,0
2020,ND,Cavalier,0,2020,0,0,474,1499,2020,medsl,0
2024,ND,Cavalier,0,1987,0,0,491,1461,1987,medsl,0
2004,ND,Dickey,0,2821,0,0,883,1890,2821,medsl,1
2008,ND,Dickey,0,2620,0,0,1044,1525,2620,medsl,1
2012,ND,Dickey,0,2535,0,0,853,1610,2535,medsl,1
2016,ND,Dickey,0,2407,0,0,554,1667,2407,medsl,1
2020,ND,Dickey,0,2424,0,0,608,1742,2424,medsl,1
2024,ND,Dickey,0,2453,0,0,557,1829,2453,medsl,1
2004,ND,Divide,0,1268,0,0,487,751,1268,medsl,1
2008,ND,Divide,0,1131,0,0,464,630,1131,medsl,1
2012,ND,Divide,0,1162,0,0,385,733,1162,medsl,1
2016,ND,Divide,0,1219,0,0,245,867,1219,medsl,1
2020,ND,Divide,0,1202,0,0,265,904,1202,medsl,1
2024,ND,Divide,0,1201,0,0,253,914,1201,medsl,1
2004,ND,Dunn,0,1774,0,0,571,1178,1774,medsl,1
2008,ND,Dunn,0,1644,0,0,527,1080,1644,medsl,1
2012,ND,Dunn,0,2034,0,0,508,1506,2034,medsl,1
2016,ND,Dunn,0,2243,0,0,358,1771,2243,medsl,1
2020,ND,Dunn,0,2338,0,0,342,1951,2338,medsl,1
2024,ND,Dunn,0,2242,0,0,332,1877,2242,medsl,1
2004,ND,Eddy,0,1213,0,0,534,655,1213,medsl,1
2008,ND,Eddy,0,1165,0,0,583,548,1165,medsl,1
2012,ND,Eddy,0,1157,0,0,486,634,1157,medsl,1
2016,ND,Eddy,0,1231,0,0,355,791,1231,medsl,1
2020,ND,Eddy,0,1261,0,0,383,854,1261,medsl,1
2024,ND,Eddy,0,1205,0,0,316,862,1205,medsl,1
2004,ND,Emmons,0,2113,0,0,611,1449,2113,medsl,1
2008,ND,Emmons,0,1837,0,0,546,1230,1837,medsl,1
2012,ND,Emmons,0,1884,0,0,383,1435,1884,medsl,1
2016,ND,Emmons,0,1981,0,0,215,1677,1981,medsl,1
2020,ND,Emmons,0,2009,0,0,237,1738,2009,medsl,1
2024,ND,Emmons,0,1930,0,0,205,1697,1930,medsl,1
2004,ND,Foster,0,1766,0,0,518,1219,1766,medsl,1
2008,ND,Foster,0,1651,0,0,687,914,1651,medsl,1
2012,ND,Foster,0,1682,0,0,607,1030,1682,medsl,1
2016,ND,Foster,0,1719,0,0,347,1241,1719,medsl,1
2020,ND,Foster,0,1778,0,0,373,1362,1778,medsl,1
2024,ND,Foster,0,1703,0,0,335,1326,1703,medsl,1
2004,ND,Golden Valley,0,927,0,0,195,719,927,medsl,1
2008,ND,Golden Valley,0,875,0,0,210,642,875,medsl,1
2012,ND,Golden Valley,0,928,0,0,162,742,928,medsl,1
2016,ND,Golden Valley,0,957,0,0,99,796,957,medsl,1
2020,ND,Golden Valley,0,1026,0,0,137,871,1026,medsl,1
2024,ND,Golden Valley,0,991,0,0,122,847,991,medsl,1
2004,ND,Grand Forks,0,30470,0,0,12646,17298,30470,medsl,1
2008,ND,Grand Forks,0,31153,0,0,16104,14520,31153,medsl,1
2012,ND,Grand Forks,0,30029,0,0,14032,15060,30029,medsl,1
2016,ND,Grand Forks,0,30365,0,0,10851,16340,30365,medsl,1
2020,ND,Grand Forks,0,30970,0,0,12880,16987,30970,medsl,1
2024,ND,Grand Forks,0,31411,0,0,12469,18123,31411,medsl,1
2004,ND,Grant,0,1242,0,0,264,952,1242,medsl,1
2008,ND,Grant,0,1329,0,0,280,587,1329,medsl,1
2012,ND,Grant,0,1413,0,0,334,1025,1413,medsl,1
2016,ND,Grant,0,1381,0,0,185,1108,1381,medsl,1
2020,ND,Grant,0,1381,0,0,207,1145,1381,medsl,1
2024,ND,Grant,0,1306,0,0,205,1076,1306,medsl,1
2004,ND,Griggs,0,1439,0,0,505,907,1439,medsl,1
2008,ND,Griggs,0,1314,0,0,598,682,1314,medsl,1
2012,ND,Griggs,0,1343,0,0,536,771,1343,medsl,1
2016,ND,Griggs,0,1265,0,0,298,847,1265,medsl,1
2020,ND,Griggs,0,1250,0,0,308,907,1250,medsl,1
2024,ND,Griggs,0,1289,0,0,301,963,1289,medsl,1
2004,ND,Hettinger,0,1494,0,0,405,1044,1494,medsl,1
2008,ND,Hettinger,0,1348,0,0,406,893,1348,medsl,1
2012,ND,Hettinger,0,1362,0,0,313,1000,1362,medsl,1
2016,ND,Hettinger,0,1296,0,0,168,1050,1296,medsl,1
2020,ND,Hettinger,0,1312,0,0,196,1091,1312,medsl,1
2024,ND,Hettinger,0,1306,0,0,192,1089,1306,medsl,1
2004,ND,Kidder,0,1369,0,0,433,902,1369,medsl,1
2008,ND,Kidder,0,1228,0,0,422,752,1228,medsl,1
2012,ND,Kidder,0,1328,0,0,393,870,1328,medsl,1
2016,ND,Kidder,0,1376,0,0,179,1111,1376,medsl,1
2020,ND,Kidder,0,1460,0,0,221,1215,1460,medsl,1
2024,ND,Kidder,0,1398,0,0,238,1137,1398,medsl,1
2004,ND,Lamoure,0,2335,0,0,712,1592,2335,medsl,1
2008,ND,Lamoure,0,2241,0,0,868,1310,2241,medsl,1
2012,ND,Lamoure,0,2194,0,0,740,1377,2194,medsl,1
2016,ND,Lamoure,0,2151,0,0,502,1481,2151,medsl,1
2020,ND,Lamoure,0,2219,0,0,527,1645,2219,medsl,1
2024,ND,Lamoure,0,2123,0,0,453,1614,2123,medsl,1
2004,ND,Logan,0,1130,0,0,265,844,1130,medsl,1
2008,ND,Logan,0,1057,0,0,299,726,1057,medsl,1
2012,ND,Logan,0,1073,0,0,232,810,1073,medsl,1
2016,ND,Logan,0,1067,0,0,114,888,1067,medsl,1
2020,ND,Logan,0,1076,0,0,128,930,1076,medsl,1
2024,ND,Logan,0,1033,0,0,117,898,1033,medsl,1
2004,ND,Mchenry,0,2820,0,0,1030,1744,2820,medsl,1
2008,ND,Mchenry,0,2416,0,0,981,1374,2416,medsl,1
2012,ND,Mchenry,0,2712,0,0,943,1678,2712,medsl,1
2016,ND,Mchenry,0,2820,0,0,490,2050,2820,medsl,1
2020,ND,Mchenry,0,3003,0,0,564,2364,3003,medsl,1
2024,ND,Mchenry,0,2752,0,0,479,2223,2752,medsl,1
2004,ND,Mcintosh,0,1722,0,0,436,1254,1722,medsl,1
2008,ND,Mcintosh,0,1532,0,0,579,916,1532,medsl,1
2012,ND,Mcintosh,0,1530,0,0,459,1035,1530,medsl,1
2016,ND,Mcintosh,0,1446,0,0,235,1100,1446,medsl,1
2020,ND,Mcintosh,0,1455,0,0,261,1153,1455,medsl,1
2024,ND,Mcintosh,0,1390,0,0,229,1132,1390,medsl,1
2004,ND,Mckenzie,0,2762,0,0,847,1897,2762,medsl,1
2008,ND,Mckenzie,0,2715,0,0,933,1740,2715,medsl,1
2012,ND,Mckenzie,0,3451,0,0,927,2458,3451,medsl,1
2016,ND,Mckenzie,0,4672,0,0,698,3670,4672,medsl,1
2020,ND,Mckenzie,0,5419,0,0,814,4482,5419,medsl,1
2024,ND,Mckenzie,0,5521,0,0,809,4627,5521,medsl,1
2004,ND,Mclean,0,4750,0,0,1664,3014,4750,medsl,1
2008,ND,Mclean,0,4736,0,0,1867,2767,4736,medsl,1
2012,ND,Mclean,0,4938,0,0,1670,3141,4938,medsl,1
2016,ND,Mclean,0,5315,0,0,1081,3860,5315,medsl,1
2020,ND,Mclean,0,5536,0,0,1230,4198,5536,medsl,1
2024,ND,Mclean,0,5421,0,0,1093,4231,5421,medsl,1
2004,ND,Mercer,0,4617,0,0,1245,3285,4617,medsl,1
2008,ND,Mercer,0,4397,0,0,1476,2789,4397,medsl,1
2012,ND,Mercer,0,4455,0,0,1166,3152,4455,medsl,1
2016,ND,Mercer,0,4682,0,0,621,3759,4682,medsl,1
2020,ND,Mercer,0,4675,0,0,704,3856,4675,medsl,1
2024,ND,Mercer,0,4555,0,0,672,3798,4555,medsl,1
2004,ND,Morton,0,12633,0,0,4073,8325,12633,medsl,1
2008,ND,Morton,0,13264,0,0,5079,7869,13264,medsl,1
2012,ND,Morton,0,13613,0,0,4469,8680,13613,medsl,1
2016,ND,Morton,0,15832,0,0,3080,11336,15832,medsl,1
2020,ND,Morton,0,16619,0,0,3872,12243,16619,medsl,1
2024,ND,Morton,0,17036,0,0,3748,12839,17036,medsl,1
2004,ND,Mountrail,0,3030,0,0,1465,1527,3030,medsl,1
2008,ND,Mountrail,0,2938,0,0,1477,1406,2938,medsl,1
2012,ND,Mountrail,0,3457,0,0,1403,1962,3457,medsl,1
2016,ND,Mountrail,0,4106,0,0,1220,2582,4106,medsl,1
2020,ND,Mountrail,0,4165,0,0,1256,2824,4165,medsl,1
2024,ND,Mountrail,0,4073,0,0,1125,2877,4073,medsl,1
2004,ND,Nelson,0,1922,0,0,778,1107,1922,medsl,1
2008,ND,Nelson,0,1752,0,0,907,800,1752,medsl,1
2012,ND,Nelson,0,1678,0,0,767,865,1678,medsl,1
2016,ND,Nelson,0,1717,0,0,536,1025,1717,medsl,1
2020,ND,Nelson,0,1777,0,0,586,1141,1777,medsl,1
2024,ND,Nelson,0,1761,0,0,580,1141,1761,medsl,1
2004,ND,Oliver,0,1119,0,0,310,790,1119,medsl,0
2008,ND,Oliver,0,1040,0,0,332,682,1040,medsl,0
2012,ND,Oliver,0,1013,0,0,281,693,1013,medsl,0
2016,ND,Oliver,0,1017,0,0,119,830,1017,medsl,0
2020,ND,Oliver,0,1066,0,0,129,918,1066,medsl,0
2024,ND,Oliver,0,1087,0,0,156,909,1087,medsl,0
2004,ND,Pembina,0,3856,0,0,1321,2466,3856,medsl,1
2008,ND,Pembina,0,3307,0,0,1494,1722,3307,medsl,1
2012,ND,Pembina,0,3255,0,0,1253,1899,3255,medsl,1
2016,ND,Pembina,0,3153,0,0,681,2208,3153,medsl,1
2020,ND,Pembina,0,3331,0,0,786,2460,3331,medsl,1
2024,ND,Pembina,0,3112,0,0,704,2350,3112,medsl,1
2004,ND,Pierce,0,2195,0,0,686,1475,2195,medsl,1
2008,ND,Pierce,0,2139,0,0,792,1301,2139,medsl,1
2012,ND,Pierce,0,2178,0,0,660,1465,2178,medsl,1
2016,ND,Pierce,0,2071,0,0,431,1437,2071,medsl,1
2020,ND,Pierce,0,2128,0,0,497,1585,2128,medsl,1
2024,ND,Pierce,0,1970,0,0,439,1493,1970,medsl,1
2004,ND,Ramsey,0,4900,0,0,1885,2943,4900,medsl,1
2008,ND,Ramsey,0,4762,0,0,2314,2361,4762,medsl,1
2012,ND,Ramsey,0,4999,0,0,2164,2665,4999,medsl,1
2016,ND,Ramsey,0,5305,0,0,1505,3217,5305,medsl,1
2020,ND,Ramsey,0,5372,0,0,1639,3577,5372,medsl,1
2024,ND,Ramsey,0,5239,0,0,1513,3609,5239,medsl,1
2004,ND,Ransom,0,2602,0,0,1199,1352,2602,medsl,1
2008,ND,Ransom,0,2433,0,0,1371,998,2433,medsl,1
2012,ND,Ransom,0,2425,0,0,1343,1009,2425,medsl,1
2016,ND,Ransom,0,2359,0,0,838,1210,2359,medsl,1
2020,ND,Ransom,0,2454,0,0,945,1418,2454,medsl,1
2024,ND,Ransom,0,2649,0,0,920,1661,2649,medsl,1
2004,ND,Renville,0,1469,0,0,497,953,1469,medsl,1
2008,ND,Renville,0,1346,0,0,505,799,1346,medsl,1
2012,ND,Renville,0,1278,0,0,398,851,1278,medsl,1
2016,ND,Renville,0,1293,0,0,201,993,1293,medsl,1
2020,ND,Renville,0,1319,0,0,220,1065,1319,medsl,1
2024,ND,Renville,0,1208,0,0,179,993,1208,medsl,1
2004,ND,Richland,0,8215,0,0,2821,5264,8215,medsl,1
2008,ND,Richland,0,7563,0,0,3513,3900,7563,medsl,1
2012,ND,Richland,0,7613,0,0,3198,4229,7613,medsl,1
2016,ND,Richland,0,7592,0,0,2064,4767,7592,medsl,1
2020,ND,Richland,0,7812,0,0,2510,5072,7812,medsl,1
2024,ND,Richland,0,8261,0,0,2473,5576,8261,medsl,1
2004,ND,Rolette,0,4044,0,0,2564,1392,4044,medsl,0
2008,ND,Rolette,0,4534,0,0,3403,1045,4534,medsl,0
2012,ND,Rolette,0,4552,0,0,3353,1092,4552,medsl,0
2016,ND,Rolette,0,3755,0,0,2099,1217,3755,medsl,0
2020,ND,Rolette,0,3804,0,0,2482,1257,3804,medsl,0
2024,ND,Rolette,0,4075,0,0,2567,1427,4075,medsl,0
2004,ND,Sargent,0,2200,0,0,1021,1147,2200,medsl,1
2008,ND,Sargent,0,1927,0,0,1115,778,1927,medsl,1
2012,ND,Sargent,0,2007,0,0,1075,879,2007,medsl,1
2016,ND,Sargent,0,1997,0,0,694,1088,1997,medsl,1
2020,ND,Sargent,0,2070,0,0,738,1266,2070,medsl,1
2024,ND,Sargent,0,2043,0,0,663,1325,2043,medsl,1
2004,ND,Sheridan,0,944,0,0,200,727,944,medsl,1
2008,ND,Sheridan,0,803,0,0,229,555,803,medsl,1
2012,ND,Sheridan,0,822,0,0,163,642,822,medsl,1
2016,ND,Sheridan,0,787,0,0,95,650,787,medsl,1
2020,ND,Sheridan,0,812,0,0,104,688,812,medsl,1
2024,ND,Sheridan,0,757,0,0,101,644,757,medsl,1
2004,ND,Sioux,0,1140,0,0,804,319,1140,medsl,1
2008,ND,Sioux,0,1378,0,0,1145,215,1378,medsl,1
2012,ND,Sioux,0,1144,0,0,900,225,1144,medsl,1
2016,ND,Sioux,0,1232,0,0,758,260,1232,medsl,1
2020,ND,Sioux,0,1186,0,0,804,258,1186,medsl,1
2024,ND,Sioux,0,953,0,0,654,285,953,medsl,1
2004,ND,Slope,0,432,0,0,89,335,432,medsl,1
2008,ND,Slope,0,411,0,0,106,297,411,medsl,1
2012,ND,Slope,0,437,0,0,83,341,437,medsl,1
2016,ND,Slope,0,430,0,0,43,362,430,medsl,1
2020,ND,Slope,0,427,0,0,44,380,427,medsl,1
2024,ND,Slope,0,389,0,0,33,351,389,medsl,1
2004,ND,Stark,0,10400,0,0,3013,7220,10400,medsl,1
2008,ND,Stark,0,11070,0,0,3802,7024,11070,medsl,1
2012,ND,Stark,0,11633,0,0,2812,8521,11633,medsl,1
2016,ND,Stark,0,12322,0,0,1753,9755,12322,medsl,1
2020,ND,Stark,0,15050,0,0,2499,12110,15050,medsl,1
2024,ND,Stark,0,15100,0,0,2473,12323,15100,medsl,1
2004,ND,Steele,0,1213,0,0,616,586,1213,medsl,1
2008,ND,Steele,0,1032,0,0,614,404,1032,medsl,1
2012,ND,Steele,0,1042,0,0,518,498,1042,medsl,1
2016,ND,Steele,0,999,0,0,361,538,999,medsl,1
2020,ND,Steele,0,1088,0,0,392,652,1088,medsl,1
2024,ND,Steele,0,1015,0,0,367,622,1015,medsl,1
2004,ND,Stutsman,0,10122,0,0,3438,6517,10122,medsl,0
2008,ND,Stutsman,0,9784,0,0,4056,5499,9784,medsl,0
2012,ND,Stutsman,0,9558,0,0,3585,5685,9558,medsl,0
2016,ND,Stutsman,0,10155,0,0,2498,6718,10155,medsl,0
2020,ND,Stutsman,0,9959,0,0,2676,6994,9959,medsl,0
2024,ND,Stutsman,0,10134,0,0,2692,7185,10134,medsl,0
2004,ND,Towner,0,1391,0,0,606,754,1391,medsl,1
2008,ND,Towner,0,1197,0,0,621,536,1197,medsl,1
2012,ND,Towner,0,1182,0,0,516,623,1182,medsl,1
2016,ND,Towner,0,1157,0,0,305,733,1157,medsl,1
2020,ND,Towner,0,1174,0,0,317,830,1174,medsl,1
2024,ND,Towner,0,1114,0,0,289,796,1114,medsl,1
2004,ND,Traill,0,4248,0,0,1651,2543,4248,medsl,1
2008,ND,Traill,0,4041,0,0,2136,1845,4041,medsl,1
2012,ND,Traill,0,3921,0,0,1811,1996,3921,medsl,1
2016,ND,Traill,0,3933,0,0,1241,2265,3933,medsl,1
2020,ND,Traill,0,4136,0,0,1493,2522,4136,medsl,1
2024,ND,Traill,0,4115,0,0,1359,2650,4115,medsl,1
2004,ND,Walsh,0,5186,0,0,1905,3194,5186,medsl,1
2008,ND,Walsh,0,4882,0,0,2325,2415,4882,medsl,1
2012,ND,Walsh,0,5096,0,0,2124,2813,5096,medsl,1
2016,ND,Walsh,0,4636,0,0,1167,2995,4636,medsl,1
2020,ND,Walsh,0,4783,0,0,1333,3324,4783,medsl,1
2024,ND,Walsh,0,4496,0,0,1173,3186,4496,medsl,1
2004,ND,Ward,0,25612,0,0,8236,17008,25612,medsl,1
2008,ND,Ward,0,25621,0,0,10144,15061,25621,medsl,1
2012,ND,Ward,0,25463,0,0,8441,16230,25463,medsl,1
2016,ND,Ward,0,27412,0,0,5806,18636,27412,medsl,1
2020,ND,Ward,0,28246,0,0,7293,19974,28246,medsl,1
2024,ND,Ward,0,28552,0,0,7215,20635,28552,medsl,1
2004,ND,Wells,0,2561,0,0,858,1654,2561,medsl,1
2008,ND,Wells,0,2377,0,0,841,1468,2377,medsl,1
2012,ND,Wells,0,2379,0,0,673,1654,2379,medsl,1
2016,ND,Wells,0,2383,0,0,419,1796,2383,medsl,1
2020,ND,Wells,0,2374,0,0,442,1893,2374,medsl,1
2024,ND,Wells,0,2253,0,0,405,1815,2253,medsl,1
2004,ND,Williams,0,8929,0,0,2512,6278,8929,medsl,0
2008,ND,Williams,0,9373,0,0,2921,6291,9373,medsl,0
2012,ND,Williams,0,9808,0,0,2322,7184,9808,medsl,0
2016,ND,Williams,0,12807,0,0,1735,10069,12807,medsl,0
2020,ND,Williams,0,14334,0,0,2169,11739,14334,medsl,0
2024,ND,Williams,0,15122,0,0,2276,12501,15122,medsl,0
2004,NE,Adams,0,13286,0,0,3791,9233,13286,medsl,1
2008,NE,Adams,0,13210,0,0,4685,8252,13210,medsl,1
2012,NE,Adams,0,12670,0,0,4062,8316,12670,medsl,1
2016,NE,Adams,0,13513,0,0,3302,9287,13513,medsl,1
2020,NE,Adams,0,14602,0,0,4213,10085,14602,medsl,1
2024,NE,Adams,0,14364,0,0,4100,10077,14364,medsl,1
2004,NE,Antelope,0,3424,0,0,613,2761,3424,medsl,1
2008,NE,Antelope,0,3185,0,0,757,2383,3185,medsl,1
2012,NE,Antelope,0,3232,0,0,571,2596,3232,medsl,1
2016,NE,Antelope,0,3281,0,0,383,2732,3281,medsl,1
2020,NE,Antelope,0,3583,0,0,452,3093,3583,medsl,1
2024,NE,Antelope,0,3447,0,0,396,3032,3447,medsl,1
2004,NE,Arthur,0,266,0,0,24,240,266,medsl,1
2008,NE,Arthur,0,263,0,0,39,217,263,medsl,1
2012,NE,Arthur,0,262,0,0,30,227,262,medsl,1
2016,NE,Arthur,0,273,0,0,17,244,273,medsl,1
2020,NE,Arthur,0,284,0,0,21,260,284,medsl,1
2024,NE,Arthur,0,282,0,0,17,264,282,medsl,1
2004,NE,Banner,0,437,0,0,56,379,437,medsl,1
2008,NE,Banner,0,416,0,0,62,348,416,medsl,1
2012,NE,Banner,0,411,0,0,55,346,411,medsl,1
2016,NE,Banner,0,402,0,0,19,357,402,medsl,1
2020,NE,Banner,0,410,0,0,43,362,410,medsl,1
2024,NE,Banner,0,386,0,0,34,348,386,medsl,1
2004,NE,Blaine,0,339,0,0,38,301,339,medsl,1
2008,NE,Blaine,0,316,0,0,43,266,316,medsl,1
2012,NE,Blaine,0,303,0,0,29,268,303,medsl,1
2016,NE,Blaine,0,317,0,0,30,276,317,medsl,1
2020,NE,Blaine,0,317,0,0,35,280,317,medsl,1
2024,NE,Blaine,0,291,0,0,37,250,291,medsl,1
2004,NE,Boone,0,2895,0,0,546,2309,2895,medsl,1
2008,NE,Boone,0,2836,0,0,742,2042,2836,medsl,1
2012,NE,Boone,0,2806,0,0,615,2138,2806,medsl,1
2016,NE,Boone,0,2905,0,0,414,2299,2905,medsl,1
2020,NE,Boone,0,3217,0,0,499,2653,3217,medsl,1
2024,NE,Boone,0,3031,0,0,496,2499,3031,medsl,1
2004,NE,Box Butte,0,5152,0,0,1657,3396,5152,medsl,1
2008,NE,Box Butte,0,4979,0,0,1886,2932,4979,medsl,1
2012,NE,Box Butte,0,4705,0,0,1692,2869,4705,medsl,1
2016,NE,Box Butte,0,4924,0,0,965,3617,4924,medsl,1
2020,NE,Box Butte,0,5181,0,0,1051,4002,5181,medsl,1
2024,NE,Box Butte,0,4931,0,0,1043,3827,4931,medsl,1
2004,NE,Boyd,0,1148,0,0,228,911,1148,medsl,1
2008,NE,Boyd,0,1110,0,0,250,839,1110,medsl,1
2012,NE,Boyd,0,1071,0,0,188,873,1071,medsl,1
2016,NE,Boyd,0,1156,0,0,128,983,1156,medsl,1
2020,NE,Boyd,0,1153,0,0,135,1010,1153,medsl,1
2024,NE,Boyd,0,1075,0,0,132,938,1075,medsl,1
2004,NE,Brown,0,1733,0,0,268,1426,1733,medsl,1
2008,NE,Brown,0,1567,0,0,311,1208,1567,medsl,1
2012,NE,Brown,0,1555,0,0,224,1302,1555,medsl,1
2016,NE,Brown,0,1597,0,0,153,1385,1597,medsl,1
2020,NE,Brown,0,1679,0,0,191,1470,1679,medsl,1
2024,NE,Brown,0,1642,0,0,201,1428,1642,medsl,1
2004,NE,Buffalo,0,18608,0,0,4100,14222,18608,medsl,0
2008,NE,Buffalo,0,19293,0,0,5867,13097,19293,medsl,0
2012,NE,Buffalo,0,19453,0,0,5365,13570,19453,medsl,0
2016,NE,Buffalo,0,21129,0,0,4763,14569,21129,medsl,0
2020,NE,Buffalo,0,23589,0,0,6350,16640,23589,medsl,0
2024,NE,Buffalo,0,23759,0,0,6386,17064,23759,medsl,0
2004,NE,Burt,0,3668,0,0,1272,2349,3668,medsl,1
2008,NE,Burt,0,3387,0,0,1413,1907,3387,medsl,1
2012,NE,Burt,0,3375,0,0,1291,2029,3375,medsl,1
2016,NE,Burt,0,3558,0,0,930,2367,3558,medsl,1
2020,NE,Burt,0,3731,0,0,1063,2580,3731,medsl,1
2024,NE,Burt,0,3656,0,0,983,2632,3656,medsl,1
2004,NE,Butler,0,4168,0,0,1068,3016,4168,medsl,0
2008,NE,Butler,0,3839,0,0,1190,2557,3839,medsl,0
2012,NE,Butler,0,3859,0,0,1045,2738,3859,medsl,0
2016,NE,Butler,0,3981,0,0,691,3079,3981,medsl,0
2020,NE,Butler,0,4498,0,0,873,3542,4498,medsl,0
2024,NE,Butler,0,4587,0,0,906,3642,4587,medsl,0
2004,NE,Cass,0,11529,0,0,3619,7763,11529,medsl,0
2008,NE,Cass,0,12122,0,0,4753,7120,12122,medsl,0
2012,NE,Cass,0,12180,0,0,4367,7556,12180,medsl,0
2016,NE,Cass,0,12933,0,0,3484,8452,12933,medsl,0
2020,NE,Cass,0,15284,0,0,4737,10121,15284,medsl,0
2024,NE,Cass,0,15755,0,0,4824,10685,15755,medsl,0
2004,NE,Cedar,0,4536,0,0,1083,3387,4536,medsl,1
2008,NE,Cedar,0,4174,0,0,1190,2912,4174,medsl,1
2012,NE,Cedar,0,4334,0,0,958,3278,4334,medsl,1
2016,NE,Cedar,0,4420,0,0,571,3532,4420,medsl,1
2020,NE,Cedar,0,4996,0,0,725,4174,4996,medsl,1
2024,NE,Cedar,0,4912,0,0,702,4141,4912,medsl,1
2004,NE,Chase,0,1973,0,0,302,1652,1973,medsl,1
2008,NE,Chase,0,1844,0,0,341,1477,1844,medsl,1
2012,NE,Chase,0,1867,0,0,254,1584,1867,medsl,1
2016,NE,Chase,0,1898,0,0,171,1648,1898,medsl,1
2020,NE,Chase,0,1993,0,0,226,1740,1993,medsl,1
2024,NE,Chase,0,1866,0,0,204,1648,1866,medsl,1
2004,NE,Cherry,0,3042,0,0,483,2509,3042,medsl,1
2008,NE,Cherry,0,3059,0,0,599,2360,3059,medsl,1
2012,NE,Cherry,0,3064,0,0,436,2557,3064,medsl,1
2016,NE,Cherry,0,3118,0,0,317,2623,3118,medsl,1
2020,NE,Cherry,0,3265,0,0,373,2844,3265,medsl,1
2024,NE,Cherry,0,3069,0,0,349,2687,3069,medsl,1
2004,NE,Cheyenne,0,4746,0,0,893,3791,4746,medsl,1
2008,NE,Cheyenne,0,4839,0,0,1173,3572,4839,medsl,1
2012,NE,Cheyenne,0,4649,0,0,1084,3449,4649,medsl,1
2016,NE,Cheyenne,0,4711,0,0,711,3665,4711,medsl,1
2020,NE,Cheyenne,0,4765,0,0,855,3813,4765,medsl,1
2024,NE,Cheyenne,0,4530,0,0,787,3692,4530,medsl,1
2004,NE,Clay,0,3337,0,0,743,2543,3337,medsl,1
2008,NE,Clay,0,3033,0,0,780,2177,3033,medsl,1
2012,NE,Clay,0,2947,0,0,667,2232,2947,medsl,1
2016,NE,Clay,0,3065,0,0,477,2422,3065,medsl,1
2020,NE,Clay,0,3558,0,0,632,2848,3558,medsl,1
2024,NE,Clay,0,3310,0,0,577,2677,3310,medsl,1
2004,NE,Colfax,0,3633,0,0,990,2589,3633,medsl,1
2008,NE,Colfax,0,3203,0,0,1125,2018,3203,medsl,1
2012,NE,Colfax,0,3069,0,0,969,2051,3069,medsl,1
2016,NE,Colfax,0,3214,0,0,859,2171,3214,medsl,1
2020,NE,Colfax,0,3717,0,0,1025,2636,3717,medsl,1
2024,NE,Colfax,0,3516,0,0,845,2636,3516,medsl,1
2004,NE,Cuming,0,4349,0,0,966,3330,4349,medsl,1
2008,NE,Cuming,0,4087,0,0,1274,2732,4087,medsl,1
2012,NE,Cuming,0,3976,0,0,1031,2876,3976,medsl,1
2016,NE,Cuming,0,4074,0,0,719,3122,4074,medsl,1
2020,NE,Cuming,0,4451,0,0,870,3507,4451,medsl,1
2024,NE,Cuming,0,4445,0,0,867,3536,4445,medsl,1
2004,NE,Custer,0,5612,0,0,1040,4518,5612,medsl,1
2008,NE,Custer,0,5578,0,0,1192,4301,5578,medsl,1
2012,NE,Custer,0,5498,0,0,1083,4296,5498,medsl,1
2016,NE,Custer,0,5652,0,0,641,4695,5652,medsl,1
2020,NE,Custer,0,5993,0,0,786,5090,5993,medsl,1
2024,NE,Custer,0,5886,0,0,786,5042,5886,medsl,1
2004,NE,Dakota,0,6615,0,0,3027,3526,6615,medsl,1
2008,NE,Dakota,0,6396,0,0,2994,3292,6396,medsl,1
2012,NE,Dakota,0,6136,0,0,2922,3094,6136,medsl,1
2016,NE,Dakota,0,6279,0,0,2314,3616,6279,medsl,1
2020,NE,Dakota,0,6794,0,0,2744,3926,6794,medsl,1
2024,NE,Dakota,0,6120,0,0,2109,3934,6120,medsl,1
2004,NE,Dawes,0,3994,0,0,1119,2809,3994,medsl,1
2008,NE,Dawes,0,3775,0,0,1285,2376,3775,medsl,1
2012,NE,Dawes,0,3728,0,0,1132,2478,3728,medsl,1
2016,NE,Dawes,0,3676,0,0,801,2632,3676,medsl,1
2020,NE,Dawes,0,4121,0,0,1082,2931,4121,medsl,1
2024,NE,Dawes,0,3868,0,0,992,2812,3868,medsl,1
2004,NE,Dawson,0,7956,0,0,1728,6149,7956,medsl,1
2008,NE,Dawson,0,7986,0,0,2399,5460,7986,medsl,1
2012,NE,Dawson,0,7859,0,0,2199,5460,7859,medsl,1
2016,NE,Dawson,0,8635,0,0,2136,5984,8635,medsl,1
2020,NE,Dawson,0,9178,0,0,2497,6524,9178,medsl,1
2024,NE,Dawson,0,8491,0,0,2101,6312,8491,medsl,1
2004,NE,Deuel,0,1053,0,0,222,820,1053,medsl,1
2008,NE,Deuel,0,993,0,0,243,732,993,medsl,1
2012,NE,Deuel,0,1017,0,0,215,763,1017,medsl,1
2016,NE,Deuel,0,984,0,0,120,809,984,medsl,1
2020,NE,Deuel,0,1032,0,0,141,871,1032,medsl,1
2024,NE,Deuel,0,1012,0,0,151,843,1012,medsl,1
2004,NE,Dixon,0,3009,0,0,938,2028,3009,medsl,1
2008,NE,Dixon,0,2794,0,0,946,1785,2794,medsl,1
2012,NE,Dixon,0,2686,0,0,870,1745,2686,medsl,1
2016,NE,Dixon,0,2782,0,0,556,2041,2782,medsl,1
2020,NE,Dixon,0,3083,0,0,651,2335,3083,medsl,1
2024,NE,Dixon,0,2895,0,0,573,2271,2895,medsl,1
2004,NE,Dodge,0,16172,0,0,5250,10716,16172,medsl,1
2008,NE,Dodge,0,15550,0,0,6689,8557,15550,medsl,1
2012,NE,Dodge,0,14950,0,0,5673,8995,14950,medsl,1
2016,NE,Dodge,0,15529,0,0,4544,9933,15529,medsl,1
2020,NE,Dodge,0,16876,0,0,5544,10984,16876,medsl,1
2024,NE,Dodge,0,16443,0,0,5434,10795,16443,medsl,1
2004,NE,Douglas,0,207071,0,0,83330,120813,207071,medsl,1
2008,NE,Douglas,0,226701,0,0,116810,106291,226701,medsl,1
2012,NE,Douglas,0,223927,0,0,106456,113220,223927,medsl,1
2016,NE,Douglas,0,240433,0,0,113798,108077,240433,medsl,1
2020,NE,Douglas,0,274951,0,0,150350,119159,274951,medsl,1
2024,NE,Douglas,0,273403,0,0,148733,120919,273403,medsl,1
2004,NE,Dundy,0,1053,0,0,186,858,1053,medsl,1
2008,NE,Dundy,0,1019,0,0,218,783,1019,medsl,1
2012,NE,Dundy,0,985,0,0,176,792,985,medsl,1
2016,NE,Dundy,0,953,0,0,89,823,953,medsl,1
2020,NE,Dundy,0,999,0,0,105,883,999,medsl,1
2024,NE,Dundy,0,929,0,0,96,829,929,medsl,1
2004,NE,Fillmore,0,3193,0,0,828,2314,3193,medsl,1
2008,NE,Fillmore,0,2947,0,0,962,1913,2947,medsl,1
2012,NE,Fillmore,0,2879,0,0,807,2007,2879,medsl,1
2016,NE,Fillmore,0,2941,0,0,613,2130,2941,medsl,1
2020,NE,Fillmore,0,3134,0,0,693,2359,3134,medsl,1
2024,NE,Fillmore,0,3013,0,0,662,2315,3013,medsl,1
2004,NE,Franklin,0,1714,0,0,412,1277,1714,medsl,1
2008,NE,Franklin,0,1552,0,0,442,1079,1552,medsl,1
2012,NE,Franklin,0,1536,0,0,384,1112,1536,medsl,1
2016,NE,Franklin,0,1673,0,0,250,1347,1673,medsl,1
2020,NE,Franklin,0,1724,0,0,276,1437,1724,medsl,1
2024,NE,Franklin,0,1600,0,0,236,1351,1600,medsl,1
2004,NE,Frontier,0,1467,0,0,275,1160,1467,medsl,1
2008,NE,Frontier,0,1404,0,0,349,1034,1404,medsl,1
2012,NE,Frontier,0,1305,0,0,271,1007,1305,medsl,1
2016,NE,Frontier,0,1328,0,0,161,1110,1328,medsl,1
2020,NE,Frontier,0,1440,0,0,189,1229,1440,medsl,1
2024,NE,Frontier,0,1410,0,0,185,1213,1410,medsl,1
2004,NE,Furnas,0,2467,0,0,492,1950,2467,medsl,1
2008,NE,Furnas,0,2328,0,0,556,1725,2328,medsl,1
2012,NE,Furnas,0,2240,0,0,423,1782,2240,medsl,1
2016,NE,Furnas,0,2340,0,0,304,1921,2340,medsl,1
2020,NE,Furnas,0,2601,0,0,399,2163,2601,medsl,1
2024,NE,Furnas,0,2413,0,0,358,2043,2413,medsl,1
2004,NE,Gage,0,10384,0,0,3655,6575,10384,medsl,1
2008,NE,Gage,0,10160,0,0,4473,5435,10160,medsl,1
2012,NE,Gage,0,9661,0,0,3903,5513,9661,medsl,1
2016,NE,Gage,0,10048,0,0,2935,6380,10048,medsl,1
2020,NE,Gage,0,11068,0,0,3385,7445,11068,medsl,1
2024,NE,Gage,0,10916,0,0,3242,7523,10916,medsl,1
2004,NE,Garden,0,1183,0,0,201,970,1183,medsl,1
2008,NE,Garden,0,1138,0,0,283,844,1138,medsl,1
2012,NE,Garden,0,1091,0,0,242,829,1091,medsl,1
2016,NE,Garden,0,1075,0,0,153,869,1075,medsl,1
2020,NE,Garden,0,1195,0,0,161,1016,1195,medsl,1
2024,NE,Garden,0,1117,0,0,162,949,1117,medsl,1
2004,NE,Garfield,0,1017,0,0,196,806,1017,medsl,1
2008,NE,Garfield,0,1030,0,0,212,800,1030,medsl,1
2012,NE,Garfield,0,940,0,0,149,769,940,medsl,1
2016,NE,Garfield,0,980,0,0,121,821,980,medsl,1
2020,NE,Garfield,0,1075,0,0,133,933,1075,medsl,1
2024,NE,Garfield,0,1015,0,0,116,893,1015,medsl,1
2004,NE,Gosper,0,1119,0,0,222,890,1119,medsl,1
2008,NE,Gosper,0,1048,0,0,260,776,1048,medsl,1
2012,NE,Gosper,0,978,0,0,230,734,978,medsl,1
2016,NE,Gosper,0,1010,0,0,166,794,1010,medsl,1
2020,NE,Gosper,0,1118,0,0,215,893,1118,medsl,1
2024,NE,Gosper,0,1118,0,0,203,907,1118,medsl,1
2004,NE,Grant,0,396,0,0,41,352,396,medsl,1
2008,NE,Grant,0,367,0,0,41,318,367,medsl,1
2012,NE,Grant,0,363,0,0,30,322,363,medsl,1
2016,NE,Grant,0,405,0,0,20,367,405,medsl,1
2020,NE,Grant,0,402,0,0,20,375,402,medsl,1
2024,NE,Grant,0,366,0,0,15,351,366,medsl,1
2004,NE,Greeley,0,1248,0,0,361,865,1248,medsl,1
2008,NE,Greeley,0,1199,0,0,458,715,1199,medsl,1
2012,NE,Greeley,0,1185,0,0,340,820,1185,medsl,1
2016,NE,Greeley,0,1175,0,0,210,912,1175,medsl,1
2020,NE,Greeley,0,1258,0,0,229,1016,1258,medsl,1
2024,NE,Greeley,0,1235,0,0,192,1030,1235,medsl,1
2004,NE,Hall,0,21154,0,0,6228,14592,21154,medsl,1
2008,NE,Hall,0,21271,0,0,7855,12977,21271,medsl,1
2012,NE,Hall,0,20229,0,0,7161,12646,20229,medsl,1
2016,NE,Hall,0,22060,0,0,6282,14408,22060,medsl,1
2020,NE,Hall,0,24374,0,0,7681,16189,24374,medsl,1
2024,NE,Hall,0,22804,0,0,6956,15566,22804,medsl,1
2004,NE,Hamilton,0,4866,0,0,1012,3785,4866,medsl,1
2008,NE,Hamilton,0,4799,0,0,1332,3389,4799,medsl,1
2012,NE,Hamilton,0,4871,0,0,1146,3600,4871,medsl,1
2016,NE,Hamilton,0,5004,0,0,878,3783,5004,medsl,1
2020,NE,Hamilton,0,5533,0,0,1118,4309,5533,medsl,1
2024,NE,Hamilton,0,5547,0,0,1067,4416,5547,medsl,1
2004,NE,Harlan,0,1897,0,0,398,1467,1897,medsl,1
2008,NE,Harlan,0,1766,0,0,402,1329,1766,medsl,1
2012,NE,Harlan,0,1778,0,0,354,1395,1778,medsl,1
2016,NE,Harlan,0,1832,0,0,254,1496,1832,medsl,1
2020,NE,Harlan,0,1928,0,0,282,1615,1928,medsl,1
2024,NE,Harlan,0,1802,0,0,280,1506,1802,medsl,1
2004,NE,Hayes,0,598,0,0,66,524,598,medsl,1
2008,NE,Hayes,0,553,0,0,85,461,553,medsl,1
2012,NE,Hayes,0,539,0,0,51,476,539,medsl,1
2016,NE,Hayes,0,514,0,0,30,472,514,medsl,1
2020,NE,Hayes,0,534,0,0,34,494,534,medsl,1
2024,NE,Hayes,0,494,0,0,19,472,494,medsl,1
2004,NE,Hitchcock,0,1486,0,0,296,1171,1486,medsl,1
2008,NE,Hitchcock,0,1379,0,0,346,1001,1379,medsl,1
2012,NE,Hitchcock,0,1495,0,0,274,1178,1495,medsl,1
2016,NE,Hitchcock,0,1468,0,0,161,1232,1468,medsl,1
2020,NE,Hitchcock,0,1469,0,0,175,1264,1469,medsl,1
2024,NE,Hitchcock,0,1433,0,0,152,1269,1433,medsl,1
2004,NE,Holt,0,5174,0,0,894,4217,5174,medsl,1
2008,NE,Holt,0,4974,0,0,1089,3746,4974,medsl,1
2012,NE,Holt,0,4939,0,0,882,3922,4939,medsl,1
2016,NE,Holt,0,5118,0,0,531,4354,5118,medsl,1
2020,NE,Holt,0,5537,0,0,686,4769,5537,medsl,1
2024,NE,Holt,0,5442,0,0,681,4708,5442,medsl,1
2004,NE,Hooker,0,461,0,0,64,392,461,medsl,1
2008,NE,Hooker,0,438,0,0,75,355,438,medsl,1
2012,NE,Hooker,0,395,0,0,59,330,395,medsl,1
2016,NE,Hooker,0,417,0,0,40,355,417,medsl,1
2020,NE,Hooker,0,442,0,0,59,376,442,medsl,1
2024,NE,Hooker,0,427,0,0,55,369,427,medsl,1
2004,NE,Howard,0,2979,0,0,900,2020,2979,medsl,1
2008,NE,Howard,0,2996,0,0,1083,1847,2996,medsl,1
2012,NE,Howard,0,2870,0,0,914,1890,2870,medsl,1
2016,NE,Howard,0,2994,0,0,544,2284,2994,medsl,1
2020,NE,Howard,0,3501,0,0,648,2786,3501,medsl,1
2024,NE,Howard,0,3550,0,0,642,2868,3550,medsl,1
2004,NE,Jefferson,0,4011,0,0,1352,2600,4011,medsl,1
2008,NE,Jefferson,0,3697,0,0,1520,2103,3697,medsl,1
2012,NE,Jefferson,0,3446,0,0,1195,2166,3446,medsl,1
2016,NE,Jefferson,0,3494,0,0,837,2399,3494,medsl,1
2020,NE,Jefferson,0,3716,0,0,1016,2616,3716,medsl,1
2024,NE,Jefferson,0,3631,0,0,968,2614,3631,medsl,1
2004,NE,Johnson,0,2394,0,0,885,1470,2394,medsl,1
2008,NE,Johnson,0,2110,0,0,914,1142,2110,medsl,1
2012,NE,Johnson,0,2063,0,0,790,1225,2063,medsl,1
2016,NE,Johnson,0,2089,0,0,563,1355,2089,medsl,1
2020,NE,Johnson,0,2229,0,0,647,1518,2229,medsl,1
2024,NE,Johnson,0,2152,0,0,625,1496,2152,medsl,1
2004,NE,Kearney,0,3379,0,0,707,2621,3379,medsl,0
2008,NE,Kearney,0,3150,0,0,876,2224,3150,medsl,0
2012,NE,Kearney,0,3180,0,0,773,2349,3180,medsl,0
2016,NE,Kearney,0,3296,0,0,550,2531,3296,medsl,0
2020,NE,Kearney,0,3604,0,0,701,2822,3604,medsl,0
2024,NE,Kearney,0,3604,0,0,736,2828,3604,medsl,0
2004,NE,Keith,0,4137,0,0,743,3356,4137,medsl,1
2008,NE,Keith,0,3968,0,0,974,2942,3968,medsl,1
2012,NE,Keith,0,4058,0,0,928,3044,4058,medsl,1
2016,NE,Keith,0,4034,0,0,571,3235,4034,medsl,1
2020,NE,Keith,0,4364,0,0,763,3544,4364,medsl,1
2024,NE,Keith,0,4199,0,0,731,3416,4199,medsl,1
2004,NE,Keya Paha,0,549,0,0,98,442,549,medsl,1
2008,NE,Keya Paha,0,533,0,0,115,409,533,medsl,1
2012,NE,Keya Paha,0,484,0,0,80,393,484,medsl,1
2016,NE,Keya Paha,0,519,0,0,40,460,519,medsl,1
2020,NE,Keya Paha,0,529,0,0,49,476,529,medsl,1
2024,NE,Keya Paha,0,544,0,0,44,500,544,medsl,1
2004,NE,Kimball,0,1877,0,0,366,1491,1877,medsl,1
2008,NE,Kimball,0,1811,0,0,439,1346,1811,medsl,1
2012,NE,Kimball,0,1687,0,0,395,1235,1687,medsl,1
2016,NE,Kimball,0,1677,0,0,230,1330,1677,medsl,1
2020,NE,Kimball,0,1874,0,0,268,1563,1874,medsl,1
2024,NE,Kimball,0,1720,0,0,272,1424,1720,medsl,1
2004,NE,Knox,0,4213,0,0,1086,3062,4213,medsl,1
2008,NE,Knox,0,4084,0,0,1255,2728,4084,medsl,1
2012,NE,Knox,0,4036,0,0,1059,2885,4036,medsl,1
2016,NE,Knox,0,4115,0,0,720,3188,4115,medsl,1
2020,NE,Knox,0,4697,0,0,905,3721,4697,medsl,1
2024,NE,Knox,0,4436,0,0,786,3593,4436,medsl,1
2004,NE,Lancaster,0,124509,0,0,52747,69764,124509,medsl,1
2008,NE,Lancaster,0,127490,0,0,65734,59398,127490,medsl,1
2012,NE,Lancaster,0,127355,0,0,62015,62434,127355,medsl,1
2016,NE,Lancaster,0,136223,0,0,61898,61588,136223,medsl,1
2020,NE,Lancaster,0,156091,0,0,82293,70092,156091,medsl,1
2024,NE,Lancaster,0,157633,0,0,81012,74215,157633,medsl,1
2004,NE,Lincoln,0,16199,0,0,4905,11056,16199,medsl,1
2008,NE,Lincoln,0,16277,0,0,5046,10817,16277,medsl,1
2012,NE,Lincoln,0,15655,0,0,4450,10728,15655,medsl,1
2016,NE,Lincoln,0,16131,0,0,2913,12164,16131,medsl,1
2020,NE,Lincoln,0,17107,0,0,3692,13071,17107,medsl,1
2024,NE,Lincoln,0,16464,0,0,3586,12674,16464,medsl,1
2004,NE,Logan,0,429,0,0,67,357,429,medsl,1
2008,NE,Logan,0,416,0,0,81,327,416,medsl,1
2012,NE,Logan,0,431,0,0,68,356,431,medsl,1
2016,NE,Logan,0,453,0,0,32,400,453,medsl,1
2020,NE,Logan,0,450,0,0,38,407,450,medsl,1
2024,NE,Logan,0,440,0,0,25,409,440,medsl,1
2004,NE,Loup,0,386,0,0,68,314,386,medsl,1
2008,NE,Loup,0,393,0,0,86,302,393,medsl,1
2012,NE,Loup,0,358,0,0,62,290,358,medsl,1
2016,NE,Loup,0,385,0,0,48,323,385,medsl,1
2020,NE,Loup,0,454,0,0,75,370,454,medsl,1
2024,NE,Loup,0,428,0,0,73,354,428,medsl,1
2004,NE,Madison,0,14089,0,0,2934,10981,14089,medsl,1
2008,NE,Madison,0,14045,0,0,4142,9655,14045,medsl,1
2012,NE,Madison,0,13885,0,0,3485,10062,13885,medsl,1
2016,NE,Madison,0,14343,0,0,2711,10628,14343,medsl,1
2020,NE,Madison,0,15765,0,0,3478,11940,15765,medsl,1
2024,NE,Madison,0,15690,0,0,3360,12145,15690,medsl,1
2004,NE,Mcpherson,0,312,0,0,49,259,312,medsl,1
2008,NE,Mcpherson,0,293,0,0,45,240,293,medsl,1
2012,NE,Mcpherson,0,291,0,0,41,237,291,medsl,1
2016,NE,Mcpherson,0,287,0,0,14,257,287,medsl,1
2020,NE,Mcpherson,0,302,0,0,17,275,302,medsl,1
2024,NE,Mcpherson,0,283,0,0,12,267,283,medsl,1
2004,NE,Merrick,0,3657,0,0,833,2771,3657,medsl,1
2008,NE,Merrick,0,3431,0,0,986,2375,3431,medsl,1
2012,NE,Merrick,0,3489,0,0,925,2490,3489,medsl,1
2016,NE,Merrick,0,3788,0,0,602,2926,3788,medsl,1
2020,NE,Merrick,0,4257,0,0,743,3419,4257,medsl,1
2024,NE,Merrick,0,4342,0,0,730,3551,4342,medsl,1
2004,NE,Morrill,0,2293,0,0,495,1755,2293,medsl,1
2008,NE,Morrill,0,2351,0,0,557,1725,2351,medsl,1
2012,NE,Morrill,0,2190,0,0,455,1681,2190,medsl,1
2016,NE,Morrill,0,2209,0,0,284,1802,2209,medsl,1
2020,NE,Morrill,0,2557,0,0,386,2113,2557,medsl,1
2024,NE,Morrill,0,2426,0,0,366,2026,2426,medsl,1
2004,NE,Nance,0,1731,0,0,459,1237,1731,medsl,1
2008,NE,Nance,0,1707,0,0,549,1116,1707,medsl,1
2012,NE,Nance,0,1621,0,0,481,1106,1621,medsl,1
2016,NE,Nance,0,1621,0,0,281,1261,1621,medsl,1
2020,NE,Nance,0,1828,0,0,359,1437,1828,medsl,1
2024,NE,Nance,0,1837,0,0,352,1462,1837,medsl,1
2004,NE,Nemaha,0,3715,0,0,1066,2595,3715,medsl,1
2008,NE,Nemaha,0,3474,0,0,1240,2134,3474,medsl,1
2012,NE,Nemaha,0,3214,0,0,1128,2012,3214,medsl,1
2016,NE,Nemaha,0,3161,0,0,785,2116,3161,medsl,1
2020,NE,Nemaha,0,3423,0,0,921,2428,3423,medsl,1
2024,NE,Nemaha,0,3418,0,0,915,2443,3418,medsl,1
2004,NE,Nuckolls,0,2471,0,0,541,1884,2471,medsl,1
2008,NE,Nuckolls,0,2221,0,0,657,1498,2221,medsl,1
2012,NE,Nuckolls,0,2191,0,0,568,1574,2191,medsl,1
2016,NE,Nuckolls,0,2205,0,0,353,1726,2205,medsl,1
2020,NE,Nuckolls,0,2303,0,0,409,1857,2303,medsl,1
2024,NE,Nuckolls,0,2258,0,0,399,1836,2258,medsl,1
2004,NE,Otoe,0,7386,0,0,2275,5018,7386,medsl,1
2008,NE,Otoe,0,7092,0,0,2915,4033,7092,medsl,1
2012,NE,Otoe,0,6982,0,0,2561,4258,6982,medsl,1
2016,NE,Otoe,0,7457,0,0,2025,4860,7457,medsl,1
2020,NE,Otoe,0,8315,0,0,2490,5649,8315,medsl,1
2024,NE,Otoe,0,8198,0,0,2463,5651,8198,medsl,1
2004,NE,Pawnee,0,1483,0,0,481,986,1483,medsl,1
2008,NE,Pawnee,0,1384,0,0,483,859,1384,medsl,1
2012,NE,Pawnee,0,1341,0,0,400,899,1341,medsl,1
2016,NE,Pawnee,0,1327,0,0,279,974,1327,medsl,1
2020,NE,Pawnee,0,1429,0,0,322,1071,1429,medsl,1
2024,NE,Pawnee,0,1379,0,0,284,1085,1379,medsl,1
2004,NE,Perkins,0,1558,0,0,262,1285,1558,medsl,1
2008,NE,Perkins,0,1420,0,0,310,1092,1420,medsl,1
2012,NE,Perkins,0,1394,0,0,238,1135,1394,medsl,1
2016,NE,Perkins,0,1455,0,0,161,1217,1455,medsl,1
2020,NE,Perkins,0,1544,0,0,199,1321,1544,medsl,1
2024,NE,Perkins,0,1426,0,0,187,1224,1426,medsl,1
2004,NE,Phelps,0,4743,0,0,830,3872,4743,medsl,1
2008,NE,Phelps,0,4473,0,0,1050,3360,4473,medsl,1
2012,NE,Phelps,0,4380,0,0,880,3400,4380,medsl,1
2016,NE,Phelps,0,4695,0,0,572,3849,4695,medsl,1
2020,NE,Phelps,0,5009,0,0,752,4157,5009,medsl,1
2024,NE,Phelps,0,4965,0,0,758,4158,4965,medsl,1
2004,NE,Pierce,0,3398,0,0,546,2824,3398,medsl,1
2008,NE,Pierce,0,3226,0,0,783,2385,3226,medsl,1
2012,NE,Pierce,0,3431,0,0,637,2707,3431,medsl,1
2016,NE,Pierce,0,3630,0,0,382,3052,3630,medsl,1
2020,NE,Pierce,0,4006,0,0,480,3462,4006,medsl,1
2024,NE,Pierce,0,3897,0,0,446,3420,3897,medsl,1
2004,NE,Platte,0,13987,0,0,2657,11130,13987,medsl,1
2008,NE,Platte,0,13420,0,0,3796,9373,13420,medsl,1
2012,NE,Platte,0,13473,0,0,3148,10061,13473,medsl,1
2016,NE,Platte,0,14433,0,0,2646,10965,14433,medsl,1
2020,NE,Platte,0,15673,0,0,3260,12186,15673,medsl,1
2024,NE,Platte,0,15658,0,0,3191,12326,15658,medsl,1
2004,NE,Polk,0,2727,0,0,549,2146,2727,medsl,1
2008,NE,Polk,0,2543,0,0,668,1822,2543,medsl,1
2012,NE,Polk,0,2457,0,0,528,1890,2457,medsl,1
2016,NE,Polk,0,2582,0,0,413,2028,2582,medsl,1
2020,NE,Polk,0,2879,0,0,530,2291,2879,medsl,1
2024,NE,Polk,0,2819,0,0,501,2296,2819,medsl,1
2004,NE,Red Willow,0,5258,0,0,1055,4129,5258,medsl,1
2008,NE,Red Willow,0,5044,0,0,1216,3735,5044,medsl,1
2012,NE,Red Willow,0,4936,0,0,952,3891,4936,medsl,1
2016,NE,Red Willow,0,5170,0,0,645,4258,5170,medsl,1
2020,NE,Red Willow,0,5452,0,0,811,4525,5452,medsl,1
2024,NE,Red Willow,0,5323,0,0,815,4457,5323,medsl,1
2004,NE,Richardson,0,4278,0,0,1297,2924,4278,medsl,1
2008,NE,Richardson,0,3968,0,0,1513,2342,3968,medsl,1
2012,NE,Richardson,0,3739,0,0,1191,2443,3739,medsl,1
2016,NE,Richardson,0,3805,0,0,818,2769,3805,medsl,1
2020,NE,Richardson,0,4126,0,0,996,3073,4126,medsl,1
2024,NE,Richardson,0,3942,0,0,934,2962,3942,medsl,1
2004,NE,Rock,0,883,0,0,130,740,883,medsl,1
2008,NE,Rock,0,801,0,0,139,640,801,medsl,1
2012,NE,Rock,0,789,0,0,103,672,789,medsl,1
2016,NE,Rock,0,798,0,0,70,687,798,medsl,1
2020,NE,Rock,0,841,0,0,84,744,841,medsl,1
2024,NE,Rock,0,834,0,0,85,745,834,medsl,1
2004,NE,Saline,0,5566,0,0,2420,3071,5566,medsl,1
2008,NE,Saline,0,5251,0,0,2674,2434,5251,medsl,1
2012,NE,Saline,0,4958,0,0,2289,2557,4958,medsl,1
2016,NE,Saline,0,5136,0,0,1733,3004,5136,medsl,1
2020,NE,Saline,0,5770,0,0,1986,3631,5770,medsl,1
2024,NE,Saline,0,5655,0,0,1855,3734,5655,medsl,1
2004,NE,Sarpy,0,58334,0,0,17455,40163,58334,medsl,0
2008,NE,Sarpy,0,68022,0,0,28010,38816,68022,medsl,0
2012,NE,Sarpy,0,71490,0,0,26671,43213,71490,medsl,0
2016,NE,Sarpy,0,80580,0,0,28033,45143,80580,medsl,0
2020,NE,Sarpy,0,95673,0,0,41206,51979,95673,medsl,0
2024,NE,Sarpy,0,100735,0,0,43825,55567,100735,medsl,0
2004,NE,Saunders,0,9489,0,0,2884,6441,9489,medsl,0
2008,NE,Saunders,0,10212,0,0,3767,6188,10212,medsl,0
2012,NE,Saunders,0,10312,0,0,3307,6770,10312,medsl,0
2016,NE,Saunders,0,10860,0,0,2523,7555,10860,medsl,0
2020,NE,Saunders,0,12735,0,0,3331,9108,12735,medsl,0
2024,NE,Saunders,0,13565,0,0,3558,9854,13565,medsl,0
2004,NE,Scotts Bluff,0,14390,0,0,3843,10378,14390,medsl,1
2008,NE,Scotts Bluff,0,14730,0,0,4745,9708,14730,medsl,1
2012,NE,Scotts Bluff,0,14287,0,0,4327,9648,14287,medsl,1
2016,NE,Scotts Bluff,0,14317,0,0,3207,10076,14317,medsl,1
2020,NE,Scotts Bluff,0,15469,0,0,4196,10952,15469,medsl,1
2024,NE,Scotts Bluff,0,15040,0,0,3856,11033,15040,medsl,1
2004,NE,Seward,0,7565,0,0,2114,5353,7565,medsl,1
2008,NE,Seward,0,7529,0,0,2703,4647,7529,medsl,1
2012,NE,Seward,0,7573,0,0,2386,5003,7573,medsl,1
2016,NE,Seward,0,7922,0,0,1875,5454,7922,medsl,1
2020,NE,Seward,0,9142,0,0,2438,6490,9142,medsl,1
2024,NE,Seward,0,9184,0,0,2388,6667,9184,medsl,1
2004,NE,Sheridan,0,2599,0,0,430,2136,2599,medsl,1
2008,NE,Sheridan,0,2462,0,0,454,1941,2462,medsl,1
2012,NE,Sheridan,0,2472,0,0,390,2021,2472,medsl,1
2016,NE,Sheridan,0,2608,0,0,287,2211,2608,medsl,1
2020,NE,Sheridan,0,2672,0,0,340,2292,2672,medsl,1
2024,NE,Sheridan,0,2484,0,0,362,2102,2484,medsl,1
2004,NE,Sherman,0,1643,0,0,541,1072,1643,medsl,1
2008,NE,Sherman,0,1572,0,0,585,950,1572,medsl,1
2012,NE,Sherman,0,1530,0,0,552,927,1530,medsl,1
2016,NE,Sherman,0,1573,0,0,340,1150,1573,medsl,1
2020,NE,Sherman,0,1698,0,0,343,1322,1698,medsl,1
2024,NE,Sherman,0,1687,0,0,328,1344,1687,medsl,1
2004,NE,Sioux,0,809,0,0,123,677,809,medsl,0
2008,NE,Sioux,0,732,0,0,117,603,732,medsl,0
2012,NE,Sioux,0,739,0,0,101,624,739,medsl,0
2016,NE,Sioux,0,736,0,0,81,616,736,medsl,0
2020,NE,Sioux,0,729,0,0,72,642,729,medsl,0
2024,NE,Sioux,0,678,0,0,77,597,678,medsl,0
2004,NE,Stanton,0,2745,0,0,559,2159,2745,medsl,1
2008,NE,Stanton,0,2495,0,0,664,1781,2495,medsl,1
2012,NE,Stanton,0,2644,0,0,614,1949,2644,medsl,1
2016,NE,Stanton,0,2801,0,0,417,2187,2801,medsl,1
2020,NE,Stanton,0,3161,0,0,532,2561,3161,medsl,1
2024,NE,Stanton,0,3064,0,0,492,2536,3064,medsl,1
2004,NE,Thayer,0,2878,0,0,764,2075,2878,medsl,1
2008,NE,Thayer,0,2659,0,0,860,1749,2659,medsl,1
2012,NE,Thayer,0,2659,0,0,728,1874,2659,medsl,1
2016,NE,Thayer,0,2690,0,0,499,2051,2690,medsl,1
2020,NE,Thayer,0,2980,0,0,624,2308,2980,medsl,1
2024,NE,Thayer,0,2852,0,0,544,2278,2852,medsl,1
2004,NE,Thomas,0,444,0,0,60,378,444,medsl,1
2008,NE,Thomas,0,390,0,0,51,331,390,medsl,1
2012,NE,Thomas,0,408,0,0,42,360,408,medsl,1
2016,NE,Thomas,0,393,0,0,30,344,393,medsl,1
2020,NE,Thomas,0,427,0,0,45,377,427,medsl,1
2024,NE,Thomas,0,393,0,0,44,348,393,medsl,1
2004,NE,Thurston,0,2387,0,0,1212,1154,2387,medsl,1
2008,NE,Thurston,0,2126,0,0,1120,972,2126,medsl,1
2012,NE,Thurston,0,2215,0,0,1247,939,2215,medsl,1
2016,NE,Thurston,0,2088,0,0,919,1043,2088,medsl,1
2020,NE,Thurston,0,2325,0,0,1122,1180,2325,medsl,1
2024,NE,Thurston,0,2123,0,0,978,1125,2123,medsl,1
2004,NE,Valley,0,2391,0,0,564,1801,2391,medsl,1
2008,NE,Valley,0,2423,0,0,706,1657,2423,medsl,1
2012,NE,Valley,0,2195,0,0,498,1657,2195,medsl,1
2016,NE,Valley,0,2205,0,0,339,1780,2205,medsl,1
2020,NE,Valley,0,2340,0,0,412,1901,2340,medsl,1
2024,NE,Valley,0,2299,0,0,403,1872,2299,medsl,1
2004,NE,Washington,0,9950,0,0,2754,7083,9950,medsl,1
2008,NE,Washington,0,10320,0,0,3711,6425,10320,medsl,1
2012,NE,Washington,0,10246,0,0,3132,6899,10246,medsl,1
2016,NE,Washington,0,10832,0,0,2623,7424,10832,medsl,1
2020,NE,Washington,0,12413,0,0,3554,8583,12413,medsl,1
2024,NE,Washington,0,12545,0,0,3538,8855,12545,medsl,1
2004,NE,Wayne,0,4085,0,0,1059,2971,4085,medsl,1
2008,NE,Wayne,0,3808,0,0,1249,2503,3808,medsl,1
2012,NE,Wayne,0,3682,0,0,1074,2493,3682,medsl,1
2016,NE,Wayne,0,3776,0,0,835,2693,3776,medsl,1
2020,NE,Wayne,0,4200,0,0,1022,3055,4200,medsl,1
2024,NE,Wayne,0,4073,0,0,1006,3011,4073,medsl,1
2004,NE,Webster,0,2002,0,0,557,1403,2002,medsl,1
2008,NE,Webster,0,1817,0,0,552,1233,1817,medsl,1
2012,NE,Webster,0,1742,0,0,442,1258,1742,medsl,1
2016,NE,Webster,0,1708,0,0,306,1330,1708,medsl,1
2020,NE,Webster,0,1876,0,0,335,1511,1876,medsl,1
2024,NE,Webster,0,1763,0,0,296,1449,1763,medsl,1
2004,NE,Wheeler,0,453,0,0,81,366,453,medsl,1
2008,NE,Wheeler,0,440,0,0,96,334,440,medsl,1
2012,NE,Wheeler,0,448,0,0,93,345,448,medsl,1
2016,NE,Wheeler,0,465,0,0,62,377,465,medsl,1
2020,NE,Wheeler,0,502,0,0,59,438,502,medsl,1
2024,NE,Wheeler,0,486,0,0,57,424,486,medsl,1
2004,NE,York,0,6797,0,0,1304,5393,6797,medsl,1
2008,NE,York,0,6568,0,0,1607,4848,6568,medsl,1
2012,NE,York,0,6355,0,0,1373,4874,6355,medsl,1
2016,NE,York,0,6381,0,0,1186,4700,6381,medsl,1
2020,NE,York,0,7143,0,0,1630,5337,7143,medsl,1
2024,NE,York,0,6984,0,0,1648,5234,6984,medsl,1
2004,NH,Belknap,0,32298,0,0,14080,17920,32298,medsl,0
2008,NH,Belknap,0,33614,0,0,16796,16402,33614,medsl,0
2012,NH,Belknap,0,33886,0,0,15890,17571,33886,medsl,0
2016,NH,Belknap,0,35045,0,0,13517,19315,35045,medsl,0
2020,NH,Belknap,0,38391,0,0,16894,20899,38391,medsl,0
2024,NH,Belknap,0,40676,0,0,17469,22765,40676,medsl,0
2004,NH,Carroll,0,28222,0,0,13319,14614,28222,medsl,0
2008,NH,Carroll,0,29056,0,0,15221,13387,29056,medsl,0
2012,NH,Carroll,0,28592,0,0,13977,14207,28592,medsl,0
2016,NH,Carroll,0,29616,0,0,12987,14635,29616,medsl,0
2020,NH,Carroll,0,33221,0,0,16649,16150,33221,medsl,0
2024,NH,Carroll,0,34658,0,0,16822,17426,34658,medsl,0
2004,NH,Cheshire,0,41337,0,0,24438,16463,41337,medsl,1
2008,NH,Cheshire,0,42823,0,0,26971,15205,42823,medsl,1
2012,NH,Cheshire,0,41363,0,0,25380,15156,41363,medsl,1
2016,NH,Cheshire,0,41895,0,0,22064,16876,41895,medsl,1
2020,NH,Cheshire,0,44220,0,0,25522,17898,44220,medsl,1
2024,NH,Cheshire,0,45389,0,0,24579,20083,45389,medsl,1
2004,NH,Coos,0,16919,0,0,8585,8143,16919,medsl,1
2008,NH,Coos,0,16348,0,0,9532,6558,16348,medsl,1
2012,NH,Coos,0,15702,0,0,9095,6342,15702,medsl,1
2016,NH,Coos,0,15627,0,0,6563,7952,15627,medsl,1
2020,NH,Coos,0,16515,0,0,7640,8617,16515,medsl,1
2024,NH,Coos,0,17322,0,0,7367,9734,17322,medsl,1
2004,NH,Grafton,0,46962,0,0,26180,20277,46962,medsl,1
2008,NH,Grafton,0,49890,0,0,31446,17687,49890,medsl,1
2012,NH,Grafton,0,49005,0,0,29826,18208,49005,medsl,1
2016,NH,Grafton,0,51191,0,0,28510,19010,51191,medsl,1
2020,NH,Grafton,0,53966,0,0,33180,19905,53966,medsl,1
2024,NH,Grafton,0,55895,0,0,32993,21909,55895,medsl,1
2004,NH,Hillsborough,0,195427,0,0,94121,99724,195427,medsl,1
2008,NH,Hillsborough,0,204709,0,0,104820,97178,204709,medsl,1
2012,NH,Hillsborough,0,205672,0,0,102303,99991,205672,medsl,1
2016,NH,Hillsborough,0,214157,0,0,99589,100013,214157,medsl,1
2020,NH,Hillsborough,0,230941,0,0,122344,104625,230941,medsl,1
2024,NH,Hillsborough,0,234440,0,0,118776,112057,234440,medsl,1
2004,NH,Merrimack,0,76655,0,0,39975,36060,76655,medsl,1
2008,NH,Merrimack,0,80106,0,0,45078,34010,80106,medsl,1
2012,NH,Merrimack,0,80498,0,0,44756,34524,80498,medsl,1
2016,NH,Merrimack,0,83648,0,0,40198,37674,83648,medsl,1
2020,NH,Merrimack,0,89805,0,0,48533,39711,89805,medsl,1
2024,NH,Merrimack,0,92978,0,0,48181,43364,92978,medsl,1
2004,NH,Rockingham,0,158766,0,0,75437,82069,158766,medsl,1
2008,NH,Rockingham,0,167822,0,0,83723,81917,167822,medsl,1
2012,NH,Rockingham,0,170419,0,0,80142,87921,170419,medsl,1
2016,NH,Rockingham,0,181434,0,0,79994,90447,181434,medsl,1
2020,NH,Rockingham,0,198798,0,0,100064,95858,198798,medsl,1
2024,NH,Rockingham,0,202922,0,0,97611,102539,202922,medsl,1
2004,NH,Strafford,0,59280,0,0,32942,25825,59280,medsl,0
2008,NH,Strafford,0,63848,0,0,37990,25021,63848,medsl,0
2012,NH,Strafford,0,63960,0,0,36026,26729,63960,medsl,0
2016,NH,Strafford,0,69000,0,0,34894,29072,69000,medsl,0
2020,NH,Strafford,0,73596,0,0,41721,30489,73596,medsl,0
2024,NH,Strafford,0,76688,0,0,42373,33162,76688,medsl,0
2004,NH,Sullivan,0,21796,0,0,11434,10142,21796,medsl,1
2008,NH,Sullivan,0,22754,0,0,13249,9169,22754,medsl,1
2012,NH,Sullivan,0,21834,0,0,12166,9269,21834,medsl,1
2016,NH,Sullivan,0,22683,0,0,10210,10796,22683,medsl,1
2020,NH,Sullivan,0,24380,0,0,12390,11508,24380,medsl,1
2024,NH,Sullivan,0,25221,0,0,12317,12484,25221,medsl,1
2004,NJ,Atlantic,0,106097,0,0,55746,49487,106097,medsl,1
2008,NJ,Atlantic,0,118073,0,0,67830,49902,118073,medsl,1
2012,NJ,Atlantic,0,113179,0,0,65600,46522,113179,medsl,1
2016,NJ,Atlantic,0,117291,0,0,60924,52690,117291,medsl,1
2020,NJ,Atlantic,0,140031,0,0,73808,64438,140031,medsl,1
2024,NJ,Atlantic,0,129759,0,0,61879,65817,129759,medsl,1
2004,NJ,Bergen,0,400244,0,0,207666,189833,400244,medsl,1
2008,NJ,Bergen,0,412638,0,0,225367,186118,412638,medsl,1
2012,NJ,Bergen,0,385407,0,0,212754,169070,385407,medsl,1
2016,NJ,Bergen,0,419296,0,0,231211,175529,419296,medsl,1
2020,NJ,Bergen,0,495849,0,0,285967,204417,495849,medsl,1
2024,NJ,Bergen,0,459077,0,0,232660,217096,459077,medsl,1
2004,NJ,Burlington,0,207956,0,0,110411,95936,207956,medsl,1
2008,NJ,Burlington,0,221414,0,0,131219,89626,221414,medsl,1
2012,NJ,Burlington,0,215936,0,0,126377,87401,215936,medsl,1
2016,NJ,Burlington,0,218943,0,0,121725,89272,218943,medsl,1
2020,NJ,Burlington,0,261497,0,0,154595,103345,261497,medsl,1
2024,NJ,Burlington,0,229466,0,0,132275,94116,229466,medsl,1
2004,NJ,Camden,0,220933,0,0,137765,81427,220933,medsl,1
2008,NJ,Camden,0,233593,0,0,159259,73819,233593,medsl,1
2012,NJ,Camden,0,225428,0,0,153682,69476,225428,medsl,1
2016,NJ,Camden,0,226592,0,0,146717,72631,226592,medsl,1
2020,NJ,Camden,0,264616,0,0,175065,86207,264616,medsl,1
2024,NJ,Camden,0,246954,0,0,155522,87767,246954,medsl,1
2004,NJ,Cape May,0,50762,0,0,21475,28832,50762,medsl,1
2008,NJ,Cape May,0,50381,0,0,22893,27288,50381,medsl,1
2012,NJ,Cape May,0,47931,0,0,21657,25781,47931,medsl,1
2016,NJ,Cape May,0,48722,0,0,18750,28446,48722,medsl,1
2020,NJ,Cape May,0,57714,0,0,23941,33158,57714,medsl,1
2024,NJ,Cape May,0,54568,0,0,21648,32151,54568,medsl,1
2004,NJ,Cumberland,0,53185,0,0,27875,24362,53185,medsl,1
2008,NJ,Cumberland,0,57484,0,0,34919,22360,57484,medsl,1
2012,NJ,Cumberland,0,55292,0,0,34055,20658,55292,medsl,1
2016,NJ,Cumberland,0,54004,0,0,27771,24453,54004,medsl,1
2020,NJ,Cumberland,0,62408,0,0,32742,28952,62408,medsl,1
2024,NJ,Cumberland,0,55885,0,0,26577,28675,55885,medsl,1
2004,NJ,Essex,0,289348,0,0,203681,83374,289348,medsl,1
2008,NJ,Essex,0,315004,0,0,240306,74063,315004,medsl,1
2012,NJ,Essex,0,303019,0,0,236618,64406,303019,medsl,1
2016,NJ,Essex,0,310934,0,0,240837,63176,310934,medsl,1
2020,NJ,Essex,0,345311,0,0,266820,75475,345311,medsl,1
2024,NJ,Essex,0,313283,0,0,224596,83908,313283,medsl,1
2004,NJ,Gloucester,0,127964,0,0,66835,60033,127964,medsl,1
2008,NJ,Gloucester,0,137982,0,0,77267,60315,137982,medsl,1
2012,NJ,Gloucester,0,135186,0,0,74013,59456,135186,medsl,1
2016,NJ,Gloucester,0,139542,0,0,66870,67544,139542,medsl,1
2020,NJ,Gloucester,0,172654,0,0,86702,83340,172654,medsl,1
2024,NJ,Gloucester,0,164635,0,0,78708,83326,164635,medsl,1
2004,NJ,Hudson,0,189446,0,0,127447,60646,189446,medsl,1
2008,NJ,Hudson,0,210148,0,0,154140,55360,210148,medsl,1
2012,NJ,Hudson,0,197504,0,0,153108,42369,197504,medsl,1
2016,NJ,Hudson,0,219375,0,0,163917,49043,219375,medsl,1
2020,NJ,Hudson,0,249850,0,0,181452,65698,249850,medsl,1
2024,NJ,Hudson,0,231181,0,0,144765,79913,231181,medsl,1
2004,NJ,Hunterdon,0,66680,0,0,26050,39888,66680,medsl,1
2008,NJ,Hunterdon,0,69099,0,0,29776,39092,69099,medsl,1
2012,NJ,Hunterdon,0,66494,0,0,26876,38687,66494,medsl,1
2016,NJ,Hunterdon,0,70836,0,0,28898,38712,70836,medsl,1
2020,NJ,Hunterdon,0,84242,0,0,39457,43153,84242,medsl,1
2024,NJ,Hunterdon,0,80925,0,0,36995,42391,80925,medsl,1
2004,NJ,Mercer,0,149510,0,0,91580,56604,149510,medsl,1
2008,NJ,Mercer,0,158549,0,0,107926,50223,158549,medsl,1
2012,NJ,Mercer,0,153511,0,0,104377,47355,153511,medsl,1
2016,NJ,Mercer,0,156529,0,0,104775,46193,156529,medsl,1
2020,NJ,Mercer,0,176604,0,0,122532,51641,176604,medsl,1
2024,NJ,Mercer,0,163270,0,0,107558,52274,163270,medsl,1
2004,NJ,Middlesex,0,295805,0,0,166628,126492,295805,medsl,1
2008,NJ,Middlesex,0,318379,0,0,193812,123695,318379,medsl,1
2012,NJ,Middlesex,0,301315,0,0,190555,107310,301315,medsl,1
2016,NJ,Middlesex,0,326102,0,0,193044,122953,326102,medsl,1
2020,NJ,Middlesex,0,374362,0,0,226250,143467,374362,medsl,1
2024,NJ,Middlesex,0,365187,0,0,191802,162459,365187,medsl,1
2004,NJ,Monmouth,0,299939,0,0,133773,163650,299939,medsl,1
2008,NJ,Monmouth,0,309915,0,0,148737,160433,309915,medsl,1
2012,NJ,Monmouth,0,283978,0,0,133145,147513,283978,medsl,1
2016,NJ,Monmouth,0,314377,0,0,137181,166723,314377,medsl,1
2020,NJ,Monmouth,0,378151,0,0,181291,191808,378151,medsl,1
2024,NJ,Monmouth,0,360143,0,0,156382,197409,360143,medsl,1
2004,NJ,Morris,0,235154,0,0,98066,135241,235154,medsl,1
2008,NJ,Morris,0,245148,0,0,112275,132331,245148,medsl,1
2012,NJ,Morris,0,227392,0,0,100146,124947,227392,medsl,1
2016,NJ,Morris,0,250416,0,0,115249,126071,250416,medsl,1
2020,NJ,Morris,0,299322,0,0,153881,141134,299322,medsl,1
2024,NJ,Morris,0,284666,0,0,135672,143439,284666,medsl,1
2004,NJ,Ocean,0,254306,0,0,99839,152204,254306,medsl,1
2008,NJ,Ocean,0,271460,0,0,110189,160677,271460,medsl,1
2012,NJ,Ocean,0,251275,0,0,102300,146474,251275,medsl,1
2016,NJ,Ocean,0,274362,0,0,87150,179079,274362,medsl,1
2020,NJ,Ocean,0,341516,0,0,119456,217740,341516,medsl,1
2024,NJ,Ocean,0,337135,0,0,105789,227232,337135,medsl,1
2004,NJ,Passaic,0,171311,0,0,94962,75200,171311,medsl,1
2008,NJ,Passaic,0,186196,0,0,113257,72552,186196,medsl,1
2012,NJ,Passaic,0,181988,0,0,115926,64523,181988,medsl,1
2016,NJ,Passaic,0,194802,0,0,116759,72902,194802,medsl,1
2020,NJ,Passaic,0,223707,0,0,129097,92009,223707,medsl,1
2024,NJ,Passaic,0,202767,0,0,95156,100954,202767,medsl,1
2004,NJ,Salem,0,29781,0,0,13749,15721,29781,medsl,1
2008,NJ,Salem,0,30959,0,0,16044,14816,30959,medsl,1
2012,NJ,Salem,0,29501,0,0,14719,14334,29501,medsl,1
2016,NJ,Salem,0,29494,0,0,11904,16381,29494,medsl,1
2020,NJ,Salem,0,33922,0,0,14479,18827,33922,medsl,1
2024,NJ,Salem,0,31001,0,0,12275,18229,31001,medsl,1
2004,NJ,Somerset,0,140279,0,0,66476,72508,140279,medsl,1
2008,NJ,Somerset,0,149763,0,0,79321,70085,149763,medsl,1
2012,NJ,Somerset,0,142922,0,0,74592,66603,142922,medsl,1
2016,NJ,Somerset,0,157092,0,0,85689,65505,157092,medsl,1
2020,NJ,Somerset,0,185859,0,0,111173,71996,185859,medsl,1
2024,NJ,Somerset,0,177412,0,0,98790,74101,177412,medsl,1
2004,NJ,Sussex,0,69396,0,0,23990,44506,69396,medsl,1
2008,NJ,Sussex,0,73340,0,0,28840,44184,73340,medsl,1
2012,NJ,Sussex,0,67933,0,0,26104,40625,67933,medsl,1
2016,NJ,Sussex,0,74126,0,0,24212,46658,74126,medsl,1
2020,NJ,Sussex,0,87960,0,0,34481,51698,87960,medsl,1
2024,NJ,Sussex,0,84629,0,0,31019,52123,84629,medsl,1
2004,NJ,Union,0,203387,0,0,119372,82517,203387,medsl,1
2008,NJ,Union,0,220650,0,0,141417,78768,220650,medsl,1
2012,NJ,Union,0,209831,0,0,139752,68314,209831,medsl,1
2016,NJ,Union,0,221975,0,0,147414,68114,221975,medsl,1
2020,NJ,Union,0,252991,0,0,170245,80002,252991,medsl,1
2024,NJ,Union,0,240632,0,0,147327,89063,240632,medsl,1
2004,NJ,Warren,0,48208,0,0,18044,29542,48208,medsl,1
2008,NJ,Warren,0,48323,0,0,20628,27500,48323,medsl,1
2012,NJ,Warren,0,45270,0,0,18745,25744,45270,medsl,1
2016,NJ,Warren,0,49236,0,0,17281,29858,49236,medsl,1
2020,NJ,Warren,0,60787,0,0,24901,34769,60787,medsl,1
2024,NJ,Warren,0,60150,0,0,23318,35772,60150,medsl,1
2004,NM,Bernalillo,0,256811,0,0,132252,121454,256811,medsl,1
2008,NM,Bernalillo,0,285778,0,0,171556,110521,285778,medsl,1
2012,NM,Bernalillo,0,270969,0,0,150739,106408,270969,medsl,1
2016,NM,Bernalillo,0,274662,0,0,143417,94698,274662,medsl,1
2020,NM,Bernalillo,0,317590,0,0,193757,116135,317590,medsl,1
2024,NM,Bernalillo,0,310844,0,0,184117,118762,310844,medsl,1
2004,NM,Catron,0,1993,0,0,551,1427,1993,medsl,1
2008,NM,Catron,0,2112,0,0,664,1398,2112,medsl,1
2012,NM,Catron,0,2123,0,0,560,1494,2123,medsl,1
2016,NM,Catron,0,2049,0,0,427,1464,2049,medsl,1
2020,NM,Catron,0,2326,0,0,595,1698,2326,medsl,1
2024,NM,Catron,0,2354,0,0,571,1752,2354,medsl,1
2004,NM,Chaves,0,21705,0,0,6726,14773,21705,medsl,1
2008,NM,Chaves,0,22112,0,0,8197,13651,22112,medsl,1
2012,NM,Chaves,0,20292,0,0,6604,13088,20292,medsl,1
2016,NM,Chaves,0,20271,0,0,5534,12872,20271,medsl,1
2020,NM,Chaves,0,22443,0,0,6381,15656,22443,medsl,1
2024,NM,Chaves,0,22200,0,0,5941,15894,22200,medsl,1
2004,NM,Cibola,0,7487,0,0,3913,3477,7487,medsl,1
2008,NM,Cibola,0,9097,0,0,5827,3131,9097,medsl,1
2012,NM,Cibola,0,8243,0,0,4961,2998,8243,medsl,1
2016,NM,Cibola,0,8063,0,0,3741,3195,8063,medsl,1
2020,NM,Cibola,0,8903,0,0,4745,3975,8903,medsl,1
2024,NM,Cibola,0,8977,0,0,4450,4311,8977,medsl,1
2004,NM,Colfax,0,5968,0,0,2824,3082,5968,medsl,1
2008,NM,Colfax,0,6384,0,0,3490,2805,6384,medsl,1
2012,NM,Colfax,0,5764,0,0,2828,2699,5764,medsl,1
2016,NM,Colfax,0,5332,0,0,2129,2585,5332,medsl,1
2020,NM,Colfax,0,6016,0,0,2611,3271,6016,medsl,1
2024,NM,Colfax,0,5813,0,0,2436,3252,5813,medsl,1
2004,NM,Curry,0,14286,0,0,3541,10649,14286,medsl,1
2008,NM,Curry,0,14438,0,0,4670,9599,14438,medsl,1
2012,NM,Curry,0,13625,0,0,4022,9251,13625,medsl,1
2016,NM,Curry,0,13370,0,0,3121,9035,13370,medsl,1
2020,NM,Curry,0,15101,0,0,4307,10444,15101,medsl,1
2024,NM,Curry,0,15223,0,0,4230,10714,15223,medsl,1
2004,NM,De Baca,0,993,0,0,281,706,993,medsl,1
2008,NM,De Baca,0,1044,0,0,359,676,1044,medsl,1
2012,NM,De Baca,0,902,0,0,287,586,902,medsl,1
2016,NM,De Baca,0,910,0,0,193,620,910,medsl,1
2020,NM,De Baca,0,901,0,0,231,656,901,medsl,1
2024,NM,De Baca,0,867,0,0,206,649,867,medsl,1
2004,NM,Dona Ana,0,61960,0,0,31762,29548,61960,medsl,1
2008,NM,Dona Ana,0,69280,0,0,40282,28068,69280,medsl,1
2012,NM,Dona Ana,0,66423,0,0,37139,27322,66423,medsl,1
2016,NM,Dona Ana,0,70648,0,0,37947,25374,70648,medsl,1
2020,NM,Dona Ana,0,82641,0,0,47957,32802,82641,medsl,1
2024,NM,Dona Ana,0,85407,0,0,45937,37594,85407,medsl,1
2004,NM,Eddy,0,20270,0,0,6880,13268,20270,medsl,1
2008,NM,Eddy,0,20093,0,0,7351,12500,20093,medsl,1
2012,NM,Eddy,0,19269,0,0,6142,12583,19269,medsl,1
2016,NM,Eddy,0,19667,0,0,5033,13147,19667,medsl,1
2020,NM,Eddy,0,23222,0,0,5424,17454,23222,medsl,1
2024,NM,Eddy,0,23472,0,0,5032,18141,23472,medsl,1
2004,NM,Grant,0,13392,0,0,7095,6135,13392,medsl,1
2008,NM,Grant,0,13755,0,0,8142,5406,13755,medsl,1
2012,NM,Grant,0,12902,0,0,7090,5358,12902,medsl,1
2016,NM,Grant,0,12811,0,0,6276,5288,12811,medsl,1
2020,NM,Grant,0,14435,0,0,7590,6553,14435,medsl,1
2024,NM,Grant,0,14224,0,0,7301,6580,14224,medsl,1
2004,NM,Guadalupe,0,2267,0,0,1340,914,2267,medsl,1
2008,NM,Guadalupe,0,2196,0,0,1557,620,2196,medsl,1
2012,NM,Guadalupe,0,2135,0,0,1488,557,2135,medsl,1
2016,NM,Guadalupe,0,1827,0,0,970,595,1827,medsl,1
2020,NM,Guadalupe,0,2189,0,0,1234,917,2189,medsl,1
2024,NM,Guadalupe,0,1928,0,0,959,945,1928,medsl,1
2004,NM,Harding,0,644,0,0,259,380,644,medsl,1
2008,NM,Harding,0,626,0,0,260,358,626,medsl,1
2012,NM,Harding,0,601,0,0,260,327,601,medsl,1
2016,NM,Harding,0,527,0,0,156,311,527,medsl,1
2020,NM,Harding,0,505,0,0,179,319,505,medsl,1
2024,NM,Harding,0,425,0,0,128,297,425,medsl,1
2004,NM,Hidalgo,0,1964,0,0,861,1081,1964,medsl,1
2008,NM,Hidalgo,0,1951,0,0,993,936,1951,medsl,1
2012,NM,Hidalgo,0,1935,0,0,995,899,1935,medsl,1
2016,NM,Hidalgo,0,1872,0,0,784,910,1872,medsl,1
2020,NM,Hidalgo,0,1974,0,0,823,1120,1974,medsl,1
2024,NM,Hidalgo,0,1861,0,0,705,1140,1861,medsl,1
2004,NM,Lea,0,18181,0,0,3646,14430,18181,medsl,1
2008,NM,Lea,0,18645,0,0,5108,13347,18645,medsl,1
2012,NM,Lea,0,17015,0,0,4080,12548,17015,medsl,1
2016,NM,Lea,0,17712,0,0,3930,12495,17712,medsl,1
2020,NM,Lea,0,20918,0,0,4061,16531,20918,medsl,1
2024,NM,Lea,0,21209,0,0,3930,16997,21209,medsl,1
2004,NM,Lincoln,0,9014,0,0,2822,6070,9014,medsl,1
2008,NM,Lincoln,0,9696,0,0,3535,6001,9696,medsl,1
2012,NM,Lincoln,0,9242,0,0,2942,5961,9242,medsl,1
2016,NM,Lincoln,0,8902,0,0,2331,5896,8902,medsl,1
2020,NM,Lincoln,0,10306,0,0,3194,6942,10306,medsl,1
2024,NM,Lincoln,0,10165,0,0,3033,6942,10165,medsl,1
2004,NM,Los Alamos,0,11197,0,0,5206,5810,11197,medsl,1
2008,NM,Los Alamos,0,11069,0,0,5824,5064,11069,medsl,1
2012,NM,Los Alamos,0,10654,0,0,5191,4796,10654,medsl,1
2016,NM,Los Alamos,0,10885,0,0,5562,3359,10885,medsl,1
2020,NM,Los Alamos,0,12293,0,0,7554,4278,12293,medsl,1
2024,NM,Los Alamos,0,12187,0,0,7726,4047,12187,medsl,1
2004,NM,Luna,0,7593,0,0,3340,4164,7593,medsl,1
2008,NM,Luna,0,8340,0,0,4311,3870,8340,medsl,1
2012,NM,Luna,0,7500,0,0,3583,3670,7500,medsl,1
2016,NM,Luna,0,7295,0,0,3195,3478,7295,medsl,1
2020,NM,Luna,0,8103,0,0,3563,4408,8103,medsl,1
2024,NM,Luna,0,8056,0,0,3176,4698,8056,medsl,1
2004,NM,Mckinley,0,20623,0,0,13051,7351,20623,medsl,1
2008,NM,Mckinley,0,23207,0,0,16572,6382,23207,medsl,1
2012,NM,Mckinley,0,21929,0,0,15841,5546,21929,medsl,1
2016,NM,Mckinley,0,21703,0,0,13576,5104,21703,medsl,1
2020,NM,Mckinley,0,26486,0,0,18029,7801,26486,medsl,1
2024,NM,Mckinley,0,25867,0,0,15711,9364,25867,medsl,1
2004,NM,Mora,0,2826,0,0,1876,928,2826,medsl,1
2008,NM,Mora,0,2760,0,0,2168,569,2760,medsl,1
2012,NM,Mora,0,2611,0,0,1955,595,2611,medsl,1
2016,NM,Mora,0,2441,0,0,1536,665,2441,medsl,1
2020,NM,Mora,0,2686,0,0,1745,903,2686,medsl,1
2024,NM,Mora,0,2479,0,0,1439,1010,2479,medsl,1
2004,NM,Otero,0,20764,0,0,6433,14066,20764,medsl,0
2008,NM,Otero,0,21766,0,0,8610,12806,21766,medsl,0
2012,NM,Otero,0,20012,0,0,6829,12451,20012,medsl,0
2016,NM,Otero,0,20060,0,0,6124,11887,20060,medsl,0
2020,NM,Otero,0,23571,0,0,8485,14521,23571,medsl,0
2024,NM,Otero,0,24242,0,0,8582,15117,24242,medsl,0
2004,NM,Quay,0,4117,0,0,1422,2661,4117,medsl,1
2008,NM,Quay,0,3996,0,0,1547,2367,3996,medsl,1
2012,NM,Quay,0,3707,0,0,1383,2202,3707,medsl,1
2016,NM,Quay,0,3572,0,0,1017,2212,3572,medsl,1
2020,NM,Quay,0,3873,0,0,1170,2634,3873,medsl,1
2024,NM,Quay,0,3700,0,0,1055,2570,3700,medsl,1
2004,NM,Rio Arriba,0,14999,0,0,9753,5149,14999,medsl,1
2008,NM,Rio Arriba,0,16940,0,0,12703,4086,16940,medsl,1
2012,NM,Rio Arriba,0,15343,0,0,11465,3397,15343,medsl,1
2016,NM,Rio Arriba,0,14878,0,0,9592,3599,14878,medsl,1
2020,NM,Rio Arriba,0,16628,0,0,10990,5408,16628,medsl,1
2024,NM,Rio Arriba,0,15989,0,0,9373,6268,15989,medsl,1
2004,NM,Roosevelt,0,7144,0,0,2082,4997,7144,medsl,0
2008,NM,Roosevelt,0,6720,0,0,2303,4311,6720,medsl,0
2012,NM,Roosevelt,0,5969,0,0,1727,4043,5969,medsl,0
2016,NM,Roosevelt,0,5950,0,0,1454,3884,5950,medsl,0
2020,NM,Roosevelt,0,6608,0,0,1802,4634,6608,medsl,0
2024,NM,Roosevelt,0,6639,0,0,1820,4687,6639,medsl,0
2004,NM,San Juan,0,45006,0,0,14843,29525,45006,medsl,1
2008,NM,San Juan,0,46511,0,0,18028,27869,46511,medsl,1
2012,NM,San Juan,0,46237,0,0,15855,28849,46237,medsl,1
2016,NM,San Juan,0,46110,0,0,12865,27946,46110,medsl,1
2020,NM,San Juan,0,52294,0,0,18083,32874,52294,medsl,1
2024,NM,San Juan,0,52926,0,0,17464,34264,52926,medsl,1
2004,NM,San Miguel,0,12116,0,0,8683,3313,12116,medsl,1
2008,NM,San Miguel,0,12941,0,0,10320,2478,12941,medsl,1
2012,NM,San Miguel,0,11509,0,0,8850,2303,11509,medsl,1
2016,NM,San Miguel,0,10751,0,0,7285,2313,10751,medsl,1
2020,NM,San Miguel,0,11531,0,0,7888,3421,11531,medsl,1
2024,NM,San Miguel,0,11108,0,0,6985,3887,11108,medsl,1
2004,NM,Sandoval,0,44541,0,0,21421,22628,44541,medsl,0
2008,NM,Sandoval,0,58630,0,0,32669,25193,58630,medsl,0
2012,NM,Sandoval,0,54079,0,0,27236,24387,54079,medsl,0
2016,NM,Sandoval,0,61690,0,0,27707,25905,61690,medsl,0
2020,NM,Sandoval,0,76562,0,0,40588,34174,76562,medsl,0
2024,NM,Sandoval,0,79540,0,0,41205,36605,79540,medsl,0
2004,NM,Santa Fe,0,66200,0,0,47074,18466,66200,medsl,1
2008,NM,Santa Fe,0,72223,0,0,55567,15807,72223,medsl,1
2012,NM,Santa Fe,0,69245,0,0,50872,15500,69245,medsl,1
2016,NM,Santa Fe,0,71434,0,0,50793,14332,71434,medsl,1
2020,NM,Santa Fe,0,82227,0,0,62530,18329,82227,medsl,1
2024,NM,Santa Fe,0,83719,0,0,61405,20457,83719,medsl,1
2004,NM,Sierra,0,5157,0,0,1926,3162,5157,medsl,0
2008,NM,Sierra,0,5485,0,0,2352,3017,5485,medsl,0
2012,NM,Sierra,0,5102,0,0,1964,2928,5102,medsl,0
2016,NM,Sierra,0,5181,0,0,1612,3010,5181,medsl,0
2020,NM,Sierra,0,5945,0,0,2265,3542,5945,medsl,0
2024,NM,Sierra,0,5953,0,0,2332,3473,5953,medsl,0
2004,NM,Socorro,0,7851,0,0,4025,3696,7851,medsl,1
2008,NM,Socorro,0,7895,0,0,4696,3032,7895,medsl,1
2012,NM,Socorro,0,7193,0,0,4058,2722,7193,medsl,1
2016,NM,Socorro,0,6868,0,0,3313,2616,6868,medsl,1
2020,NM,Socorro,0,7160,0,0,3722,3255,7160,medsl,1
2024,NM,Socorro,0,7233,0,0,3384,3651,7233,medsl,1
2004,NM,Taos,0,14835,0,0,10987,3666,14835,medsl,1
2008,NM,Taos,0,16886,0,0,13816,2866,16886,medsl,1
2012,NM,Taos,0,15339,0,0,11978,2730,15339,medsl,1
2016,NM,Taos,0,15260,0,0,10668,2727,15260,medsl,1
2020,NM,Taos,0,17181,0,0,13121,3715,17181,medsl,1
2024,NM,Taos,0,16636,0,0,12038,4139,16636,medsl,1
2004,NM,Torrance,0,6507,0,0,2386,4026,6507,medsl,1
2008,NM,Torrance,0,6941,0,0,3087,3735,6941,medsl,1
2012,NM,Torrance,0,6402,0,0,2428,3529,6402,medsl,1
2016,NM,Torrance,0,6324,0,0,1785,3714,6324,medsl,1
2020,NM,Torrance,0,7281,0,0,2344,4772,7281,medsl,1
2024,NM,Torrance,0,7179,0,0,2144,4880,7179,medsl,1
2004,NM,Union,0,1881,0,0,411,1454,1881,medsl,1
2008,NM,Union,0,1742,0,0,492,1227,1742,medsl,1
2012,NM,Union,0,1759,0,0,472,1236,1759,medsl,1
2016,NM,Union,0,1702,0,0,320,1216,1702,medsl,1
2020,NM,Union,0,1789,0,0,383,1388,1789,medsl,1
2024,NM,Union,0,1663,0,0,378,1247,1663,medsl,1
2004,NM,Valencia,0,26012,0,0,11270,14474,26012,medsl,1
2008,NM,Valencia,0,28899,0,0,15366,13136,28899,medsl,1
2012,NM,Valencia,0,27728,0,0,13511,12825,27728,medsl,1
2016,NM,Valencia,0,27592,0,0,10841,13215,27592,medsl,1
2020,NM,Valencia,0,32277,0,0,14263,17364,32277,medsl,1
2024,NM,Valencia,0,33277,0,0,13609,19057,33277,medsl,1
2004,NM,Valencia County,26097,26050,11061,14948,11270,14474,26011,manual,1
2008,NM,Valencia County,28979,28890,7803,20931,15366,13136,28890,manual,1
2012,NM,Valencia County,36505,30274,9128,20841,13850,15700,30274,manual,1
2016,NM,Valencia County,42880,27823,0,0,10841,13215,27592,manual,1
2020,NM,Valencia County,46109,32428,0,0,14263,17364,32277,manual,1
2024,NM,Valencia County,49140,33409,0,0,13609,19057,33277,manual,1
2004,NV,Carson City,0,23106,0,0,9441,13171,23106,medsl,0
2008,NV,Carson City,0,23680,0,0,11623,11419,23680,medsl,0
2012,NV,Carson City,0,23319,0,0,10291,12394,23319,medsl,0
2016,NV,Carson City,0,25016,0,0,9610,13125,25016,medsl,0
2020,NV,Carson City,0,29739,0,0,12735,16113,29739,medsl,0
2024,NV,Carson City,0,31068,0,0,13375,16873,31068,medsl,0
2004,NV,Churchill,0,10237,0,0,2705,7335,10237,medsl,0
2008,NV,Churchill,0,10605,0,0,3494,6832,10605,medsl,0
2012,NV,Churchill,0,10265,0,0,2961,7061,10265,medsl,0
2016,NV,Churchill,0,10938,0,0,2210,7830,10938,medsl,0
2020,NV,Churchill,0,12881,0,0,3048,9367,12881,medsl,0
2024,NV,Churchill,0,13503,0,0,3179,9962,13503,medsl,0
2004,NV,Clark,0,545397,0,0,281767,255337,545397,medsl,1
2008,NV,Clark,0,651172,0,0,380765,257078,651172,medsl,1
2012,NV,Clark,0,691190,0,0,389936,289053,691190,medsl,1
2016,NV,Clark,0,767156,0,0,402227,320057,767156,medsl,1
2020,NV,Clark,0,972308,0,0,521777,430809,972308,medsl,1
2024,NV,Clark,0,1031223,0,0,520187,493052,1031223,medsl,1
2004,NV,Clark County,704659,545397,151157,123180,281767,255337,545397,manual,0
2008,NV,Clark County,996673,651172,205767,167936,380765,257078,651172,manual,0
2012,NV,Clark County,961970,691190,210604,171205,389936,289053,691190,manual,0
2016,NV,Clark County,1185893,767156,216107,176120,402227,320057,767156,manual,0
2020,NV,Clark County,1470432,914373,493740,402271,493740,402271,914373,manual,0
2024,NV,Clark County,1469550,1031223,520187,493052,520187,493052,1031223,manual,0
2004,NV,Douglas,0,23898,0,0,8275,15192,23898,medsl,1
2008,NV,Douglas,0,25904,0,0,10672,14648,25904,medsl,1
2012,NV,Douglas,0,26075,0,0,9297,16276,26075,medsl,1
2016,NV,Douglas,0,27885,0,0,8454,17415,27885,medsl,1
2020,NV,Douglas,0,34117,0,0,11570,21623,34117,medsl,1
2024,NV,Douglas,0,35556,0,0,11553,23237,35556,medsl,1
2004,NV,Elko,0,15309,0,0,3050,11938,15309,medsl,0
2008,NV,Elko,0,16019,0,0,4541,10969,16019,medsl,0
2012,NV,Elko,0,15986,0,0,3511,12014,15986,medsl,0
2016,NV,Elko,0,18559,0,0,3401,13551,18559,medsl,0
2020,NV,Elko,0,21957,0,0,4555,16734,21957,medsl,0
2024,NV,Elko,0,22465,0,0,4632,17352,22465,medsl,0
2004,NV,Esmeralda,0,481,0,0,99,367,481,medsl,1
2008,NV,Esmeralda,0,439,0,0,104,303,439,medsl,1
2012,NV,Esmeralda,0,435,0,0,92,317,435,medsl,1
2016,NV,Esmeralda,0,423,0,0,65,329,423,medsl,1
2020,NV,Esmeralda,0,480,0,0,72,395,480,medsl,1
2024,NV,Esmeralda,0,461,0,0,73,376,461,medsl,1
2004,NV,Eureka,0,738,0,0,144,571,738,medsl,0
2008,NV,Eureka,0,745,0,0,144,564,745,medsl,0
2012,NV,Eureka,0,808,0,0,107,663,808,medsl,0
2016,NV,Eureka,0,854,0,0,74,723,854,medsl,0
2020,NV,Eureka,0,1008,0,0,104,887,1008,medsl,0
2024,NV,Eureka,0,1036,0,0,104,910,1036,medsl,0
2004,NV,Humboldt,0,5367,0,0,1361,3896,5367,medsl,0
2008,NV,Humboldt,0,5664,0,0,1909,3586,5664,medsl,0
2012,NV,Humboldt,0,5744,0,0,1737,3810,5744,medsl,0
2016,NV,Humboldt,0,6433,0,0,1386,4521,6433,medsl,0
2020,NV,Humboldt,0,7771,0,0,1689,5877,7771,medsl,0
2024,NV,Humboldt,0,8030,0,0,1711,6141,8030,medsl,0
2004,NV,Lander,0,2053,0,0,414,1602,2053,medsl,1
2008,NV,Lander,0,2102,0,0,577,1466,2102,medsl,1
2012,NV,Lander,0,2165,0,0,534,1580,2165,medsl,1
2016,NV,Lander,0,2413,0,0,403,1828,2413,medsl,1
2020,NV,Lander,0,2765,0,0,496,2198,2765,medsl,1
2024,NV,Lander,0,2725,0,0,482,2180,2725,medsl,1
2004,NV,Lincoln,0,2047,0,0,418,1579,2047,medsl,1
2008,NV,Lincoln,0,2107,0,0,518,1498,2107,medsl,1
2012,NV,Lincoln,0,2152,0,0,400,1691,2152,medsl,1
2016,NV,Lincoln,0,2132,0,0,285,1671,2132,medsl,1
2020,NV,Lincoln,0,2446,0,0,330,2067,2446,medsl,1
2024,NV,Lincoln,0,2472,0,0,314,2108,2472,medsl,1
2004,NV,Lyon,0,17151,0,0,5637,11136,17151,medsl,0
2008,NV,Lyon,0,21103,0,0,8405,12154,21103,medsl,0
2012,NV,Lyon,0,21465,0,0,7380,13520,21465,medsl,0
2016,NV,Lyon,0,23762,0,0,6146,16005,23762,medsl,0
2020,NV,Lyon,0,30229,0,0,8472,20906,30229,medsl,0
2024,NV,Lyon,0,33541,0,0,8954,23861,33541,medsl,0
2004,NV,Mineral,0,2327,0,0,931,1336,2327,medsl,1
2008,NV,Mineral,0,2307,0,0,1082,1131,2307,medsl,1
2012,NV,Mineral,0,2035,0,0,863,1080,2035,medsl,1
2016,NV,Mineral,0,1997,0,0,637,1179,1997,medsl,1
2020,NV,Mineral,0,2327,0,0,824,1420,2327,medsl,1
2024,NV,Mineral,0,2295,0,0,711,1528,2295,medsl,1
2004,NV,Nye,0,14510,0,0,5616,8487,14510,medsl,0
2008,NV,Nye,0,17491,0,0,7226,9537,17491,medsl,0
2012,NV,Nye,0,17522,0,0,6320,10566,17522,medsl,0
2016,NV,Nye,0,19595,0,0,5094,13324,19595,medsl,0
2020,NV,Nye,0,25376,0,0,7287,17527,25376,medsl,0
2024,NV,Nye,0,26997,0,0,7559,18946,26997,medsl,0
2004,NV,Pershing,0,1917,0,0,538,1341,1917,medsl,1
2008,NV,Pershing,0,1836,0,0,673,1075,1836,medsl,1
2012,NV,Pershing,0,1884,0,0,632,1167,1884,medsl,1
2016,NV,Pershing,0,1982,0,0,430,1403,1982,medsl,1
2020,NV,Pershing,0,2320,0,0,547,1731,2320,medsl,1
2024,NV,Pershing,0,2308,0,0,496,1764,2308,medsl,1
2004,NV,Storey,0,2168,0,0,871,1253,2168,medsl,0
2008,NV,Storey,0,2418,0,0,1102,1247,2418,medsl,0
2012,NV,Storey,0,2314,0,0,920,1321,2314,medsl,0
2016,NV,Storey,0,2558,0,0,752,1616,2558,medsl,0
2020,NV,Storey,0,2868,0,0,900,1901,2868,medsl,0
2024,NV,Storey,0,3075,0,0,913,2108,3075,medsl,0
2004,NV,Washoe,0,159079,0,0,74841,81545,159079,medsl,0
2008,NV,Washoe,0,180414,0,0,99671,76880,180414,medsl,0
2012,NV,Washoe,0,187855,0,0,95409,88453,187855,medsl,0
2016,NV,Washoe,0,209909,0,0,97379,94758,209909,medsl,0
2020,NV,Washoe,0,251956,0,0,128052,116653,251956,medsl,0
2024,NV,Washoe,0,263734,0,0,130071,127443,263734,medsl,0
2004,NV,White Pine,0,3802,0,0,1082,2604,3802,medsl,1
2008,NV,White Pine,0,3842,0,0,1230,2440,3842,medsl,1
2012,NV,White Pine,0,3704,0,0,983,2601,3704,medsl,1
2016,NV,White Pine,0,3773,0,0,707,2723,3773,medsl,1
2020,NV,White Pine,0,4363,0,0,856,3400,4363,medsl,1
2024,NV,White Pine,0,4351,0,0,883,3364,4351,medsl,1
2004,NY,Albany,0,147199,0,0,86213,52369,147199,medsl,1
2008,NY,Albany,0,147136,0,0,93937,50586,147136,medsl,1
2012,NY,Albany,0,135766,0,0,83978,40210,135766,medsl,1
2016,NY,Albany,0,139830,0,0,83077,47810,139830,medsl,1
2020,NY,Albany,0,154727,0,0,99474,51081,154727,medsl,1
2024,NY,Albany,0,148577,0,0,92589,54560,148577,medsl,1
2004,NY,Allegany,0,19270,0,0,6392,11894,19270,medsl,1
2008,NY,Allegany,0,18368,0,0,7016,11013,18368,medsl,1
2012,NY,Allegany,0,16953,0,0,5866,9377,16953,medsl,1
2016,NY,Allegany,0,18692,0,0,4882,12525,18692,medsl,1
2020,NY,Allegany,0,20895,0,0,6048,14135,20895,medsl,1
2024,NY,Allegany,0,19376,0,0,5483,13826,19376,medsl,1
2004,NY,Bronx,0,342929,0,0,276938,53738,342929,medsl,1
2008,NY,Bronx,0,381286,0,0,338261,41683,381286,medsl,1
2012,NY,Bronx,0,370894,0,0,334600,26680,370894,medsl,1
2016,NY,Bronx,0,399522,0,0,353646,37797,399522,medsl,1
2020,NY,Bronx,0,432399,0,0,355374,67740,432399,medsl,1
2024,NY,Bronx,0,362890,0,0,261670,98174,362890,medsl,1
2004,NY,Broome,0,91890,0,0,44496,42100,91890,medsl,1
2008,NY,Broome,0,88718,0,0,47204,40077,88718,medsl,1
2012,NY,Broome,0,81565,0,0,39971,34708,81565,medsl,1
2016,NY,Broome,0,86072,0,0,39212,40943,86072,medsl,1
2020,NY,Broome,0,93494,0,0,47010,43800,93494,medsl,1
2024,NY,Broome,0,90459,0,0,45142,44763,90459,medsl,1
2004,NY,Cattaraugus,0,34262,0,0,13087,19028,34262,medsl,1
2008,NY,Cattaraugus,0,32588,0,0,14307,17770,32588,medsl,1
2012,NY,Cattaraugus,0,29767,0,0,12040,14655,29767,medsl,1
2016,NY,Cattaraugus,0,31161,0,0,9497,19692,31161,medsl,1
2020,NY,Cattaraugus,0,35018,0,0,11879,22155,35018,medsl,1
2024,NY,Cattaraugus,0,34107,0,0,11424,22586,34107,medsl,1
2004,NY,Cayuga,0,36052,0,0,16913,16626,36052,medsl,1
2008,NY,Cayuga,0,33992,0,0,18128,15243,33992,medsl,1
2012,NY,Cayuga,0,31169,0,0,16105,11646,31169,medsl,1
2016,NY,Cayuga,0,33172,0,0,13522,17384,33172,medsl,1
2020,NY,Cayuga,0,36760,0,0,16149,19512,36760,medsl,1
2024,NY,Cayuga,0,36343,0,0,15772,20482,36343,medsl,1
2004,NY,Chautauqua,0,60942,0,0,26369,30734,60942,medsl,1
2008,NY,Chautauqua,0,58772,0,0,29129,28579,58772,medsl,1
2012,NY,Chautauqua,0,52852,0,0,22463,24266,52852,medsl,1
2016,NY,Chautauqua,0,54234,0,0,19091,31594,54234,medsl,1
2020,NY,Chautauqua,0,59770,0,0,23087,34853,59770,medsl,1
2024,NY,Chautauqua,0,56751,0,0,22085,34528,56751,medsl,1
2004,NY,Chemung,0,39075,0,0,16639,20742,39075,medsl,1
2008,NY,Chemung,0,38695,0,0,18888,19364,38695,medsl,1
2012,NY,Chemung,0,35010,0,0,16205,16138,35010,medsl,1
2016,NY,Chemung,0,36119,0,0,13757,20097,36119,medsl,1
2020,NY,Chemung,0,39711,0,0,16636,21922,39711,medsl,1
2024,NY,Chemung,0,37560,0,0,15572,21861,37560,medsl,1
2004,NY,Chenango,0,21341,0,0,9003,11144,21341,medsl,1
2008,NY,Chenango,0,20847,0,0,10100,10337,20847,medsl,1
2012,NY,Chenango,0,19314,0,0,8642,8922,19314,medsl,1
2016,NY,Chenango,0,20160,0,0,6775,11921,20160,medsl,1
2020,NY,Chenango,0,22417,0,0,8290,13482,22417,medsl,1
2024,NY,Chenango,0,22540,0,0,8177,14294,22540,medsl,1
2004,NY,Clinton,0,33736,0,0,17040,14633,33736,medsl,1
2008,NY,Clinton,0,33314,0,0,20216,12579,33314,medsl,1
2012,NY,Clinton,0,30656,0,0,18072,9892,30656,medsl,1
2016,NY,Clinton,0,32105,0,0,15059,14449,32105,medsl,1
2020,NY,Clinton,0,35637,0,0,18364,16514,35637,medsl,1
2024,NY,Clinton,0,35817,0,0,17478,18247,35817,medsl,1
2004,NY,Columbia,0,31103,0,0,15238,13325,31103,medsl,0
2008,NY,Columbia,0,31408,0,0,17556,13337,31408,medsl,0
2012,NY,Columbia,0,29129,0,0,15241,10600,29129,medsl,0
2016,NY,Columbia,0,30902,0,0,15284,13756,30902,medsl,0
2020,NY,Columbia,0,35781,0,0,20386,14464,35781,medsl,0
2024,NY,Columbia,0,35897,0,0,20396,15168,35897,medsl,0
2004,NY,Cortland,0,22760,0,0,10354,11085,22760,medsl,1
2008,NY,Cortland,0,21900,0,0,11861,9678,21900,medsl,1
2012,NY,Cortland,0,19624,0,0,9965,7859,19624,medsl,1
2016,NY,Cortland,0,20244,0,0,8771,9900,20244,medsl,1
2020,NY,Cortland,0,21892,0,0,10369,10789,21892,medsl,1
2024,NY,Cortland,0,22063,0,0,10290,11706,22063,medsl,1
2004,NY,Delaware,0,21166,0,0,8425,11474,21166,medsl,0
2008,NY,Delaware,0,20389,0,0,9462,10524,20389,medsl,0
2012,NY,Delaware,0,18638,0,0,7881,9086,18638,medsl,0
2016,NY,Delaware,0,19792,0,0,6627,11942,19792,medsl,0
2020,NY,Delaware,0,23074,0,0,9143,13387,23074,medsl,0
2024,NY,Delaware,0,23156,0,0,9237,13789,23156,medsl,0
2004,NY,Dutchess,0,123881,0,0,56533,59323,123881,medsl,1
2008,NY,Dutchess,0,132254,0,0,71060,59628,132254,medsl,1
2012,NY,Dutchess,0,123705,0,0,62063,48264,123705,medsl,1
2016,NY,Dutchess,0,130934,0,0,62261,61797,130934,medsl,1
2020,NY,Dutchess,0,151889,0,0,81443,66872,151889,medsl,1
2024,NY,Dutchess,0,152659,0,0,79994,71778,152659,medsl,1
2004,NY,Erie,0,445138,0,0,240563,173198,445138,medsl,1
2008,NY,Erie,0,441985,0,0,256299,178815,441985,medsl,1
2012,NY,Erie,0,414195,0,0,227325,149683,414195,medsl,1
2016,NY,Erie,0,423625,0,0,215456,188303,423625,medsl,1
2020,NY,Erie,0,476787,0,0,267174,197527,476787,medsl,1
2024,NY,Erie,0,456550,0,0,248651,204774,456550,medsl,1
2004,NY,Essex,0,19082,0,0,8474,9390,19082,medsl,1
2008,NY,Essex,0,18591,0,0,10390,7913,18591,medsl,1
2012,NY,Essex,0,16717,0,0,9368,6076,16717,medsl,1
2016,NY,Essex,0,17218,0,0,7762,7958,17218,medsl,1
2020,NY,Essex,0,19470,0,0,9947,8976,19470,medsl,1
2024,NY,Essex,0,19236,0,0,9629,9533,19236,medsl,1
2004,NY,Franklin,0,18316,0,0,9286,8103,18316,medsl,1
2008,NY,Franklin,0,17496,0,0,10571,6676,17496,medsl,1
2012,NY,Franklin,0,15934,0,0,9532,5231,15934,medsl,1
2016,NY,Franklin,0,16952,0,0,7297,8221,16952,medsl,1
2020,NY,Franklin,0,19420,0,0,9253,9668,19420,medsl,1
2024,NY,Franklin,0,19458,0,0,8821,10569,19458,medsl,1
2004,NY,Fulton,0,22215,0,0,8919,12042,22215,medsl,1
2008,NY,Fulton,0,21805,0,0,9695,11709,21805,medsl,1
2012,NY,Fulton,0,19799,0,0,8331,9830,19799,medsl,1
2016,NY,Fulton,0,21214,0,0,6496,13462,21214,medsl,1
2020,NY,Fulton,0,24072,0,0,7931,15378,24072,medsl,1
2024,NY,Fulton,0,23953,0,0,7666,16237,23953,medsl,1
2004,NY,Genesee,0,27580,0,0,9970,15701,27580,medsl,1
2008,NY,Genesee,0,26866,0,0,10762,15705,26866,medsl,1
2012,NY,Genesee,0,24746,0,0,9092,12814,24746,medsl,1
2016,NY,Genesee,0,26432,0,0,7650,16915,26432,medsl,1
2020,NY,Genesee,0,29431,0,0,9625,18876,29431,medsl,1
2024,NY,Genesee,0,28444,0,0,9367,18997,28444,medsl,1
2004,NY,Greene,0,22398,0,0,8607,12159,22398,medsl,1
2008,NY,Greene,0,22315,0,0,9850,12059,22315,medsl,1
2012,NY,Greene,0,20472,0,0,8384,9737,20472,medsl,1
2016,NY,Greene,0,22050,0,0,7405,13073,22050,medsl,1
2020,NY,Greene,0,25320,0,0,10346,14271,25320,medsl,1
2024,NY,Greene,0,25310,0,0,10436,14702,25310,medsl,1
2004,NY,Hamilton,0,3692,0,0,1120,2358,3692,medsl,1
2008,NY,Hamilton,0,3411,0,0,1225,2141,3411,medsl,1
2012,NY,Hamilton,0,3122,0,0,1092,1771,3122,medsl,1
2016,NY,Hamilton,0,3225,0,0,949,2064,3225,medsl,1
2020,NY,Hamilton,0,3489,0,0,1178,2225,3489,medsl,1
2024,NY,Hamilton,0,3439,0,0,1211,2223,3439,medsl,1
2004,NY,Herkimer,0,28310,0,0,11383,15265,28310,medsl,1
2008,NY,Herkimer,0,27184,0,0,12094,14619,27184,medsl,1
2012,NY,Herkimer,0,25040,0,0,10826,12166,25040,medsl,1
2016,NY,Herkimer,0,26255,0,0,8083,16699,26255,medsl,1
2020,NY,Herkimer,0,29560,0,0,9937,18870,29560,medsl,1
2024,NY,Herkimer,0,28725,0,0,9110,19557,28725,medsl,1
2004,NY,Jefferson,0,38800,0,0,16342,20248,38800,medsl,1
2008,NY,Jefferson,0,38847,0,0,18166,20219,38847,medsl,1
2012,NY,Jefferson,0,35708,0,0,16231,16435,35708,medsl,1
2016,NY,Jefferson,0,38236,0,0,13809,21763,38236,medsl,1
2020,NY,Jefferson,0,44129,0,0,17307,25629,44129,medsl,1
2024,NY,Jefferson,0,42843,0,0,16326,26417,42843,medsl,1
2004,NY,Kings,0,687780,0,0,494165,159200,687780,medsl,1
2008,NY,Kings,0,759671,0,0,603525,151872,759671,medsl,1
2012,NY,Kings,0,730534,0,0,580225,112957,730534,medsl,1
2016,NY,Kings,0,805605,0,0,640553,141044,805605,medsl,1
2020,NY,Kings,0,920380,0,0,703310,202772,920380,medsl,1
2024,NY,Kings,0,847934,0,0,601265,233964,847934,medsl,1
2004,NY,Lewis,0,11397,0,0,4417,6348,11397,medsl,1
2008,NY,Lewis,0,11129,0,0,4986,5969,11129,medsl,1
2012,NY,Lewis,0,10522,0,0,4530,5129,10522,medsl,1
2016,NY,Lewis,0,11325,0,0,3146,7400,11325,medsl,1
2020,NY,Lewis,0,13036,0,0,3824,8894,13036,medsl,1
2024,NY,Lewis,0,12966,0,0,3600,9353,12966,medsl,1
2004,NY,Livingston,0,29948,0,0,11107,16885,29948,medsl,1
2008,NY,Livingston,0,30127,0,0,13655,16030,30127,medsl,1
2012,NY,Livingston,0,26770,0,0,11100,12641,26770,medsl,1
2016,NY,Livingston,0,30031,0,0,10697,17290,30031,medsl,1
2020,NY,Livingston,0,31656,0,0,12477,18182,31656,medsl,1
2024,NY,Livingston,0,31035,0,0,12148,18780,31035,medsl,1
2004,NY,Madison,0,30287,0,0,12665,15584,30287,medsl,1
2008,NY,Madison,0,29778,0,0,14692,14434,29778,medsl,1
2012,NY,Madison,0,28094,0,0,13231,12011,28094,medsl,1
2016,NY,Madison,0,30064,0,0,11667,15936,30064,medsl,1
2020,NY,Madison,0,34266,0,0,14807,18408,34266,medsl,1
2024,NY,Madison,0,33814,0,0,14629,19025,33814,medsl,1
2004,NY,Monroe,0,342981,0,0,168088,153374,342981,medsl,1
2008,NY,Monroe,0,355725,0,0,207225,144153,355725,medsl,1
2012,NY,Monroe,0,333813,0,0,185916,114434,333813,medsl,1
2016,NY,Monroe,0,347790,0,0,188592,136582,347790,medsl,1
2020,NY,Monroe,0,383499,0,0,225746,145661,383499,medsl,1
2024,NY,Monroe,0,362715,0,0,214757,145940,362715,medsl,1
2004,NY,Montgomery,0,21221,0,0,9175,10763,21221,medsl,1
2008,NY,Montgomery,0,20175,0,0,9080,10711,20175,medsl,1
2012,NY,Montgomery,0,18186,0,0,8106,8046,18186,medsl,1
2016,NY,Montgomery,0,19054,0,0,6595,11301,19054,medsl,1
2020,NY,Montgomery,0,21246,0,0,7977,12745,21246,medsl,1
2024,NY,Montgomery,0,20712,0,0,7356,13286,20712,medsl,1
2004,NY,Nassau,0,618343,0,0,317283,273502,618343,medsl,1
2008,NY,Nassau,0,635414,0,0,342067,288758,635414,medsl,1
2012,NY,Nassau,0,568151,0,0,294661,237862,568151,medsl,1
2016,NY,Nassau,0,636967,0,0,326088,288313,636967,medsl,1
2020,NY,Nassau,0,738369,0,0,396504,326716,738369,medsl,1
2024,NY,Nassau,0,712299,0,0,338424,368117,712299,medsl,1
2004,NY,New York,0,641747,0,0,509841,104883,641747,medsl,1
2008,NY,New York,0,667271,0,0,572126,89906,667271,medsl,1
2012,NY,New York,0,597227,0,0,486172,84810,597227,medsl,1
2016,NY,New York,0,668939,0,0,579013,64929,668939,medsl,1
2020,NY,New York,0,701405,0,0,603040,85185,701405,medsl,1
2024,NY,New York,0,654372,0,0,533782,113921,654372,medsl,1
2004,NY,New York County,0,641951,454852,64335,526765,107405,641951,manual,1
2008,NY,New York County,0,667885,494508,69836,572370,89949,667885,manual,1
2012,NY,New York County,0,600291,433809,61332,502674,89559,600291,manual,1
2016,NY,New York County,0,668940,499642,70697,579013,64930,668940,manual,1
2020,NY,New York County,0,697813,603040,85185,603040,85185,697813,manual,1
2024,NY,New York County,699748,660633,533782,113921,533782,113921,660633,manual,1
2004,NY,Niagara,0,96580,0,0,45644,44525,96580,medsl,1
2008,NY,Niagara,0,95207,0,0,47303,46348,95207,medsl,1
2012,NY,Niagara,0,89013,0,0,41837,38158,89013,medsl,1
2016,NY,Niagara,0,92402,0,0,35559,51961,92402,medsl,1
2020,NY,Niagara,0,104866,0,0,46029,56068,104866,medsl,1
2024,NY,Niagara,0,102431,0,0,43438,58678,102431,medsl,1
2004,NY,Oneida,0,95369,0,0,39658,49569,95369,medsl,1
2008,NY,Oneida,0,94313,0,0,43506,49256,94313,medsl,1
2012,NY,Oneida,0,86700,0,0,39031,40532,86700,medsl,1
2016,NY,Oneida,0,91009,0,0,33743,51437,91009,medsl,1
2020,NY,Oneida,0,101696,0,0,41567,57180,101696,medsl,1
2024,NY,Oneida,0,100258,0,0,39415,60687,100258,medsl,1
2004,NY,Onondaga,0,214589,0,0,112618,88123,214589,medsl,1
2008,NY,Onondaga,0,218194,0,0,129317,84972,218194,medsl,1
2012,NY,Onondaga,0,204717,0,0,117470,69357,204717,medsl,1
2016,NY,Onondaga,0,208440,0,0,112337,83649,208440,medsl,1
2020,NY,Onondaga,0,235686,0,0,138894,90619,235686,medsl,1
2024,NY,Onondaga,0,228381,0,0,133155,93916,228381,medsl,1
2004,NY,Ontario,0,50102,0,0,20503,26611,50102,medsl,1
2008,NY,Ontario,0,51020,0,0,25103,25171,51020,medsl,1
2012,NY,Ontario,0,47853,0,0,22065,20919,47853,medsl,1
2016,NY,Ontario,0,52258,0,0,22233,26029,52258,medsl,1
2020,NY,Ontario,0,60085,0,0,29025,29039,60085,medsl,1
2024,NY,Ontario,0,59987,0,0,29520,30221,59987,medsl,1
2004,NY,Orange,0,144673,0,0,61642,75010,144673,medsl,1
2008,NY,Orange,0,151918,0,0,78326,72042,151918,medsl,1
2012,NY,Orange,0,140628,0,0,70742,58003,140628,medsl,1
2016,NY,Orange,0,152021,0,0,68278,76645,152021,medsl,1
2020,NY,Orange,0,173305,0,0,84684,84996,173305,medsl,1
2024,NY,Orange,0,175660,0,0,80253,94936,175660,medsl,1
2004,NY,Orleans,0,16573,0,0,5734,9796,16573,medsl,1
2008,NY,Orleans,0,16574,0,0,6614,9708,16574,medsl,1
2012,NY,Orleans,0,14706,0,0,5505,7585,14706,medsl,1
2016,NY,Orleans,0,16380,0,0,4470,10936,16380,medsl,1
2020,NY,Orleans,0,18314,0,0,5587,12126,18314,medsl,1
2024,NY,Orleans,0,18071,0,0,5366,12659,18071,medsl,1
2004,NY,Oswego,0,51607,0,0,23261,24675,51607,medsl,1
2008,NY,Oswego,0,49255,0,0,24777,23571,49255,medsl,1
2012,NY,Oswego,0,44591,0,0,22178,17610,44591,medsl,1
2016,NY,Oswego,0,48180,0,0,17095,27688,48180,medsl,1
2020,NY,Oswego,0,54852,0,0,21143,32138,54852,medsl,1
2024,NY,Oswego,0,54163,0,0,20483,33548,54163,medsl,1
2004,NY,Otsego,0,26652,0,0,12402,12768,26652,medsl,0
2008,NY,Otsego,0,26101,0,0,13570,12026,26101,medsl,0
2012,NY,Otsego,0,24139,0,0,11530,10451,24139,medsl,0
2016,NY,Otsego,0,25668,0,0,10451,13308,25668,medsl,0
2020,NY,Otsego,0,28223,0,0,12975,14382,28223,medsl,0
2024,NY,Otsego,0,28436,0,0,13031,15256,28436,medsl,0
2004,NY,Putnam,0,46563,0,0,18892,24397,46563,medsl,1
2008,NY,Putnam,0,47213,0,0,21613,25145,47213,medsl,1
2012,NY,Putnam,0,44345,0,0,18539,20925,44345,medsl,1
2016,NY,Putnam,0,48563,0,0,19366,27024,48563,medsl,1
2020,NY,Putnam,0,55318,0,0,24953,29283,55318,medsl,1
2024,NY,Putnam,0,55765,0,0,23956,31553,55765,medsl,1
2004,NY,Queens,0,605062,0,0,422609,157948,605062,medsl,1
2008,NY,Queens,0,597598,0,0,447906,145898,597598,medsl,1
2012,NY,Queens,0,595073,0,0,461391,108864,595073,medsl,1
2016,NY,Queens,0,686393,0,0,517220,149341,686393,medsl,1
2020,NY,Queens,0,794498,0,0,569038,212665,794498,medsl,1
2024,NY,Queens,0,712191,0,0,437282,264628,712191,medsl,1
2004,NY,Rensselaer,0,72514,0,0,34741,32290,72514,medsl,1
2008,NY,Rensselaer,0,73986,0,0,39753,32840,73986,medsl,1
2012,NY,Rensselaer,0,67990,0,0,35373,24903,67990,medsl,1
2016,NY,Rensselaer,0,71562,0,0,32717,33726,71562,medsl,1
2020,NY,Rensselaer,0,79962,0,0,40969,36500,79962,medsl,1
2024,NY,Rensselaer,0,78736,0,0,39668,38601,78736,medsl,1
2004,NY,Richmond,0,160126,0,0,66255,85302,160126,medsl,1
2008,NY,Richmond,0,166480,0,0,79311,86062,166480,medsl,1
2012,NY,Richmond,0,154169,0,0,75557,66916,154169,medsl,1
2016,NY,Richmond,0,180960,0,0,74143,101437,180960,medsl,1
2020,NY,Richmond,0,217899,0,0,90997,123320,217899,medsl,1
2024,NY,Richmond,0,199620,0,0,69345,128151,199620,medsl,1
2004,NY,Rockland,0,131231,0,0,62391,61510,131231,medsl,1
2008,NY,Rockland,0,132136,0,0,69543,61752,132136,medsl,1
2012,NY,Rockland,0,124442,0,0,63908,51976,124442,medsl,1
2016,NY,Rockland,0,135087,0,0,69342,60911,135087,medsl,1
2020,NY,Rockland,0,151381,0,0,75802,73186,151381,medsl,1
2024,NY,Rockland,0,150072,0,0,65880,83543,150072,medsl,1
2004,NY,Saratoga,0,106873,0,0,47367,53709,106873,medsl,1
2008,NY,Saratoga,0,111255,0,0,56645,52855,111255,medsl,1
2012,NY,Saratoga,0,105510,0,0,50998,44915,105510,medsl,1
2016,NY,Saratoga,0,114094,0,0,50913,54575,114094,medsl,1
2020,NY,Saratoga,0,133556,0,0,68471,61305,133556,medsl,1
2024,NY,Saratoga,0,130812,0,0,66321,63940,130812,medsl,1
2004,NY,Schenectady,0,69469,0,0,34762,30002,69469,medsl,1
2008,NY,Schenectady,0,69778,0,0,38611,29758,69778,medsl,1
2012,NY,Schenectady,0,64933,0,0,35330,22952,64933,medsl,1
2016,NY,Schenectady,0,67280,0,0,33747,28953,67280,medsl,1
2020,NY,Schenectady,0,75381,0,0,42465,30741,75381,medsl,1
2024,NY,Schenectady,0,72165,0,0,39733,31975,72165,medsl,1
2004,NY,Schoharie,0,14557,0,0,5455,8148,14557,medsl,0
2008,NY,Schoharie,0,14381,0,0,6009,8071,14381,medsl,0
2012,NY,Schoharie,0,13207,0,0,5119,6497,13207,medsl,0
2016,NY,Schoharie,0,14050,0,0,4240,8831,14050,medsl,0
2020,NY,Schoharie,0,15810,0,0,5345,9903,15810,medsl,0
2024,NY,Schoharie,0,16042,0,0,5547,10423,16042,medsl,0
2004,NY,Schuyler,0,8590,0,0,3290,4727,8590,medsl,1
2008,NY,Schuyler,0,8600,0,0,3933,4542,8600,medsl,1
2012,NY,Schuyler,0,8146,0,0,3444,3798,8146,medsl,1
2016,NY,Schuyler,0,8772,0,0,3091,5050,8772,medsl,1
2020,NY,Schuyler,0,9799,0,0,3903,5621,9799,medsl,1
2024,NY,Schuyler,0,9486,0,0,3736,5717,9486,medsl,1
2004,NY,Seneca,0,15325,0,0,6771,7603,15325,medsl,1
2008,NY,Seneca,0,14725,0,0,7422,7038,14725,medsl,1
2012,NY,Seneca,0,13266,0,0,6715,5244,13266,medsl,1
2016,NY,Seneca,0,13980,0,0,5697,7236,13980,medsl,1
2020,NY,Seneca,0,15718,0,0,6914,8329,15718,medsl,1
2024,NY,Seneca,0,15034,0,0,6610,8379,15034,medsl,1
2024,NY,St Lawrence,0,44026,0,0,18010,25919,44026,medsl,0
2004,NY,St. Lawrence,0,41755,0,0,22173,17310,41755,medsl,0
2008,NY,St. Lawrence,0,41242,0,0,23706,16956,41242,medsl,0
2012,NY,St. Lawrence,0,37191,0,0,20488,13543,37191,medsl,0
2016,NY,St. Lawrence,0,39158,0,0,16488,19942,39158,medsl,0
2020,NY,St. Lawrence,0,45267,0,0,19361,24608,45267,medsl,0
2004,NY,Steuben,0,42284,0,0,14090,26066,42284,medsl,1
2008,NY,Steuben,0,41891,0,0,17148,24203,41891,medsl,1
2012,NY,Steuben,0,38531,0,0,15015,20163,38531,medsl,1
2016,NY,Steuben,0,42002,0,0,12526,26831,42002,medsl,1
2020,NY,Steuben,0,46516,0,0,15790,29474,46516,medsl,1
2024,NY,Steuben,0,45344,0,0,15413,29777,45344,medsl,1
2004,NY,Suffolk,0,638712,0,0,307011,292186,638712,medsl,1
2008,NY,Suffolk,0,659027,0,0,346379,306815,659027,medsl,1
2012,NY,Suffolk,0,586258,0,0,287519,243258,586258,medsl,1
2016,NY,Suffolk,0,681254,0,0,303951,350570,681254,medsl,1
2020,NY,Suffolk,0,757877,0,0,368000,375821,757877,medsl,1
2024,NY,Suffolk,0,762849,0,0,341812,417549,762849,medsl,1
2004,NY,Sullivan,0,30966,0,0,14447,14398,30966,medsl,1
2008,NY,Sullivan,0,31153,0,0,16850,13900,31153,medsl,1
2012,NY,Sullivan,0,28415,0,0,14612,11347,28415,medsl,1
2016,NY,Sullivan,0,29955,0,0,12568,15931,29955,medsl,1
2020,NY,Sullivan,0,35132,0,0,15489,18665,35132,medsl,1
2024,NY,Sullivan,0,35062,0,0,14549,20386,35062,medsl,1
2004,NY,Tioga,0,23902,0,0,9415,13343,23902,medsl,1
2008,NY,Tioga,0,23090,0,0,10172,12536,23090,medsl,1
2012,NY,Tioga,0,21601,0,0,8544,11160,21601,medsl,1
2016,NY,Tioga,0,22299,0,0,7526,13260,22299,medsl,1
2020,NY,Tioga,0,25170,0,0,9634,14791,25170,medsl,1
2024,NY,Tioga,0,24559,0,0,9437,15038,24559,medsl,1
2004,NY,Tompkins,0,42402,0,0,25659,13539,42402,medsl,0
2008,NY,Tompkins,0,42485,0,0,29826,11927,42485,medsl,0
2012,NY,Tompkins,0,39670,0,0,24872,10191,39670,medsl,0
2016,NY,Tompkins,0,42678,0,0,28890,10371,42678,medsl,0
2020,NY,Tompkins,0,46048,0,0,33619,11096,46048,medsl,0
2024,NY,Tompkins,0,46532,0,0,34631,11354,46532,medsl,0
2004,NY,Ulster,0,87712,0,0,45530,35234,87712,medsl,0
2008,NY,Ulster,0,86461,0,0,52539,32527,86461,medsl,0
2012,NY,Ulster,0,78315,0,0,43837,25572,78315,medsl,0
2016,NY,Ulster,0,81355,0,0,42101,34006,81355,medsl,0
2020,NY,Ulster,0,98160,0,0,57970,37590,98160,medsl,0
2024,NY,Ulster,0,98534,0,0,57974,39743,98534,medsl,0
2004,NY,Warren,0,31059,0,0,13054,16213,31059,medsl,1
2008,NY,Warren,0,32206,0,0,16281,15429,32206,medsl,1
2012,NY,Warren,0,29578,0,0,14276,12925,29578,medsl,1
2016,NY,Warren,0,31408,0,0,13091,15751,31408,medsl,1
2020,NY,Warren,0,36394,0,0,17642,17699,36394,medsl,1
2024,NY,Warren,0,35829,0,0,17099,18606,35829,medsl,1
2004,NY,Washington,0,25103,0,0,10295,13148,25103,medsl,1
2008,NY,Washington,0,25716,0,0,12741,12533,25716,medsl,1
2012,NY,Washington,0,23095,0,0,10993,9793,23095,medsl,1
2016,NY,Washington,0,24528,0,0,9098,13610,24528,medsl,1
2020,NY,Washington,0,28256,0,0,11565,15941,28256,medsl,1
2024,NY,Washington,0,28586,0,0,11224,17268,28586,medsl,1
2004,NY,Wayne,0,41200,0,0,15093,23126,41200,medsl,1
2008,NY,Wayne,0,41002,0,0,18184,22239,41002,medsl,1
2012,NY,Wayne,0,37547,0,0,15732,17248,37547,medsl,1
2016,NY,Wayne,0,39687,0,0,13473,23380,39687,medsl,1
2020,NY,Wayne,0,45031,0,0,17456,26204,45031,medsl,1
2024,NY,Wayne,0,44443,0,0,17056,27286,44443,medsl,1
2004,NY,Westchester,0,395770,0,0,224992,151261,395770,medsl,1
2008,NY,Westchester,0,412847,0,0,261810,147824,412847,medsl,1
2012,NY,Westchester,0,388447,0,0,234778,131139,388447,medsl,1
2016,NY,Westchester,0,420655,0,0,272926,131238,420655,medsl,1
2020,NY,Westchester,0,462265,0,0,312371,144713,462265,medsl,1
2024,NY,Westchester,0,457838,0,0,287434,167795,457838,medsl,1
2004,NY,Wyoming,0,18164,0,0,5894,11185,18164,medsl,1
2008,NY,Wyoming,0,17658,0,0,6379,10998,17658,medsl,1
2012,NY,Wyoming,0,16335,0,0,5357,9248,16335,medsl,1
2016,NY,Wyoming,0,17298,0,0,3904,12442,17298,medsl,1
2020,NY,Wyoming,0,19483,0,0,5073,13898,19483,medsl,1
2024,NY,Wyoming,0,19041,0,0,4929,14112,19041,medsl,1
2004,NY,Yates,0,10711,0,0,4062,6053,10711,medsl,1
2008,NY,Yates,0,10264,0,0,4890,5269,10264,medsl,1
2012,NY,Yates,0,9442,0,0,4259,4269,9442,medsl,1
2016,NY,Yates,0,10066,0,0,3659,5660,10066,medsl,1
2020,NY,Yates,0,10788,0,0,4219,6208,10788,medsl,1
2024,NY,Yates,0,10542,0,0,4401,6098,10542,medsl,1
2004,OH,Adams,0,11999,0,0,4280,7653,11999,medsl,0
2008,OH,Adams,0,11388,0,0,4170,6914,11388,medsl,0
2012,OH,Adams,0,11089,0,0,3976,6865,11089,medsl,0
2016,OH,Adams,0,11359,0,0,2326,8659,11359,medsl,0
2020,OH,Adams,0,12145,0,0,2156,9870,12145,medsl,0
2024,OH,Adams,0,12429,0,0,2098,10269,12429,medsl,0
2004,OH,Allen,0,49274,0,0,16483,32585,49274,medsl,1
2008,OH,Allen,0,50263,0,0,19521,29941,50263,medsl,1
2012,OH,Allen,0,48235,0,0,17913,29502,48235,medsl,1
2016,OH,Allen,0,45894,0,0,13294,30487,45894,medsl,1
2020,OH,Allen,0,48006,0,0,14149,33116,48006,medsl,1
2024,OH,Allen,0,46369,0,0,12754,33201,46369,medsl,1
2004,OH,Ashland,0,24920,0,0,8555,16171,24920,medsl,0
2008,OH,Ashland,0,25168,0,0,9300,15158,25168,medsl,0
2012,OH,Ashland,0,24330,0,0,8281,15519,24330,medsl,0
2016,OH,Ashland,0,24590,0,0,5740,17493,24590,medsl,0
2020,OH,Ashland,0,26405,0,0,6541,19407,26405,medsl,0
2024,OH,Ashland,0,26663,0,0,6544,19863,26663,medsl,0
2004,OH,Ashtabula,0,45409,0,0,24061,21039,45409,medsl,1
2008,OH,Ashtabula,0,44874,0,0,25027,18949,44874,medsl,1
2012,OH,Ashtabula,0,43064,0,0,23803,18298,43064,medsl,1
2016,OH,Ashtabula,0,40867,0,0,15577,23318,40867,medsl,1
2020,OH,Ashtabula,0,44147,0,0,16497,26890,44147,medsl,1
2024,OH,Ashtabula,0,43374,0,0,15345,27656,43374,medsl,1
2004,OH,Athens,0,30044,0,0,18997,10847,30044,medsl,1
2008,OH,Athens,0,31098,0,0,20722,9742,31098,medsl,1
2012,OH,Athens,0,27638,0,0,18307,8543,27638,medsl,1
2016,OH,Athens,0,29443,0,0,16370,11354,29443,medsl,1
2020,OH,Athens,0,26059,0,0,14772,10862,26059,medsl,1
2024,OH,Athens,0,25776,0,0,14134,11369,25776,medsl,1
2004,OH,Auglaize,0,23031,0,0,5904,17012,23031,medsl,1
2008,OH,Auglaize,0,23486,0,0,6727,16395,23486,medsl,1
2012,OH,Auglaize,0,23405,0,0,5831,17169,23405,medsl,1
2016,OH,Auglaize,0,23627,0,0,3980,18658,23627,medsl,1
2020,OH,Auglaize,0,25777,0,0,4651,20798,25777,medsl,1
2024,OH,Auglaize,0,25629,0,0,4442,20988,25629,medsl,1
2004,OH,Belmont,0,33320,0,0,17574,15589,33320,medsl,1
2008,OH,Belmont,0,32411,0,0,16302,15422,32411,medsl,1
2012,OH,Belmont,0,31564,0,0,14156,16758,31564,medsl,1
2016,OH,Belmont,0,31122,0,0,8785,21108,31122,medsl,1
2020,OH,Belmont,0,33088,0,0,9138,23560,33088,medsl,1
2024,OH,Belmont,0,31037,0,0,8080,22758,31037,medsl,1
2004,OH,Brown,0,19892,0,0,7140,12647,19892,medsl,1
2008,OH,Brown,0,20113,0,0,7503,12192,20113,medsl,1
2012,OH,Brown,0,19392,0,0,7107,11916,19392,medsl,1
2016,OH,Brown,0,19607,0,0,4353,14573,19607,medsl,1
2020,OH,Brown,0,21096,0,0,4380,16480,21096,medsl,1
2024,OH,Brown,0,21444,0,0,4069,17257,21444,medsl,1
2004,OH,Butler,0,166802,0,0,56234,109866,166802,medsl,1
2008,OH,Butler,0,173776,0,0,66030,105340,173776,medsl,1
2012,OH,Butler,0,170191,0,0,62388,105176,170191,medsl,1
2016,OH,Butler,0,173839,0,0,58642,106976,173839,medsl,1
2020,OH,Butler,0,186737,0,0,69613,114392,186737,medsl,1
2024,OH,Butler,0,183197,0,0,66713,114831,183197,medsl,1
2004,OH,Carroll,0,14110,0,0,6298,7695,14110,medsl,1
2008,OH,Carroll,0,13953,0,0,6423,7097,13953,medsl,1
2012,OH,Carroll,0,13262,0,0,5543,7315,13262,medsl,1
2016,OH,Carroll,0,13074,0,0,3154,9254,13074,medsl,1
2020,OH,Carroll,0,14212,0,0,3251,10745,14212,medsl,1
2024,OH,Carroll,0,13819,0,0,3071,10634,13819,medsl,1
2004,OH,Champaign,0,18775,0,0,6967,11718,18775,medsl,1
2008,OH,Champaign,0,18887,0,0,7385,11141,18887,medsl,1
2012,OH,Champaign,0,18421,0,0,7044,11045,18421,medsl,1
2016,OH,Champaign,0,18104,0,0,4594,12631,18104,medsl,1
2020,OH,Champaign,0,19972,0,0,5062,14589,19972,medsl,1
2024,OH,Champaign,0,20475,0,0,4944,15334,20475,medsl,1
2004,OH,Clark,0,68803,0,0,33534,34938,68803,medsl,1
2008,OH,Clark,0,66770,0,0,31958,33634,66770,medsl,1
2012,OH,Clark,0,64144,0,0,31298,31816,64144,medsl,1
2016,OH,Clark,0,61429,0,0,23328,35205,61429,medsl,1
2020,OH,Clark,0,64212,0,0,24076,39032,64212,medsl,1
2024,OH,Clark,0,62855,0,0,21847,40403,62855,medsl,1
2004,OH,Clermont,0,89042,0,0,25885,62946,89042,medsl,0
2008,OH,Clermont,0,95480,0,0,31611,62559,95480,medsl,0
2012,OH,Clermont,0,96273,0,0,30458,64208,96273,medsl,0
2016,OH,Clermont,0,99121,0,0,26715,67518,99121,medsl,0
2020,OH,Clermont,0,110480,0,0,34092,74570,110480,medsl,0
2024,OH,Clermont,0,114143,0,0,36130,76964,114143,medsl,0
2004,OH,Clinton,0,18414,0,0,5417,12938,18414,medsl,1
2008,OH,Clinton,0,19306,0,0,6558,12410,19306,medsl,1
2012,OH,Clinton,0,18144,0,0,5791,12009,18144,medsl,1
2016,OH,Clinton,0,18675,0,0,4066,13838,18675,medsl,1
2020,OH,Clinton,0,20527,0,0,4697,15488,20527,medsl,1
2024,OH,Clinton,0,20779,0,0,4633,15984,20779,medsl,1
2004,OH,Columbiana,0,49463,0,0,23426,25754,49463,medsl,1
2008,OH,Columbiana,0,48480,0,0,21882,25585,48480,medsl,1
2012,OH,Columbiana,0,46051,0,0,19821,25251,46051,medsl,1
2016,OH,Columbiana,0,46201,0,0,12432,31676,46201,medsl,1
2020,OH,Columbiana,0,49860,0,0,13359,35726,49860,medsl,1
2024,OH,Columbiana,0,48053,0,0,12064,35607,48053,medsl,1
2004,OH,Coshocton,0,16242,0,0,6878,9277,16242,medsl,1
2008,OH,Coshocton,0,16863,0,0,7689,8675,16863,medsl,1
2012,OH,Coshocton,0,15739,0,0,6940,8390,15739,medsl,1
2016,OH,Coshocton,0,15552,0,0,4013,10785,15552,medsl,1
2020,OH,Coshocton,0,16739,0,0,4125,12325,16739,medsl,1
2024,OH,Coshocton,0,16337,0,0,3835,12362,16337,medsl,1
2004,OH,Crawford,0,21801,0,0,7773,13885,21801,medsl,1
2008,OH,Crawford,0,21173,0,0,8288,12316,21173,medsl,1
2012,OH,Crawford,0,19803,0,0,7507,11852,19803,medsl,1
2016,OH,Crawford,0,19237,0,0,4625,13611,19237,medsl,1
2020,OH,Crawford,0,20686,0,0,4916,15436,20686,medsl,1
2024,OH,Crawford,0,20245,0,0,4683,15402,20245,medsl,1
2004,OH,Cuyahoga,0,673766,0,0,448486,221606,673766,medsl,1
2008,OH,Cuyahoga,0,665114,0,0,458204,199864,665114,medsl,1
2012,OH,Cuyahoga,0,644281,0,0,447232,190651,644281,medsl,1
2016,OH,Cuyahoga,0,603822,0,0,398271,184211,603822,medsl,1
2020,OH,Cuyahoga,0,625670,0,0,416176,202699,625670,medsl,1
2024,OH,Cuyahoga,0,576520,0,0,376384,195164,576520,medsl,1
2004,OH,Cuyahoga County,1005807,673777,0,0,448503,221600,673777,manual,1
2008,OH,Cuyahoga County,1111286,672750,0,0,458422,199880,672750,manual,1
2012,OH,Cuyahoga County,927996,650437,294344,356093,447273,190660,650437,manual,1
2016,OH,Cuyahoga County,891568,617350,247381,369969,398276,184212,617350,manual,1
2020,OH,Cuyahoga County,889095,631199,389985,241214,416176,202699,631199,manual,1
2024,OH,Cuyahoga County,894091,587284,237516,340854,376385,195165,587284,manual,1
2004,OH,Darke,0,26317,0,0,7849,18307,26317,medsl,1
2008,OH,Darke,0,25793,0,0,7964,17290,25793,medsl,1
2012,OH,Darke,0,25401,0,0,6826,18108,25401,medsl,1
2016,OH,Darke,0,25484,0,0,4470,20012,25484,medsl,1
2020,OH,Darke,0,27134,0,0,4731,22004,27134,medsl,1
2024,OH,Darke,0,27002,0,0,4583,22234,27002,medsl,1
2004,OH,Defiance,0,18512,0,0,6975,11393,18512,medsl,1
2008,OH,Defiance,0,19197,0,0,8399,10407,19197,medsl,1
2012,OH,Defiance,0,18288,0,0,7732,10176,18288,medsl,1
2016,OH,Defiance,0,18192,0,0,5368,11688,18192,medsl,1
2020,OH,Defiance,0,19381,0,0,5981,13038,19381,medsl,1
2024,OH,Defiance,0,19156,0,0,5667,13302,19156,medsl,1
2004,OH,Delaware,0,80455,0,0,27048,53142,80455,medsl,0
2008,OH,Delaware,0,92416,0,0,36653,54778,92416,medsl,0
2012,OH,Delaware,0,98761,0,0,37292,60194,98761,medsl,0
2016,OH,Delaware,0,103860,0,0,40872,57568,103860,medsl,0
2020,OH,Delaware,0,126070,0,0,57735,66356,126070,medsl,0
2024,OH,Delaware,0,133392,0,0,61657,70448,133392,medsl,0
2004,OH,Erie,0,40076,0,0,21408,18601,40076,medsl,1
2008,OH,Erie,0,41229,0,0,23148,17432,41229,medsl,1
2012,OH,Erie,0,39405,0,0,21793,16952,39405,medsl,1
2016,OH,Erie,0,37578,0,0,16057,19648,37578,medsl,1
2020,OH,Erie,0,40335,0,0,17493,22160,40335,medsl,1
2024,OH,Erie,0,39749,0,0,16871,22493,39749,medsl,1
2004,OH,Fairfield,0,67855,0,0,24774,42697,67855,medsl,0
2008,OH,Fairfield,0,71946,0,0,29250,41580,71946,medsl,0
2012,OH,Fairfield,0,72068,0,0,29890,41034,72068,medsl,0
2016,OH,Fairfield,0,72913,0,0,24881,44314,72913,medsl,0
2020,OH,Fairfield,0,83311,0,0,31224,50797,83311,medsl,0
2024,OH,Fairfield,0,84457,0,0,31695,51999,84457,medsl,0
2004,OH,Fayette,0,11756,0,0,4334,7375,11756,medsl,1
2008,OH,Fayette,0,11694,0,0,4401,7102,11694,medsl,1
2012,OH,Fayette,0,11020,0,0,4249,6620,11020,medsl,1
2016,OH,Fayette,0,11162,0,0,2739,7995,11162,medsl,1
2020,OH,Fayette,0,12612,0,0,2975,9473,12612,medsl,1
2024,OH,Fayette,0,12571,0,0,2773,9706,12571,medsl,1
2004,OH,Franklin,0,525824,0,0,285800,237252,525824,medsl,1
2008,OH,Franklin,0,560291,0,0,334684,218478,560291,medsl,1
2012,OH,Franklin,0,570983,0,0,346336,215987,570983,medsl,1
2016,OH,Franklin,0,581140,0,0,351198,199331,581140,medsl,1
2020,OH,Franklin,0,630577,0,0,409144,211237,630577,medsl,1
2024,OH,Franklin,0,598225,0,0,380518,210830,598225,medsl,1
2004,OH,Fulton,0,21953,0,0,8224,13639,21953,medsl,1
2008,OH,Fulton,0,21973,0,0,9900,11689,21973,medsl,1
2012,OH,Fulton,0,21268,0,0,9073,11738,21268,medsl,1
2016,OH,Fulton,0,21225,0,0,6069,13709,21225,medsl,1
2020,OH,Fulton,0,22770,0,0,6664,15731,22770,medsl,1
2024,OH,Fulton,0,22454,0,0,6374,15893,22454,medsl,1
2004,OH,Gallia,0,13992,0,0,5364,8577,13992,medsl,1
2008,OH,Gallia,0,13318,0,0,4777,8247,13318,medsl,1
2012,OH,Gallia,0,12595,0,0,4557,7750,12595,medsl,1
2016,OH,Gallia,0,12931,0,0,2628,9822,12931,medsl,1
2020,OH,Gallia,0,13799,0,0,2990,10645,13799,medsl,1
2024,OH,Gallia,0,13002,0,0,2592,10314,13002,medsl,1
2004,OH,Geauga,0,50419,0,0,19840,30358,50419,medsl,1
2008,OH,Geauga,0,51102,0,0,21250,29096,51102,medsl,1
2012,OH,Geauga,0,50997,0,0,19659,30589,50997,medsl,1
2016,OH,Geauga,0,49941,0,0,17569,30227,49941,medsl,1
2020,OH,Geauga,0,56021,0,0,21201,34143,56021,medsl,1
2024,OH,Geauga,0,54894,0,0,20604,33844,54894,medsl,1
2004,OH,Greene,0,79272,0,0,30530,48377,79272,medsl,0
2008,OH,Greene,0,83589,0,0,33540,48936,83589,medsl,0
2012,OH,Greene,0,83490,0,0,32256,49819,83490,medsl,0
2016,OH,Greene,0,81858,0,0,28943,48540,81858,medsl,0
2020,OH,Greene,0,88643,0,0,34798,52072,88643,medsl,0
2024,OH,Greene,0,90041,0,0,35575,53399,90041,medsl,0
2004,OH,Guernsey,0,17840,0,0,7768,9961,17840,medsl,1
2008,OH,Guernsey,0,17325,0,0,7625,9197,17325,medsl,1
2012,OH,Guernsey,0,16814,0,0,7450,8993,16814,medsl,1
2016,OH,Guernsey,0,16557,0,0,4359,11445,16557,medsl,1
2020,OH,Guernsey,0,18230,0,0,4577,13407,18230,medsl,1
2024,OH,Guernsey,0,17601,0,0,4154,13314,17601,medsl,1
2004,OH,Hamilton,0,423634,0,0,199499,222404,423634,medsl,1
2008,OH,Hamilton,0,424082,0,0,224644,195107,424082,medsl,1
2012,OH,Hamilton,0,418894,0,0,219927,193326,418894,medsl,1
2016,OH,Hamilton,0,409109,0,0,215719,173665,409109,medsl,1
2020,OH,Hamilton,0,430929,0,0,246266,177886,430929,medsl,1
2024,OH,Hamilton,0,410085,0,0,233360,172365,410085,medsl,1
2004,OH,Hamilton County,573612,433058,45362,387696,199679,222616,424012,manual,1
2008,OH,Hamilton County,605634,429267,108192,320072,225213,195530,425086,manual,1
2012,OH,Hamilton County,564429,421997,112980,309017,219927,193326,418894,manual,1
2016,OH,Hamilton County,580354,417456,111844,305612,215719,173665,409109,manual,1
2020,OH,Hamilton County,600401,434956,250866,184090,246266,177886,430929,manual,1
2024,OH,Hamilton County,604199,416548,169519,247029,233360,172365,410085,manual,1
2004,OH,Hancock,0,35606,0,0,10343,25101,35606,medsl,1
2008,OH,Hancock,0,36981,0,0,13870,22420,36981,medsl,1
2012,OH,Hancock,0,35694,0,0,12564,22443,35694,medsl,1
2016,OH,Hancock,0,36023,0,0,9609,24183,36023,medsl,1
2020,OH,Hancock,0,38771,0,0,11757,26310,38771,medsl,1
2024,OH,Hancock,0,37943,0,0,11467,26052,37943,medsl,1
2004,OH,Hardin,0,13385,0,0,4889,8436,13385,medsl,1
2008,OH,Hardin,0,13114,0,0,5013,7749,13114,medsl,1
2012,OH,Hardin,0,12449,0,0,4619,7489,12449,medsl,1
2016,OH,Hardin,0,12294,0,0,2920,8717,12294,medsl,1
2020,OH,Hardin,0,13247,0,0,3062,9949,13247,medsl,1
2024,OH,Hardin,0,12893,0,0,2863,9911,12893,medsl,1
2004,OH,Harrison,0,8109,0,0,3780,4274,8109,medsl,1
2008,OH,Harrison,0,7787,0,0,3683,3872,7787,medsl,1
2012,OH,Harrison,0,7141,0,0,2950,4019,7141,medsl,1
2016,OH,Harrison,0,7079,0,0,1688,5098,7079,medsl,1
2020,OH,Harrison,0,7655,0,0,1768,5792,7655,medsl,1
2024,OH,Harrison,0,7110,0,0,1559,5484,7110,medsl,1
2004,OH,Henry,0,15103,0,0,5110,9901,15103,medsl,1
2008,OH,Henry,0,14840,0,0,6320,8239,14840,medsl,1
2012,OH,Henry,0,14236,0,0,5658,8257,14236,medsl,1
2016,OH,Henry,0,13932,0,0,3756,9301,13932,medsl,1
2020,OH,Henry,0,14764,0,0,4062,10479,14764,medsl,1
2024,OH,Henry,0,14912,0,0,3905,10873,14912,medsl,1
2004,OH,Highland,0,18482,0,0,6194,12212,18482,medsl,1
2008,OH,Highland,0,19188,0,0,6857,11908,19188,medsl,1
2012,OH,Highland,0,17839,0,0,6049,11410,17839,medsl,1
2016,OH,Highland,0,18501,0,0,3773,14020,18501,medsl,1
2020,OH,Highland,0,19676,0,0,3799,15678,19676,medsl,1
2024,OH,Highland,0,19987,0,0,3609,16269,19987,medsl,1
2004,OH,Hocking,0,13196,0,0,6173,6935,13196,medsl,1
2008,OH,Hocking,0,12895,0,0,6231,6326,12895,medsl,1
2012,OH,Hocking,0,12728,0,0,6157,6285,12728,medsl,1
2016,OH,Hocking,0,12838,0,0,3775,8497,12838,medsl,1
2020,OH,Hocking,0,13824,0,0,3880,9737,13824,medsl,1
2024,OH,Hocking,0,13489,0,0,3704,9679,13489,medsl,1
2004,OH,Holmes,0,11218,0,0,2695,8466,11218,medsl,1
2008,OH,Holmes,0,11113,0,0,3141,7720,11113,medsl,1
2012,OH,Holmes,0,11536,0,0,2608,8702,11536,medsl,1
2016,OH,Holmes,0,11054,0,0,1788,8720,11054,medsl,1
2020,OH,Holmes,0,12947,0,0,1994,10796,12947,medsl,1
2024,OH,Holmes,0,12335,0,0,1854,10384,12335,medsl,1
2004,OH,Huron,0,25592,0,0,10585,14834,25592,medsl,1
2008,OH,Huron,0,25582,0,0,12076,12884,25582,medsl,1
2012,OH,Huron,0,24663,0,0,11006,13060,24663,medsl,1
2016,OH,Huron,0,24834,0,0,7192,16226,24834,medsl,1
2020,OH,Huron,0,27190,0,0,7759,18956,27190,medsl,1
2024,OH,Huron,0,27216,0,0,7496,19484,27216,medsl,1
2004,OH,Jackson,0,14333,0,0,5699,8585,14333,medsl,1
2008,OH,Jackson,0,13993,0,0,5397,8219,13993,medsl,1
2012,OH,Jackson,0,13381,0,0,5166,7904,13381,medsl,1
2016,OH,Jackson,0,13693,0,0,3226,9949,13693,medsl,1
2020,OH,Jackson,0,14794,0,0,3311,11309,14794,medsl,1
2024,OH,Jackson,0,14287,0,0,2953,11249,14287,medsl,1
2004,OH,Jefferson,0,36366,0,0,19019,17184,36366,medsl,1
2008,OH,Jefferson,0,35939,0,0,17635,17559,35939,medsl,1
2012,OH,Jefferson,0,33069,0,0,15385,17034,33069,medsl,1
2016,OH,Jefferson,0,32201,0,0,9675,21117,32201,medsl,1
2020,OH,Jefferson,0,33362,0,0,10018,22828,33362,medsl,1
2024,OH,Jefferson,0,31267,0,0,8592,22317,31267,medsl,1
2004,OH,Knox,0,27066,0,0,9828,17081,27066,medsl,0
2008,OH,Knox,0,28231,0,0,11014,16640,28231,medsl,0
2012,OH,Knox,0,28388,0,0,10470,17266,28388,medsl,0
2016,OH,Knox,0,28687,0,0,8171,19131,28687,medsl,0
2020,OH,Knox,0,31398,0,0,8589,22340,31398,medsl,0
2024,OH,Knox,0,32104,0,0,8698,23112,32104,medsl,0
2004,OH,Lake,0,121823,0,0,59049,62193,121823,medsl,1
2008,OH,Lake,0,121335,0,0,60155,59142,121335,medsl,1
2012,OH,Lake,0,118404,0,0,57680,58744,118404,medsl,1
2016,OH,Lake,0,116246,0,0,46397,64255,116246,medsl,1
2020,OH,Lake,0,130509,0,0,55514,73278,130509,medsl,1
2024,OH,Lake,0,128579,0,0,54484,72924,128579,medsl,1
2004,OH,Lawrence,0,27706,0,0,12111,15457,27706,medsl,1
2008,OH,Lawrence,0,27194,0,0,11262,15415,27194,medsl,1
2012,OH,Lawrence,0,25833,0,0,10744,14651,25833,medsl,1
2016,OH,Lawrence,0,26607,0,0,6974,18689,26607,medsl,1
2020,OH,Lawrence,0,28127,0,0,7489,20306,28127,medsl,1
2024,OH,Lawrence,0,26713,0,0,6514,20013,26713,medsl,1
2004,OH,Licking,0,79416,0,0,30051,49014,79416,medsl,1
2008,OH,Licking,0,82283,0,0,33896,46886,82283,medsl,1
2012,OH,Licking,0,81390,0,0,34201,45503,81390,medsl,1
2016,OH,Licking,0,82761,0,0,27376,51241,82761,medsl,1
2020,OH,Licking,0,94210,0,0,33055,59514,94210,medsl,1
2024,OH,Licking,0,95060,0,0,32832,61359,95060,medsl,1
2004,OH,Logan,0,21398,0,0,6825,14471,21398,medsl,1
2008,OH,Logan,0,22217,0,0,7936,13848,22217,medsl,1
2012,OH,Logan,0,21137,0,0,7062,13633,21137,medsl,1
2016,OH,Logan,0,21571,0,0,4647,15957,21571,medsl,1
2020,OH,Logan,0,23368,0,0,5055,17964,23368,medsl,1
2024,OH,Logan,0,23406,0,0,5027,18182,23406,medsl,1
2004,OH,Lorain,0,140730,0,0,78965,61196,140730,medsl,1
2008,OH,Lorain,0,146859,0,0,85276,59068,146859,medsl,1
2012,OH,Lorain,0,143253,0,0,81464,59405,143253,medsl,1
2016,OH,Lorain,0,140562,0,0,66949,66818,140562,medsl,1
2020,OH,Lorain,0,157437,0,0,75667,79520,157437,medsl,1
2024,OH,Lorain,0,159007,0,0,74207,83297,159007,medsl,1
2004,OH,Lucas,0,220189,0,0,132536,87106,220189,medsl,1
2008,OH,Lucas,0,219830,0,0,142852,73706,219830,medsl,1
2012,OH,Lucas,0,210218,0,0,136616,69940,210218,medsl,1
2016,OH,Lucas,0,197556,0,0,110833,75698,197556,medsl,1
2020,OH,Lucas,0,200623,0,0,115411,81763,200623,medsl,1
2024,OH,Lucas,0,190609,0,0,106320,82398,190609,medsl,1
2004,OH,Madison,0,17398,0,0,6200,11120,17398,medsl,0
2008,OH,Madison,0,17451,0,0,6532,10603,17451,medsl,0
2012,OH,Madison,0,17517,0,0,6845,10342,17517,medsl,0
2016,OH,Madison,0,17290,0,0,4779,11631,17290,medsl,0
2020,OH,Madison,0,19855,0,0,5698,13835,19855,medsl,0
2024,OH,Madison,0,20669,0,0,5713,14737,20669,medsl,0
2004,OH,Mahoning,0,132731,0,0,83069,48712,132731,medsl,1
2008,OH,Mahoning,0,127032,0,0,79173,45319,127032,medsl,1
2012,OH,Mahoning,0,121310,0,0,77059,42641,121310,medsl,1
2016,OH,Mahoning,0,115072,0,0,57381,53616,115072,medsl,1
2020,OH,Mahoning,0,118966,0,0,57641,59903,118966,medsl,1
2024,OH,Mahoning,0,112705,0,0,50636,61249,112705,medsl,1
2004,OH,Marion,0,29258,0,0,11930,17171,29258,medsl,1
2008,OH,Marion,0,29017,0,0,12870,15454,29017,medsl,1
2012,OH,Marion,0,27352,0,0,12504,14265,27352,medsl,1
2016,OH,Marion,0,26322,0,0,7928,16961,26322,medsl,1
2020,OH,Marion,0,27818,0,0,8269,19023,27818,medsl,1
2024,OH,Marion,0,27359,0,0,7902,19219,27359,medsl,1
2004,OH,Medina,0,84867,0,0,36264,48183,84867,medsl,1
2008,OH,Medina,0,90451,0,0,40924,48189,90451,medsl,1
2012,OH,Medina,0,90783,0,0,38785,50418,90783,medsl,1
2016,OH,Medina,0,91373,0,0,32182,54810,91373,medsl,1
2020,OH,Medina,0,105825,0,0,39800,64598,105825,medsl,1
2024,OH,Medina,0,107045,0,0,39771,66308,107045,medsl,1
2004,OH,Meigs,0,10771,0,0,4437,6273,10771,medsl,1
2008,OH,Meigs,0,10354,0,0,4094,6015,10354,medsl,1
2012,OH,Meigs,0,10218,0,0,4027,5895,10218,medsl,1
2016,OH,Meigs,0,9985,0,0,2260,7309,9985,medsl,1
2020,OH,Meigs,0,10951,0,0,2492,8316,10951,medsl,1
2024,OH,Meigs,0,10400,0,0,2202,8127,10400,medsl,1
2004,OH,Mercer,0,20888,0,0,5117,15649,20888,medsl,1
2008,OH,Mercer,0,21271,0,0,5853,15100,21271,medsl,1
2012,OH,Mercer,0,21661,0,0,4745,16561,21661,medsl,1
2016,OH,Mercer,0,21726,0,0,3384,17506,21726,medsl,1
2020,OH,Mercer,0,23761,0,0,4030,19452,23761,medsl,1
2024,OH,Mercer,0,23753,0,0,3865,19710,23753,medsl,1
2004,OH,Miami,0,51780,0,0,17611,34005,51780,medsl,0
2008,OH,Miami,0,52807,0,0,18372,33417,52807,medsl,0
2012,OH,Miami,0,51936,0,0,16383,34606,51936,medsl,0
2016,OH,Miami,0,52734,0,0,13120,37079,52734,medsl,0
2020,OH,Miami,0,57972,0,0,15663,41371,57972,medsl,0
2024,OH,Miami,0,59188,0,0,15969,42677,59188,medsl,0
2004,OH,Monroe,0,7729,0,0,4243,3424,7729,medsl,1
2008,OH,Monroe,0,6982,0,0,3705,3066,6982,medsl,1
2012,OH,Monroe,0,6782,0,0,3035,3548,6782,medsl,1
2016,OH,Monroe,0,6795,0,0,1662,4868,6795,medsl,1
2020,OH,Monroe,0,7148,0,0,1605,5463,7148,medsl,1
2024,OH,Monroe,0,6796,0,0,1336,5396,6796,medsl,1
2004,OH,Montgomery,0,282553,0,0,142977,138361,282553,medsl,1
2008,OH,Montgomery,0,278511,0,0,145997,128679,278511,medsl,1
2012,OH,Montgomery,0,266278,0,0,137139,124841,266278,medsl,1
2016,OH,Montgomery,0,258301,0,0,122016,123909,258301,medsl,1
2020,OH,Montgomery,0,268505,0,0,135064,129034,268505,medsl,1
2024,OH,Montgomery,0,254837,0,0,126767,125566,254837,medsl,1
2004,OH,Morgan,0,6700,0,0,2873,3757,6700,medsl,1
2008,OH,Morgan,0,6608,0,0,2966,3440,6608,medsl,1
2012,OH,Morgan,0,6129,0,0,2814,3179,6129,medsl,1
2016,OH,Morgan,0,6443,0,0,1736,4431,6443,medsl,1
2020,OH,Morgan,0,6847,0,0,1725,5041,6847,medsl,1
2024,OH,Morgan,0,6782,0,0,1560,5168,6782,medsl,1
2004,OH,Morrow,0,16329,0,0,5775,10475,16329,medsl,0
2008,OH,Morrow,0,16643,0,0,6177,10067,16643,medsl,0
2012,OH,Morrow,0,16184,0,0,5933,9865,16184,medsl,0
2016,OH,Morrow,0,16548,0,0,3761,11948,16548,medsl,0
2020,OH,Morrow,0,18457,0,0,4048,14077,18457,medsl,0
2024,OH,Morrow,0,18857,0,0,4100,14609,18857,medsl,0
2004,OH,Muskingum,0,38863,0,0,16421,22251,38863,medsl,1
2008,OH,Muskingum,0,39071,0,0,17730,20549,39071,medsl,1
2012,OH,Muskingum,0,37085,0,0,17001,19264,37085,medsl,1
2016,OH,Muskingum,0,36991,0,0,11123,24056,36991,medsl,1
2020,OH,Muskingum,0,40465,0,0,11971,27867,40465,medsl,1
2024,OH,Muskingum,0,39331,0,0,10874,28147,39331,medsl,1
2004,OH,Noble,0,6540,0,0,2654,3841,6540,medsl,1
2008,OH,Noble,0,6172,0,0,2474,3450,6172,medsl,1
2012,OH,Noble,0,5872,0,0,2131,3563,5872,medsl,1
2016,OH,Noble,0,6013,0,0,1221,4549,6013,medsl,1
2020,OH,Noble,0,6343,0,0,1170,5135,6343,medsl,1
2024,OH,Noble,0,6161,0,0,1069,5050,6161,medsl,1
2004,OH,Ottawa,0,23257,0,0,11114,12075,23257,medsl,1
2008,OH,Ottawa,0,23069,0,0,12049,10618,23069,medsl,1
2012,OH,Ottawa,0,22456,0,0,11503,10538,22456,medsl,1
2016,OH,Ottawa,0,22218,0,0,8285,12653,22218,medsl,1
2020,OH,Ottawa,0,24007,0,0,9008,14628,24007,medsl,1
2024,OH,Ottawa,0,23960,0,0,8866,14872,23960,medsl,1
2004,OH,Paulding,0,9879,0,0,3610,6205,9879,medsl,1
2008,OH,Paulding,0,9769,0,0,4165,5317,9769,medsl,1
2012,OH,Paulding,0,9128,0,0,3538,5354,9128,medsl,1
2016,OH,Paulding,0,9047,0,0,2093,6500,9047,medsl,1
2020,OH,Paulding,0,9467,0,0,2213,7086,9467,medsl,1
2024,OH,Paulding,0,9277,0,0,1987,7203,9277,medsl,1
2004,OH,Perry,0,15188,0,0,7257,7855,15188,medsl,0
2008,OH,Perry,0,15404,0,0,7261,7721,15404,medsl,0
2012,OH,Perry,0,14984,0,0,7033,7627,14984,medsl,0
2016,OH,Perry,0,14995,0,0,4138,10228,14995,medsl,0
2020,OH,Perry,0,16675,0,0,4098,12357,16675,medsl,0
2024,OH,Perry,0,16992,0,0,3800,13062,16992,medsl,0
2004,OH,Pickaway,0,22850,0,0,8578,14160,22850,medsl,0
2008,OH,Pickaway,0,23726,0,0,9077,14228,23726,medsl,0
2012,OH,Pickaway,0,24123,0,0,9684,14037,24123,medsl,0
2016,OH,Pickaway,0,24745,0,0,6529,17076,24745,medsl,0
2020,OH,Pickaway,0,28271,0,0,7304,20593,28271,medsl,0
2024,OH,Pickaway,0,29280,0,0,7397,21607,29280,medsl,0
2004,OH,Pike,0,12575,0,0,5989,6519,12575,medsl,1
2008,OH,Pike,0,12506,0,0,6033,6162,12506,medsl,1
2012,OH,Pike,0,11581,0,0,5684,5685,11581,medsl,1
2016,OH,Pike,0,11879,0,0,3539,7902,11879,medsl,1
2020,OH,Pike,0,12412,0,0,3110,9157,12412,medsl,1
2024,OH,Pike,0,12218,0,0,2793,9352,12218,medsl,1
2004,OH,Portage,0,76646,0,0,40674,35583,76646,medsl,1
2008,OH,Portage,0,78205,0,0,41856,34822,78205,medsl,1
2012,OH,Portage,0,76239,0,0,39453,35242,76239,medsl,1
2016,OH,Portage,0,76139,0,0,32397,39971,76139,medsl,1
2020,OH,Portage,0,82872,0,0,35661,45990,82872,medsl,1
2024,OH,Portage,0,83226,0,0,34759,47681,83226,medsl,1
2004,OH,Preble,0,21126,0,0,7274,13733,21126,medsl,1
2008,OH,Preble,0,21002,0,0,6999,13562,21002,medsl,1
2012,OH,Preble,0,20169,0,0,6211,13535,20169,medsl,1
2016,OH,Preble,0,20565,0,0,4325,15446,20565,medsl,1
2020,OH,Preble,0,21809,0,0,4493,17022,21809,medsl,1
2024,OH,Preble,0,21656,0,0,4343,17146,21656,medsl,1
2004,OH,Putnam,0,18849,0,0,4392,14370,18849,medsl,1
2008,OH,Putnam,0,18680,0,0,5281,13072,18680,medsl,1
2012,OH,Putnam,0,18372,0,0,4318,13721,18372,medsl,1
2016,OH,Putnam,0,18767,0,0,2922,14961,18767,medsl,1
2020,OH,Putnam,0,19921,0,0,3195,16412,19921,medsl,1
2024,OH,Putnam,0,19758,0,0,2996,16576,19758,medsl,1
2004,OH,Richland,0,61867,0,0,24645,36892,61867,medsl,1
2008,OH,Richland,0,61122,0,0,25727,34034,61122,medsl,1
2012,OH,Richland,0,57715,0,0,22687,33867,57715,medsl,1
2016,OH,Richland,0,55214,0,0,16085,36590,55214,medsl,1
2020,OH,Richland,0,59975,0,0,17640,41472,59975,medsl,1
2024,OH,Richland,0,58362,0,0,16591,41298,58362,medsl,1
2004,OH,Ross,0,31669,0,0,13977,17229,31669,medsl,1
2008,OH,Ross,0,31840,0,0,14455,16759,31840,medsl,1
2012,OH,Ross,0,30083,0,0,14569,15008,30083,medsl,1
2016,OH,Ross,0,30380,0,0,10356,18652,30380,medsl,1
2020,OH,Ross,0,33299,0,0,10557,22278,33299,medsl,1
2024,OH,Ross,0,32932,0,0,9846,22801,32932,medsl,1
2004,OH,Sandusky,0,28955,0,0,12653,16198,28955,medsl,1
2008,OH,Sandusky,0,30373,0,0,15601,14190,30373,medsl,1
2012,OH,Sandusky,0,28994,0,0,14541,13755,28994,medsl,1
2016,OH,Sandusky,0,28044,0,0,9929,16316,28044,medsl,1
2020,OH,Sandusky,0,30074,0,0,10596,18896,30074,medsl,1
2024,OH,Sandusky,0,29716,0,0,10139,19311,29716,medsl,1
2004,OH,Scioto,0,35197,0,0,16823,18257,35197,medsl,1
2008,OH,Scioto,0,32571,0,0,14926,16994,32571,medsl,1
2012,OH,Scioto,0,31161,0,0,15077,15492,31161,medsl,1
2016,OH,Scioto,0,30784,0,0,9132,20550,30784,medsl,1
2020,OH,Scioto,0,32047,0,0,9080,22609,32047,medsl,1
2024,OH,Scioto,0,31180,0,0,8021,22978,31180,medsl,1
2004,OH,Seneca,0,26991,0,0,10958,15885,26991,medsl,1
2008,OH,Seneca,0,27449,0,0,13087,13823,27449,medsl,1
2012,OH,Seneca,0,25262,0,0,11353,13243,25262,medsl,1
2016,OH,Seneca,0,23987,0,0,7404,14825,23987,medsl,1
2020,OH,Seneca,0,25810,0,0,8266,17086,25810,medsl,1
2024,OH,Seneca,0,25263,0,0,7765,17241,25263,medsl,1
2004,OH,Shelby,0,22854,0,0,6534,16204,22854,medsl,1
2008,OH,Shelby,0,23668,0,0,7317,15924,23668,medsl,1
2012,OH,Shelby,0,23866,0,0,6343,17142,23866,medsl,1
2016,OH,Shelby,0,23740,0,0,4243,18590,23740,medsl,1
2020,OH,Shelby,0,25258,0,0,4465,20422,25258,medsl,1
2024,OH,Shelby,0,25288,0,0,4350,20740,25288,medsl,1
2004,OH,Stark,0,188456,0,0,95338,92211,188456,medsl,1
2008,OH,Stark,0,187545,0,0,96990,86743,187545,medsl,1
2012,OH,Stark,0,181477,0,0,89432,88581,181477,medsl,1
2016,OH,Stark,0,175239,0,0,68146,98388,175239,medsl,1
2020,OH,Stark,0,189879,0,0,75904,111097,189879,medsl,1
2024,OH,Stark,0,184193,0,0,71090,111478,184193,medsl,1
2004,OH,Summit,0,276304,0,0,156578,118553,276304,medsl,1
2008,OH,Summit,0,269059,0,0,155105,110499,269059,medsl,1
2012,OH,Summit,0,267711,0,0,153037,111000,267711,medsl,1
2016,OH,Summit,0,257979,0,0,134256,112026,257979,medsl,1
2020,OH,Summit,0,280473,0,0,151668,124833,280473,medsl,1
2024,OH,Summit,0,273571,0,0,145005,125910,273571,medsl,1
2004,OH,Trumbull,0,108144,0,0,66673,40976,108144,medsl,1
2008,OH,Trumbull,0,106888,0,0,64145,40164,106888,medsl,1
2012,OH,Trumbull,0,101719,0,0,61672,38279,101719,medsl,1
2016,OH,Trumbull,0,96029,0,0,43014,49024,96029,medsl,1
2020,OH,Trumbull,0,101001,0,0,44519,55194,101001,medsl,1
2024,OH,Trumbull,0,96532,0,0,39758,55983,96532,medsl,1
2004,OH,Tuscarawas,0,42904,0,0,18854,23825,42904,medsl,1
2008,OH,Tuscarawas,0,42950,0,0,21498,20454,42950,medsl,1
2012,OH,Tuscarawas,0,41613,0,0,18407,22242,41613,medsl,1
2016,OH,Tuscarawas,0,41289,0,0,12188,26918,41289,medsl,1
2020,OH,Tuscarawas,0,44015,0,0,12889,30458,44015,medsl,1
2024,OH,Tuscarawas,0,43023,0,0,12032,30652,43023,medsl,1
2004,OH,Union,0,22630,0,0,6665,15869,22630,medsl,0
2008,OH,Union,0,24928,0,0,8761,15744,24928,medsl,0
2012,OH,Union,0,25567,0,0,8805,16289,25567,medsl,0
2016,OH,Union,0,27429,0,0,7718,18096,27429,medsl,0
2020,OH,Union,0,33445,0,0,11141,21669,33445,medsl,0
2024,OH,Union,0,37301,0,0,12934,23982,37301,medsl,0
2004,OH,Van Wert,0,14826,0,0,4094,10678,14826,medsl,1
2008,OH,Van Wert,0,14652,0,0,5178,9168,14652,medsl,1
2012,OH,Van Wert,0,13866,0,0,4029,9585,13866,medsl,1
2016,OH,Van Wert,0,13770,0,0,2697,10469,13770,medsl,1
2020,OH,Van Wert,0,14965,0,0,3067,11650,14965,medsl,1
2024,OH,Van Wert,0,14729,0,0,3000,11616,14729,medsl,1
2004,OH,Vinton,0,5930,0,0,2651,3251,5930,medsl,1
2008,OH,Vinton,0,5646,0,0,2463,3021,5646,medsl,1
2012,OH,Vinton,0,5467,0,0,2436,2856,5467,medsl,1
2016,OH,Vinton,0,5502,0,0,1351,3883,5502,medsl,1
2020,OH,Vinton,0,6030,0,0,1331,4632,6030,medsl,1
2024,OH,Vinton,0,5738,0,0,1169,4531,5738,medsl,1
2004,OH,Warren,0,94419,0,0,26043,68035,94419,medsl,0
2008,OH,Warren,0,106216,0,0,33398,71691,106216,medsl,0
2012,OH,Warren,0,111004,0,0,32909,76561,111004,medsl,0
2016,OH,Warren,0,117267,0,0,33730,77643,117267,medsl,0
2020,OH,Warren,0,136100,0,0,46069,87988,136100,medsl,0
2024,OH,Warren,0,139619,0,0,47128,91132,139619,medsl,0
2004,OH,Washington,0,30101,0,0,12475,17480,30101,medsl,1
2008,OH,Washington,0,29932,0,0,12368,17019,29932,medsl,1
2012,OH,Washington,0,29499,0,0,11651,17284,29499,medsl,1
2016,OH,Washington,0,29840,0,0,8026,20514,29840,medsl,1
2020,OH,Washington,0,32031,0,0,9243,22307,32031,medsl,1
2024,OH,Washington,0,31000,0,0,8600,22161,31000,medsl,1
2004,OH,Wayne,0,51848,0,0,19786,31879,51848,medsl,1
2008,OH,Wayne,0,52142,0,0,21712,29342,52142,medsl,1
2012,OH,Wayne,0,51064,0,0,19808,30251,51064,medsl,1
2016,OH,Wayne,0,49853,0,0,15031,32270,49853,medsl,1
2020,OH,Wayne,0,54283,0,0,16660,36759,54283,medsl,1
2024,OH,Wayne,0,53150,0,0,15898,36764,53150,medsl,1
2004,OH,Williams,0,18639,0,0,6481,12040,18639,medsl,1
2008,OH,Williams,0,18397,0,0,8174,9880,18397,medsl,1
2012,OH,Williams,0,17706,0,0,7266,10047,17706,medsl,1
2016,OH,Williams,0,17308,0,0,4358,11939,17308,medsl,1
2020,OH,Williams,0,18651,0,0,4842,13452,18651,medsl,1
2024,OH,Williams,0,18275,0,0,4644,13461,18275,medsl,1
2004,OH,Wood,0,63346,0,0,29401,33592,63346,medsl,1
2008,OH,Wood,0,65023,0,0,34285,29648,65023,medsl,1
2012,OH,Wood,0,63948,0,0,32802,29704,63948,medsl,1
2016,OH,Wood,0,64341,0,0,27318,32498,64341,medsl,1
2020,OH,Wood,0,67597,0,0,30617,35757,67597,medsl,1
2024,OH,Wood,0,67586,0,0,30016,36877,67586,medsl,1
2004,OH,Wyandot,0,11044,0,0,3707,7256,11044,medsl,1
2008,OH,Wyandot,0,10977,0,0,4461,6270,10977,medsl,1
2012,OH,Wyandot,0,10572,0,0,4137,6180,10572,medsl,1
2016,OH,Wyandot,0,10592,0,0,2515,7468,10592,medsl,1
2020,OH,Wyandot,0,11390,0,0,2733,8462,11390,medsl,1
2024,OH,Wyandot,0,11390,0,0,2731,8564,11390,medsl,1
2004,OK,Adair,0,7533,0,0,2562,4971,7533,medsl,1
2008,OK,Adair,0,6690,0,0,2052,4638,6690,medsl,1
2012,OK,Adair,0,6508,0,0,2127,4381,6508,medsl,1
2016,OK,Adair,0,6513,0,0,1382,4787,6513,medsl,1
2020,OK,Adair,0,7108,0,0,1387,5585,7108,medsl,1
2024,OK,Adair,0,7256,0,0,1289,5860,7256,medsl,1
2004,OK,Alfalfa,0,2671,0,0,470,2201,2671,medsl,1
2008,OK,Alfalfa,0,2434,0,0,411,2023,2434,medsl,1
2012,OK,Alfalfa,0,2083,0,0,322,1761,2083,medsl,1
2016,OK,Alfalfa,0,2258,0,0,216,1933,2258,medsl,1
2020,OK,Alfalfa,0,2262,0,0,232,1978,2262,medsl,1
2024,OK,Alfalfa,0,2160,0,0,236,1891,2160,medsl,1
2004,OK,Atoka,0,5088,0,0,1946,3142,5088,medsl,0
2008,OK,Atoka,0,4881,0,0,1370,3511,4881,medsl,0
2012,OK,Atoka,0,4781,0,0,1243,3538,4781,medsl,0
2016,OK,Atoka,0,5018,0,0,795,4084,5018,medsl,0
2020,OK,Atoka,0,5389,0,0,765,4557,5389,medsl,0
2024,OK,Atoka,0,5662,0,0,779,4832,5662,medsl,0
2004,OK,Beaver,0,2569,0,0,297,2272,2569,medsl,1
2008,OK,Beaver,0,2464,0,0,265,2199,2464,medsl,1
2012,OK,Beaver,0,2306,0,0,244,2062,2306,medsl,1
2016,OK,Beaver,0,2243,0,0,176,1993,2243,medsl,1
2020,OK,Beaver,0,2178,0,0,190,1968,2178,medsl,1
2024,OK,Beaver,0,2124,0,0,158,1938,2124,medsl,1
2004,OK,Beckham,0,7385,0,0,1931,5454,7385,medsl,1
2008,OK,Beckham,0,7397,0,0,1625,5772,7397,medsl,1
2012,OK,Beckham,0,6925,0,0,1417,5508,6925,medsl,1
2016,OK,Beckham,0,7552,0,0,960,6308,7552,medsl,1
2020,OK,Beckham,0,7948,0,0,1048,6767,7948,medsl,1
2024,OK,Beckham,0,7678,0,0,1093,6474,7678,medsl,1
2004,OK,Blaine,0,4421,0,0,1222,3199,4421,medsl,1
2008,OK,Blaine,0,4112,0,0,1011,3101,4112,medsl,1
2012,OK,Blaine,0,3816,0,0,992,2824,3816,medsl,1
2016,OK,Blaine,0,3793,0,0,711,2884,3793,medsl,1
2020,OK,Blaine,0,3901,0,0,688,3136,3901,medsl,1
2024,OK,Blaine,0,3786,0,0,671,3054,3786,medsl,1
2004,OK,Bryan,0,14360,0,0,5745,8615,14360,medsl,0
2008,OK,Bryan,0,13733,0,0,4426,9307,13733,medsl,0
2012,OK,Bryan,0,13201,0,0,3681,9520,13201,medsl,0
2016,OK,Bryan,0,13818,0,0,2804,10478,13818,medsl,0
2020,OK,Bryan,0,15976,0,0,3323,12344,15976,medsl,0
2024,OK,Bryan,0,17812,0,0,3569,13999,17812,medsl,0
2004,OK,Caddo,0,10407,0,0,3916,6491,10407,medsl,1
2008,OK,Caddo,0,9817,0,0,3404,6413,9817,medsl,1
2012,OK,Caddo,0,8851,0,0,3164,5687,8851,medsl,1
2016,OK,Caddo,0,9348,0,0,2420,6482,9348,medsl,1
2020,OK,Caddo,0,9859,0,0,2670,7013,9859,medsl,1
2024,OK,Caddo,0,9496,0,0,2414,6886,9496,medsl,1
2004,OK,Canadian,0,43009,0,0,9712,33297,43009,medsl,0
2008,OK,Canadian,0,47854,0,0,11426,36428,47854,medsl,0
2012,OK,Canadian,0,46162,0,0,10537,35625,46162,medsl,0
2016,OK,Canadian,0,55278,0,0,11674,39986,55278,medsl,0
2020,OK,Canadian,0,61940,0,0,16742,43550,61940,medsl,0
2024,OK,Canadian,0,73074,0,0,21038,50551,73074,medsl,0
2004,OK,Carter,0,18644,0,0,6466,12178,18644,medsl,1
2008,OK,Carter,0,18844,0,0,5603,13241,18844,medsl,1
2012,OK,Carter,0,17122,0,0,4908,12214,17122,medsl,1
2016,OK,Carter,0,18534,0,0,4002,13752,18534,medsl,1
2020,OK,Carter,0,19479,0,0,4470,14699,19479,medsl,1
2024,OK,Carter,0,19488,0,0,4277,14945,19488,medsl,1
2004,OK,Cherokee,0,18192,0,0,8623,9569,18192,medsl,1
2008,OK,Cherokee,0,16380,0,0,7194,9186,16380,medsl,1
2012,OK,Cherokee,0,14306,0,0,6144,8162,14306,medsl,1
2016,OK,Cherokee,0,16490,0,0,5456,9994,16490,medsl,1
2020,OK,Cherokee,0,17714,0,0,6027,11223,17714,medsl,1
2024,OK,Cherokee,0,17823,0,0,5826,11637,17823,medsl,1
2004,OK,Choctaw,0,5807,0,0,2639,3168,5807,medsl,1
2008,OK,Choctaw,0,5590,0,0,1860,3730,5590,medsl,1
2012,OK,Choctaw,0,5066,0,0,1494,3572,5066,medsl,1
2016,OK,Choctaw,0,5426,0,0,1067,4206,5426,medsl,1
2020,OK,Choctaw,0,5832,0,0,1082,4698,5832,medsl,1
2024,OK,Choctaw,0,5639,0,0,944,4633,5639,medsl,1
2004,OK,Cimarron,0,1426,0,0,184,1242,1426,medsl,1
2008,OK,Cimarron,0,1271,0,0,152,1119,1271,medsl,1
2012,OK,Cimarron,0,1197,0,0,115,1082,1197,medsl,1
2016,OK,Cimarron,0,1079,0,0,71,963,1079,medsl,1
2020,OK,Cimarron,0,1054,0,0,70,970,1054,medsl,1
2024,OK,Cimarron,0,935,0,0,66,860,935,medsl,1
2004,OK,Cleveland,0,99727,0,0,34007,65720,99727,medsl,1
2008,OK,Cleveland,0,104430,0,0,39681,64749,104430,medsl,1
2012,OK,Cleveland,0,93887,0,0,34771,59116,93887,medsl,1
2016,OK,Cleveland,0,109450,0,0,38829,62538,109450,medsl,1
2020,OK,Cleveland,0,119778,0,0,49827,66677,119778,medsl,1
2024,OK,Cleveland,0,119294,0,0,49432,67225,119294,medsl,1
2004,OK,Coal,0,2599,0,0,1203,1396,2599,medsl,0
2008,OK,Coal,0,2272,0,0,600,1672,2272,medsl,0
2012,OK,Coal,0,2359,0,0,649,1710,2359,medsl,0
2016,OK,Coal,0,2399,0,0,411,1898,2399,medsl,0
2020,OK,Coal,0,2524,0,0,374,2091,2524,medsl,0
2024,OK,Coal,0,2538,0,0,345,2155,2538,medsl,0
2004,OK,Comanche,0,33192,0,0,12022,21170,33192,medsl,1
2008,OK,Comanche,0,34247,0,0,14120,20127,34247,medsl,1
2012,OK,Comanche,0,30185,0,0,12521,17664,30185,medsl,1
2016,OK,Comanche,0,32564,0,0,11463,19183,32564,medsl,1
2020,OK,Comanche,0,35631,0,0,13747,20905,35631,medsl,1
2024,OK,Comanche,0,34284,0,0,12823,20823,34284,medsl,1
2004,OK,Cotton,0,2640,0,0,898,1742,2640,medsl,1
2008,OK,Cotton,0,2483,0,0,690,1793,2483,medsl,1
2012,OK,Cotton,0,2453,0,0,657,1796,2453,medsl,1
2016,OK,Cotton,0,2602,0,0,424,2054,2602,medsl,1
2020,OK,Cotton,0,2572,0,0,393,2117,2572,medsl,1
2024,OK,Cotton,0,2506,0,0,392,2067,2506,medsl,1
2004,OK,Craig,0,6398,0,0,2504,3894,6398,medsl,0
2008,OK,Craig,0,5931,0,0,2073,3858,5931,medsl,0
2012,OK,Craig,0,5306,0,0,1747,3559,5306,medsl,0
2016,OK,Craig,0,5785,0,0,1252,4283,5785,medsl,0
2020,OK,Craig,0,6032,0,0,1217,4686,6032,medsl,0
2024,OK,Craig,0,6056,0,0,1212,4740,6056,medsl,0
2004,OK,Creek,0,28777,0,0,9929,18848,28777,medsl,0
2008,OK,Creek,0,28505,0,0,8318,20187,28505,medsl,0
2012,OK,Creek,0,26114,0,0,7128,18986,26114,medsl,0
2016,OK,Creek,0,28830,0,0,5841,21575,28830,medsl,0
2020,OK,Creek,0,30505,0,0,6577,23294,30505,medsl,0
2024,OK,Creek,0,31312,0,0,6643,24098,31312,medsl,0
2004,OK,Custer,0,10640,0,0,2801,7839,10640,medsl,1
2008,OK,Custer,0,10502,0,0,2660,7842,10502,medsl,1
2012,OK,Custer,0,9805,0,0,2359,7446,9805,medsl,1
2016,OK,Custer,0,10541,0,0,2104,7826,10541,medsl,1
2020,OK,Custer,0,10691,0,0,2369,8060,10691,medsl,1
2024,OK,Custer,0,10168,0,0,2279,7693,10168,medsl,1
2004,OK,Delaware,0,15608,0,0,5591,10017,15608,medsl,0
2008,OK,Delaware,0,15362,0,0,5085,10277,15362,medsl,0
2012,OK,Delaware,0,14276,0,0,4196,10080,14276,medsl,0
2016,OK,Delaware,0,15716,0,0,3311,11826,15716,medsl,0
2020,OK,Delaware,0,17245,0,0,3472,13557,17245,medsl,0
2024,OK,Delaware,0,18108,0,0,3475,14407,18108,medsl,0
2004,OK,Dewey,0,2251,0,0,408,1843,2251,medsl,1
2008,OK,Dewey,0,2203,0,0,346,1857,2203,medsl,1
2012,OK,Dewey,0,2093,0,0,301,1792,2093,medsl,1
2016,OK,Dewey,0,2248,0,0,222,1965,2248,medsl,1
2020,OK,Dewey,0,2359,0,0,214,2124,2359,medsl,1
2024,OK,Dewey,0,2215,0,0,209,1984,2215,medsl,1
2004,OK,Ellis,0,2080,0,0,395,1685,2080,medsl,1
2008,OK,Ellis,0,1909,0,0,282,1627,1909,medsl,1
2012,OK,Ellis,0,1801,0,0,226,1575,1801,medsl,1
2016,OK,Ellis,0,1827,0,0,155,1611,1827,medsl,1
2020,OK,Ellis,0,1873,0,0,162,1688,1873,medsl,1
2024,OK,Ellis,0,1812,0,0,197,1585,1812,medsl,1
2004,OK,Garfield,0,23271,0,0,5586,17685,23271,medsl,1
2008,OK,Garfield,0,22612,0,0,5545,17067,22612,medsl,1
2012,OK,Garfield,0,19910,0,0,4733,15177,19910,medsl,1
2016,OK,Garfield,0,21710,0,0,4397,16009,21710,medsl,1
2020,OK,Garfield,0,22430,0,0,4919,16970,22430,medsl,1
2024,OK,Garfield,0,21844,0,0,4849,16593,21844,medsl,1
2004,OK,Garvin,0,11317,0,0,3707,7610,11317,medsl,1
2008,OK,Garvin,0,10738,0,0,3028,7710,10738,medsl,1
2012,OK,Garvin,0,9484,0,0,2559,6925,9484,medsl,1
2016,OK,Garvin,0,10546,0,0,1855,8253,10546,medsl,1
2020,OK,Garvin,0,10922,0,0,1865,8878,10922,medsl,1
2024,OK,Garvin,0,10991,0,0,1802,9063,10991,medsl,1
2004,OK,Grady,0,20106,0,0,5970,14136,20106,medsl,0
2008,OK,Grady,0,20715,0,0,5520,15195,20715,medsl,0
2012,OK,Grady,0,19619,0,0,4786,14833,19619,medsl,0
2016,OK,Grady,0,22286,0,0,3882,17316,22286,medsl,0
2020,OK,Grady,0,23101,0,0,4144,18538,23101,medsl,0
2024,OK,Grady,0,25283,0,0,4536,20378,25283,medsl,0
2004,OK,Grant,0,2521,0,0,571,1950,2521,medsl,0
2008,OK,Grant,0,2350,0,0,514,1836,2350,medsl,0
2012,OK,Grant,0,2068,0,0,393,1675,2068,medsl,0
2016,OK,Grant,0,2201,0,0,288,1827,2201,medsl,0
2020,OK,Grant,0,2226,0,0,280,1916,2226,medsl,0
2024,OK,Grant,0,2125,0,0,295,1794,2125,medsl,0
2004,OK,Greer,0,2248,0,0,719,1529,2248,medsl,1
2008,OK,Greer,0,2114,0,0,566,1548,2114,medsl,1
2012,OK,Greer,0,1832,0,0,488,1344,1832,medsl,1
2016,OK,Greer,0,1896,0,0,323,1482,1896,medsl,1
2020,OK,Greer,0,1973,0,0,328,1605,1973,medsl,1
2024,OK,Greer,0,1836,0,0,304,1511,1836,medsl,1
2004,OK,Harmon,0,1192,0,0,354,838,1192,medsl,1
2008,OK,Harmon,0,1090,0,0,333,757,1090,medsl,1
2012,OK,Harmon,0,923,0,0,264,659,923,medsl,1
2016,OK,Harmon,0,977,0,0,225,715,977,medsl,1
2020,OK,Harmon,0,933,0,0,177,747,933,medsl,1
2024,OK,Harmon,0,882,0,0,165,709,882,medsl,1
2004,OK,Harper,0,1665,0,0,268,1397,1665,medsl,1
2008,OK,Harper,0,1563,0,0,221,1342,1563,medsl,1
2012,OK,Harper,0,1434,0,0,173,1261,1434,medsl,1
2016,OK,Harper,0,1499,0,0,134,1318,1499,medsl,1
2020,OK,Harper,0,1487,0,0,136,1327,1487,medsl,1
2024,OK,Harper,0,1451,0,0,147,1284,1451,medsl,1
2004,OK,Haskell,0,5324,0,0,2378,2946,5324,medsl,1
2008,OK,Haskell,0,4681,0,0,1474,3207,4681,medsl,1
2012,OK,Haskell,0,4244,0,0,1175,3069,4244,medsl,1
2016,OK,Haskell,0,4738,0,0,882,3701,4738,medsl,1
2020,OK,Haskell,0,5014,0,0,783,4165,5014,medsl,1
2024,OK,Haskell,0,4936,0,0,718,4156,4936,medsl,1
2004,OK,Hughes,0,5349,0,0,2283,3066,5349,medsl,1
2008,OK,Hughes,0,4843,0,0,1709,3134,4843,medsl,1
2012,OK,Hughes,0,4208,0,0,1370,2838,4208,medsl,1
2016,OK,Hughes,0,4526,0,0,961,3388,4526,medsl,1
2020,OK,Hughes,0,4857,0,0,919,3875,4857,medsl,1
2024,OK,Hughes,0,4659,0,0,831,3744,4659,medsl,1
2004,OK,Jackson,0,9256,0,0,2232,7024,9256,medsl,1
2008,OK,Jackson,0,8983,0,0,2264,6719,8983,medsl,1
2012,OK,Jackson,0,7919,0,0,1954,5965,7919,medsl,1
2016,OK,Jackson,0,7806,0,0,1473,5969,7806,medsl,1
2020,OK,Jackson,0,8221,0,0,1646,6392,8221,medsl,1
2024,OK,Jackson,0,8053,0,0,1602,6295,8053,medsl,1
2004,OK,Jefferson,0,2603,0,0,1057,1546,2603,medsl,0
2008,OK,Jefferson,0,2457,0,0,805,1652,2457,medsl,0
2012,OK,Jefferson,0,2239,0,0,605,1634,2239,medsl,0
2016,OK,Jefferson,0,2350,0,0,365,1910,2350,medsl,0
2020,OK,Jefferson,0,2385,0,0,319,2026,2385,medsl,0
2024,OK,Jefferson,0,2375,0,0,319,2020,2375,medsl,0
2004,OK,Johnston,0,4348,0,0,1713,2635,4348,medsl,1
2008,OK,Johnston,0,3957,0,0,1249,2708,3957,medsl,1
2012,OK,Johnston,0,3786,0,0,1137,2649,3786,medsl,1
2016,OK,Johnston,0,4018,0,0,786,3093,4018,medsl,1
2020,OK,Johnston,0,4251,0,0,738,3441,4251,medsl,1
2024,OK,Johnston,0,4230,0,0,684,3462,4230,medsl,1
2004,OK,Kay,0,20078,0,0,5957,14121,20078,medsl,1
2008,OK,Kay,0,18693,0,0,5463,13230,18693,medsl,1
2012,OK,Kay,0,16126,0,0,4627,11499,16126,medsl,1
2016,OK,Kay,0,16803,0,0,3738,12172,16803,medsl,1
2020,OK,Kay,0,17249,0,0,4040,12834,17249,medsl,1
2024,OK,Kay,0,16913,0,0,4136,12483,16913,medsl,1
2004,OK,Kingfisher,0,6652,0,0,1022,5630,6652,medsl,0
2008,OK,Kingfisher,0,6381,0,0,1009,5372,6381,medsl,0
2012,OK,Kingfisher,0,5768,0,0,898,4870,5768,medsl,0
2016,OK,Kingfisher,0,6131,0,0,786,5156,6131,medsl,0
2020,OK,Kingfisher,0,6465,0,0,854,5521,6465,medsl,0
2024,OK,Kingfisher,0,6754,0,0,923,5745,6754,medsl,0
2004,OK,Kiowa,0,4023,0,0,1413,2610,4023,medsl,1
2008,OK,Kiowa,0,3763,0,0,1226,2537,3763,medsl,1
2012,OK,Kiowa,0,3422,0,0,1106,2316,3422,medsl,1
2016,OK,Kiowa,0,3493,0,0,767,2596,3493,medsl,1
2020,OK,Kiowa,0,3427,0,0,699,2673,3427,medsl,1
2024,OK,Kiowa,0,3278,0,0,658,2569,3278,medsl,1
2004,OK,Latimer,0,4480,0,0,1945,2535,4480,medsl,1
2008,OK,Latimer,0,4173,0,0,1313,2860,4173,medsl,1
2012,OK,Latimer,0,3798,0,0,1170,2628,3798,medsl,1
2016,OK,Latimer,0,4056,0,0,797,3100,4056,medsl,1
2020,OK,Latimer,0,4249,0,0,762,3437,4249,medsl,1
2024,OK,Latimer,0,4079,0,0,681,3356,4079,medsl,1
2004,OK,Le Flore,0,17424,0,0,6741,10683,17424,medsl,1
2008,OK,Le Flore,0,16741,0,0,5136,11605,16741,medsl,1
2012,OK,Le Flore,0,15839,0,0,4662,11177,15839,medsl,1
2016,OK,Le Flore,0,17221,0,0,3250,13362,17221,medsl,1
2020,OK,Le Flore,0,18805,0,0,3299,15213,18805,medsl,1
2024,OK,Le Flore,0,18754,0,0,3184,15333,18754,medsl,1
2004,OK,Lincoln,0,14190,0,0,4041,10149,14190,medsl,0
2008,OK,Lincoln,0,13974,0,0,3504,10470,13974,medsl,0
2012,OK,Lincoln,0,12826,0,0,3273,9553,12826,medsl,0
2016,OK,Lincoln,0,14025,0,0,2430,10854,14025,medsl,0
2020,OK,Lincoln,0,14888,0,0,2609,12013,14888,medsl,0
2024,OK,Lincoln,0,15465,0,0,2712,12495,15465,medsl,0
2004,OK,Logan,0,16343,0,0,4869,11474,16343,medsl,0
2008,OK,Logan,0,18273,0,0,5717,12556,18273,medsl,0
2012,OK,Logan,0,17038,0,0,4724,12314,17038,medsl,0
2016,OK,Logan,0,18979,0,0,4248,13633,18979,medsl,0
2020,OK,Logan,0,21574,0,0,5455,15608,21574,medsl,0
2024,OK,Logan,0,24149,0,0,5901,17748,24149,medsl,0
2004,OK,Love,0,3833,0,0,1538,2295,3833,medsl,0
2008,OK,Love,0,3846,0,0,1257,2589,3846,medsl,0
2012,OK,Love,0,3470,0,0,1034,2436,3470,medsl,0
2016,OK,Love,0,3789,0,0,735,2922,3789,medsl,0
2020,OK,Love,0,4076,0,0,711,3305,4076,medsl,0
2024,OK,Love,0,4260,0,0,689,3510,4260,medsl,0
2004,OK,Major,0,3659,0,0,537,3122,3659,medsl,0
2008,OK,Major,0,3471,0,0,515,2956,3471,medsl,0
2012,OK,Major,0,3146,0,0,446,2700,3146,medsl,0
2016,OK,Major,0,3407,0,0,310,2948,3407,medsl,0
2020,OK,Major,0,3467,0,0,320,3084,3467,medsl,0
2024,OK,Major,0,3478,0,0,327,3087,3478,medsl,0
2004,OK,Marshall,0,5451,0,0,2088,3363,5451,medsl,0
2008,OK,Marshall,0,5373,0,0,1643,3730,5373,medsl,0
2012,OK,Marshall,0,5140,0,0,1396,3744,5140,medsl,0
2016,OK,Marshall,0,5492,0,0,1096,4206,5492,medsl,0
2020,OK,Marshall,0,6064,0,0,1100,4891,6064,medsl,0
2024,OK,Marshall,0,6589,0,0,1169,5348,6589,medsl,0
2004,OK,Mayes,0,16879,0,0,6933,9946,16879,medsl,1
2008,OK,Mayes,0,15983,0,0,5749,10234,15983,medsl,1
2012,OK,Mayes,0,14460,0,0,4823,9637,14460,medsl,1
2016,OK,Mayes,0,15717,0,0,3423,11555,15717,medsl,1
2020,OK,Mayes,0,16626,0,0,3581,12749,16626,medsl,1
2024,OK,Mayes,0,17374,0,0,3529,13514,17374,medsl,1
2004,OK,Mcclain,0,13783,0,0,3742,10041,13783,medsl,0
2008,OK,Mcclain,0,14744,0,0,3551,11193,14744,medsl,0
2012,OK,Mcclain,0,14306,0,0,3194,11112,14306,medsl,0
2016,OK,Mcclain,0,16858,0,0,2894,13169,16858,medsl,0
2020,OK,Mcclain,0,19236,0,0,3582,15295,19236,medsl,0
2024,OK,Mcclain,0,21397,0,0,4031,17005,21397,medsl,0
2004,OK,Mccurtain,0,11156,0,0,3684,7472,11156,medsl,1
2008,OK,Mccurtain,0,10539,0,0,2794,7745,10539,medsl,1
2012,OK,Mccurtain,0,10075,0,0,2440,7635,10075,medsl,1
2016,OK,Mccurtain,0,10726,0,0,1802,8656,10726,medsl,1
2020,OK,Mccurtain,0,11467,0,0,1858,9485,11467,medsl,1
2024,OK,Mccurtain,0,11309,0,0,1696,9485,11309,medsl,1
2004,OK,Mcintosh,0,9180,0,0,4488,4692,9180,medsl,0
2008,OK,Mcintosh,0,8223,0,0,3320,4903,8223,medsl,0
2012,OK,Mcintosh,0,7288,0,0,2779,4509,7288,medsl,0
2016,OK,Mcintosh,0,7963,0,0,2123,5505,7963,medsl,0
2020,OK,Mcintosh,0,8335,0,0,2031,6172,8335,medsl,0
2024,OK,Mcintosh,0,8439,0,0,1937,6387,8439,medsl,0
2004,OK,Murray,0,5795,0,0,2130,3665,5795,medsl,1
2008,OK,Murray,0,5338,0,0,1592,3746,5338,medsl,1
2012,OK,Murray,0,5146,0,0,1540,3606,5146,medsl,1
2016,OK,Murray,0,5528,0,0,1087,4175,5528,medsl,1
2020,OK,Murray,0,5894,0,0,1156,4612,5894,medsl,1
2024,OK,Murray,0,5885,0,0,1080,4689,5885,medsl,1
2004,OK,Muskogee,0,27709,0,0,12585,15124,27709,medsl,1
2008,OK,Muskogee,0,26583,0,0,11294,15289,26583,medsl,1
2012,OK,Muskogee,0,23356,0,0,9952,13404,23356,medsl,1
2016,OK,Muskogee,0,24216,0,0,7977,15043,24216,medsl,1
2020,OK,Muskogee,0,25081,0,0,8027,16526,25081,medsl,1
2024,OK,Muskogee,0,24357,0,0,7400,16550,24357,medsl,1
2004,OK,Noble,0,5328,0,0,1335,3993,5328,medsl,0
2008,OK,Noble,0,5055,0,0,1174,3881,5055,medsl,0
2012,OK,Noble,0,4631,0,0,1143,3488,4631,medsl,0
2016,OK,Noble,0,4878,0,0,901,3715,4878,medsl,0
2020,OK,Noble,0,4938,0,0,1003,3821,4938,medsl,0
2024,OK,Noble,0,4957,0,0,1009,3853,4957,medsl,0
2004,OK,Nowata,0,4465,0,0,1660,2805,4465,medsl,0
2008,OK,Nowata,0,4442,0,0,1411,3031,4442,medsl,0
2012,OK,Nowata,0,4076,0,0,1244,2832,4076,medsl,0
2016,OK,Nowata,0,4237,0,0,742,3321,4237,medsl,0
2020,OK,Nowata,0,4391,0,0,712,3610,4391,medsl,0
2024,OK,Nowata,0,4561,0,0,720,3774,4561,medsl,0
2004,OK,Okfuskee,0,4285,0,0,1743,2542,4285,medsl,1
2008,OK,Okfuskee,0,4123,0,0,1480,2643,4123,medsl,1
2012,OK,Okfuskee,0,3591,0,0,1256,2335,3591,medsl,1
2016,OK,Okfuskee,0,3943,0,0,943,2800,3943,medsl,1
2020,OK,Okfuskee,0,4038,0,0,896,3058,4038,medsl,1
2024,OK,Okfuskee,0,3988,0,0,854,3080,3988,medsl,1
2004,OK,Oklahoma,0,272039,0,0,97298,174741,272039,medsl,1
2008,OK,Oklahoma,0,279354,0,0,116182,163172,279354,medsl,1
2012,OK,Oklahoma,0,256710,0,0,106982,149728,256710,medsl,1
2016,OK,Oklahoma,0,273942,0,0,112813,141569,273942,medsl,1
2020,OK,Oklahoma,0,294740,0,0,141724,145050,294740,medsl,1
2024,OK,Oklahoma,0,288923,0,0,138769,143618,288923,medsl,1
2004,OK,Okmulgee,0,15730,0,0,7367,8363,15730,medsl,0
2008,OK,Okmulgee,0,14918,0,0,6191,8727,14918,medsl,0
2012,OK,Okmulgee,0,13163,0,0,5432,7731,13163,medsl,0
2016,OK,Okmulgee,0,13949,0,0,4385,8944,13949,medsl,0
2020,OK,Okmulgee,0,14313,0,0,4357,9668,14313,medsl,0
2024,OK,Okmulgee,0,14349,0,0,3979,10100,14349,medsl,0
2004,OK,Osage,0,19535,0,0,8068,11467,19535,medsl,1
2008,OK,Osage,0,19658,0,0,7498,12160,19658,medsl,1
2012,OK,Osage,0,17946,0,0,6704,11242,17946,medsl,1
2016,OK,Osage,0,18966,0,0,5597,12577,18966,medsl,1
2020,OK,Osage,0,20538,0,0,6002,14121,20538,medsl,1
2024,OK,Osage,0,20628,0,0,5867,14404,20628,medsl,1
2004,OK,Ottawa,0,12529,0,0,5086,7443,12529,medsl,1
2008,OK,Ottawa,0,11173,0,0,4268,6905,11173,medsl,1
2012,OK,Ottawa,0,9975,0,0,3509,6466,9975,medsl,1
2016,OK,Ottawa,0,10690,0,0,2584,7631,10690,medsl,1
2020,OK,Ottawa,0,11438,0,0,2686,8545,11438,medsl,1
2024,OK,Ottawa,0,11178,0,0,2511,8490,11178,medsl,1
2004,OK,Pawnee,0,6976,0,0,2564,4412,6976,medsl,1
2008,OK,Pawnee,0,6596,0,0,2063,4533,6596,medsl,1
2012,OK,Pawnee,0,6045,0,0,1813,4232,6045,medsl,1
2016,OK,Pawnee,0,6364,0,0,1344,4729,6364,medsl,1
2020,OK,Pawnee,0,6786,0,0,1363,5267,6786,medsl,1
2024,OK,Pawnee,0,6880,0,0,1355,5405,6880,medsl,1
2004,OK,Payne,0,29661,0,0,10101,19560,29661,medsl,1
2008,OK,Payne,0,29036,0,0,10601,18435,29036,medsl,1
2012,OK,Payne,0,25679,0,0,9198,16481,25679,medsl,1
2016,OK,Payne,0,27760,0,0,8788,16651,27760,medsl,1
2020,OK,Payne,0,29643,0,0,10904,17813,29643,medsl,1
2024,OK,Payne,0,29279,0,0,10560,17962,29279,medsl,1
2004,OK,Pittsburg,0,18586,0,0,7452,11134,18586,medsl,1
2008,OK,Pittsburg,0,17209,0,0,5457,11752,17209,medsl,1
2012,OK,Pittsburg,0,15672,0,0,4831,10841,15672,medsl,1
2016,OK,Pittsburg,0,17271,0,0,3711,12753,17271,medsl,1
2020,OK,Pittsburg,0,17924,0,0,3768,13851,17924,medsl,1
2024,OK,Pittsburg,0,17572,0,0,3473,13841,17572,medsl,1
2004,OK,Pontotoc,0,14812,0,0,5165,9647,14812,medsl,1
2008,OK,Pontotoc,0,14262,0,0,4512,9750,14262,medsl,1
2012,OK,Pontotoc,0,12892,0,0,3947,8945,12892,medsl,1
2016,OK,Pontotoc,0,14831,0,0,3637,10431,14831,medsl,1
2020,OK,Pontotoc,0,15320,0,0,4117,10805,15320,medsl,1
2024,OK,Pontotoc,0,15174,0,0,3895,10967,15174,medsl,1
2004,OK,Pottawatomie,0,25853,0,0,8638,17215,25853,medsl,1
2008,OK,Pottawatomie,0,25663,0,0,7910,17753,25663,medsl,1
2012,OK,Pottawatomie,0,23438,0,0,7188,16250,23438,medsl,1
2016,OK,Pottawatomie,0,25452,0,0,6015,17848,25452,medsl,1
2020,OK,Pottawatomie,0,28185,0,0,7275,20240,28185,medsl,1
2024,OK,Pottawatomie,0,28774,0,0,7266,20915,28774,medsl,1
2004,OK,Pushmataha,0,4797,0,0,1934,2863,4797,medsl,1
2008,OK,Pushmataha,0,4473,0,0,1265,3208,4473,medsl,1
2012,OK,Pushmataha,0,4130,0,0,1043,3087,4130,medsl,1
2016,OK,Pushmataha,0,4483,0,0,748,3581,4483,medsl,1
2020,OK,Pushmataha,0,4739,0,0,668,4016,4739,medsl,1
2024,OK,Pushmataha,0,4702,0,0,616,4025,4702,medsl,1
2004,OK,Roger Mills,0,1770,0,0,382,1388,1770,medsl,1
2008,OK,Roger Mills,0,1789,0,0,287,1502,1789,medsl,1
2012,OK,Roger Mills,0,1674,0,0,272,1402,1674,medsl,1
2016,OK,Roger Mills,0,1759,0,0,151,1547,1759,medsl,1
2020,OK,Roger Mills,0,1834,0,0,168,1629,1834,medsl,1
2024,OK,Roger Mills,0,1733,0,0,160,1548,1733,medsl,1
2004,OK,Rogers,0,36894,0,0,11918,24976,36894,medsl,0
2008,OK,Rogers,0,38515,0,0,10772,27743,38515,medsl,0
2012,OK,Rogers,0,36701,0,0,9148,27553,36701,medsl,0
2016,OK,Rogers,0,40862,0,0,7902,30913,40862,medsl,0
2020,OK,Rogers,0,44553,0,0,9589,34031,44553,medsl,0
2024,OK,Rogers,0,46902,0,0,10146,35942,46902,medsl,0
2004,OK,Seminole,0,9272,0,0,3648,5624,9272,medsl,1
2008,OK,Seminole,0,8577,0,0,2977,5600,8577,medsl,1
2012,OK,Seminole,0,7456,0,0,2600,4856,7456,medsl,1
2016,OK,Seminole,0,8037,0,0,2071,5613,8037,medsl,1
2020,OK,Seminole,0,8337,0,0,2150,6011,8337,medsl,1
2024,OK,Seminole,0,8044,0,0,1951,5951,8044,medsl,1
2004,OK,Sequoyah,0,14775,0,0,5910,8865,14775,medsl,0
2008,OK,Sequoyah,0,13920,0,0,4454,9466,13920,medsl,0
2012,OK,Sequoyah,0,13771,0,0,4193,9578,13771,medsl,0
2016,OK,Sequoyah,0,14437,0,0,3061,10888,14437,medsl,0
2020,OK,Sequoyah,0,15386,0,0,3035,12113,15386,medsl,0
2024,OK,Sequoyah,0,15583,0,0,2907,12491,15583,medsl,0
2004,OK,Stephens,0,19161,0,0,5515,13646,19161,medsl,1
2008,OK,Stephens,0,18932,0,0,4538,14394,18932,medsl,1
2012,OK,Stephens,0,16847,0,0,3939,12908,16847,medsl,1
2016,OK,Stephens,0,17904,0,0,3086,14182,17904,medsl,1
2020,OK,Stephens,0,19057,0,0,3154,15560,19057,medsl,1
2024,OK,Stephens,0,18620,0,0,3236,15092,18620,medsl,1
2004,OK,Texas,0,6466,0,0,1016,5450,6466,medsl,1
2008,OK,Texas,0,6259,0,0,923,5336,6259,medsl,1
2012,OK,Texas,0,5792,0,0,862,4930,5792,medsl,1
2016,OK,Texas,0,5780,0,0,858,4621,5780,medsl,1
2020,OK,Texas,0,5521,0,0,894,4505,5521,medsl,1
2024,OK,Texas,0,5206,0,0,793,4319,5206,medsl,1
2004,OK,Tillman,0,3448,0,0,1175,2273,3448,medsl,1
2008,OK,Tillman,0,3237,0,0,1042,2195,3237,medsl,1
2012,OK,Tillman,0,2721,0,0,906,1815,2721,medsl,1
2016,OK,Tillman,0,2706,0,0,657,1944,2706,medsl,1
2020,OK,Tillman,0,2708,0,0,597,2076,2708,medsl,1
2024,OK,Tillman,0,2533,0,0,500,2006,2533,medsl,1
2004,OK,Tulsa,0,253672,0,0,90220,163452,253672,medsl,1
2008,OK,Tulsa,0,254496,0,0,96133,158363,254496,medsl,1
2012,OK,Tulsa,0,227806,0,0,82744,145062,227806,medsl,1
2016,OK,Tulsa,0,247054,0,0,87847,144258,247054,medsl,1
2020,OK,Tulsa,0,266678,0,0,108996,150574,266678,medsl,1
2024,OK,Tulsa,0,256939,0,0,106105,145241,256939,medsl,1
2004,OK,Wagoner,0,28238,0,0,9157,19081,28238,medsl,0
2008,OK,Wagoner,0,30251,0,0,8810,21441,30251,medsl,0
2012,OK,Wagoner,0,28691,0,0,7791,20900,28691,medsl,0
2016,OK,Wagoner,0,31300,0,0,6723,23005,31300,medsl,0
2020,OK,Wagoner,0,35338,0,0,8464,26165,35338,medsl,0
2024,OK,Wagoner,0,38501,0,0,9330,28487,38501,medsl,0
2004,OK,Washington,0,23413,0,0,6862,16551,23413,medsl,1
2008,OK,Washington,0,22765,0,0,6308,16457,22765,medsl,1
2012,OK,Washington,0,21200,0,0,5532,15668,21200,medsl,1
2016,OK,Washington,0,22224,0,0,5048,15825,22224,medsl,1
2020,OK,Washington,0,23501,0,0,5790,17076,23501,medsl,1
2024,OK,Washington,0,23174,0,0,5793,16836,23174,medsl,1
2004,OK,Washita,0,5045,0,0,1340,3705,5045,medsl,1
2008,OK,Washita,0,4776,0,0,1052,3724,4776,medsl,1
2012,OK,Washita,0,4316,0,0,822,3494,4316,medsl,1
2016,OK,Washita,0,4631,0,0,588,3854,4631,medsl,1
2020,OK,Washita,0,4777,0,0,598,4086,4777,medsl,1
2024,OK,Washita,0,4652,0,0,551,4030,4652,medsl,1
2004,OK,Woods,0,4098,0,0,932,3166,4098,medsl,1
2008,OK,Woods,0,3916,0,0,873,3043,3916,medsl,1
2012,OK,Woods,0,3398,0,0,671,2727,3398,medsl,1
2016,OK,Woods,0,3668,0,0,522,2947,3668,medsl,1
2020,OK,Woods,0,3678,0,0,591,2993,3678,medsl,1
2024,OK,Woods,0,3638,0,0,614,2955,3638,medsl,1
2004,OK,Woodward,0,7651,0,0,1458,6193,7651,medsl,1
2008,OK,Woodward,0,7754,0,0,1350,6404,7754,medsl,1
2012,OK,Woodward,0,7078,0,0,1133,5945,7078,medsl,1
2016,OK,Woodward,0,7595,0,0,873,6347,7595,medsl,1
2020,OK,Woodward,0,7785,0,0,1005,6611,7785,medsl,1
2024,OK,Woodward,0,7312,0,0,967,6231,7312,medsl,1
2004,OR,Baker,0,9034,0,0,2616,6253,9034,medsl,1
2008,OR,Baker,0,8777,0,0,2805,5650,8777,medsl,1
2012,OR,Baker,0,8448,0,0,2369,5702,8448,medsl,1
2016,OR,Baker,0,8779,0,0,1797,6218,8779,medsl,1
2020,OR,Baker,0,9932,0,0,2346,7352,9932,medsl,1
2024,OR,Baker,0,9694,0,0,2343,7060,9694,medsl,1
2004,OR,Benton,0,45735,0,0,26515,18460,45735,medsl,1
2008,OR,Benton,0,46478,0,0,29901,15264,46478,medsl,1
2012,OR,Benton,0,44802,0,0,27776,14991,44802,medsl,1
2016,OR,Benton,0,48753,0,0,29193,13445,48753,medsl,1
2020,OR,Benton,0,52799,0,0,35827,14878,52799,medsl,1
2024,OR,Benton,0,50232,0,0,33909,14187,50232,medsl,1
2004,OR,Clackamas,0,195000,0,0,95129,97691,195000,medsl,1
2008,OR,Clackamas,0,191878,0,0,103476,83595,191878,medsl,1
2012,OR,Clackamas,0,189332,0,0,95493,88592,189332,medsl,1
2016,OR,Clackamas,0,214039,0,0,102095,88392,214039,medsl,1
2020,OR,Clackamas,0,257679,0,0,139043,110509,257679,medsl,1
2024,OR,Clackamas,0,246240,0,0,130580,106387,246240,medsl,1
2004,OR,Clatsop,0,19309,0,0,10461,8503,19309,medsl,1
2008,OR,Clatsop,0,18548,0,0,10701,7192,18548,medsl,1
2012,OR,Clatsop,0,17818,0,0,9861,7249,17818,medsl,1
2016,OR,Clatsop,0,19664,0,0,9252,8138,19664,medsl,1
2020,OR,Clatsop,0,23910,0,0,12916,10218,23910,medsl,1
2024,OR,Clatsop,0,23290,0,0,12533,9913,23290,medsl,1
2004,OR,Columbia,0,24917,0,0,12563,11868,24917,medsl,1
2008,OR,Columbia,0,24768,0,0,13390,10413,24768,medsl,1
2012,OR,Columbia,0,23875,0,0,12004,10772,23875,medsl,1
2016,OR,Columbia,0,26618,0,0,10167,13217,26618,medsl,1
2020,OR,Columbia,0,32221,0,0,13835,17150,32221,medsl,1
2024,OR,Columbia,0,31334,0,0,12895,17227,31334,medsl,1
2004,OR,Coos,0,33362,0,0,14393,18291,33362,medsl,1
2008,OR,Coos,0,30951,0,0,14401,15354,30951,medsl,1
2012,OR,Coos,0,28686,0,0,12845,14673,28686,medsl,1
2016,OR,Coos,0,31313,0,0,10448,17865,31313,medsl,1
2020,OR,Coos,0,37075,0,0,14243,21829,37075,medsl,1
2024,OR,Coos,0,35735,0,0,13731,20849,35735,medsl,1
2004,OR,Crook,0,10051,0,0,3024,6830,10051,medsl,0
2008,OR,Crook,0,10352,0,0,3632,6371,10352,medsl,0
2012,OR,Crook,0,10230,0,0,3104,6790,10230,medsl,0
2016,OR,Crook,0,12172,0,0,2637,8511,12172,medsl,0
2020,OR,Crook,0,15448,0,0,3801,11287,15448,medsl,0
2024,OR,Crook,0,16297,0,0,3836,12012,16297,medsl,0
2004,OR,Curry,0,12799,0,0,5220,7332,12799,medsl,1
2008,OR,Curry,0,12332,0,0,5230,6646,12332,medsl,1
2012,OR,Curry,0,11678,0,0,4625,6598,11678,medsl,1
2016,OR,Curry,0,12611,0,0,4300,7212,12611,medsl,1
2020,OR,Curry,0,14925,0,0,6058,8484,14925,medsl,1
2024,OR,Curry,0,14200,0,0,5737,8000,14200,medsl,1
2004,OR,Deschutes,0,74048,0,0,31179,41757,74048,medsl,0
2008,OR,Deschutes,0,79782,0,0,38819,39064,79782,medsl,0
2012,OR,Deschutes,0,81900,0,0,36961,42463,81900,medsl,0
2016,OR,Deschutes,0,98557,0,0,42444,45692,98557,medsl,0
2020,OR,Deschutes,0,125234,0,0,65962,55646,125234,medsl,0
2024,OR,Deschutes,0,127375,0,0,68108,54850,127375,medsl,0
2004,OR,Douglas,0,54984,0,0,18089,35956,54984,medsl,1
2008,OR,Douglas,0,52937,0,0,20298,30919,52937,medsl,1
2012,OR,Douglas,0,49803,0,0,17145,30776,49803,medsl,1
2016,OR,Douglas,0,53521,0,0,14096,34582,53521,medsl,1
2020,OR,Douglas,0,64349,0,0,19160,43298,64349,medsl,1
2024,OR,Douglas,0,61807,0,0,18386,41561,61807,medsl,1
2004,OR,Gilliam,0,1138,0,0,370,755,1138,medsl,1
2008,OR,Gilliam,0,1110,0,0,430,648,1110,medsl,1
2012,OR,Gilliam,0,1061,0,0,371,639,1061,medsl,1
2016,OR,Gilliam,0,1019,0,0,239,671,1019,medsl,1
2020,OR,Gilliam,0,1178,0,0,324,834,1178,medsl,1
2024,OR,Gilliam,0,1134,0,0,291,805,1134,medsl,1
2004,OR,Grant,0,4061,0,0,780,3204,4061,medsl,1
2008,OR,Grant,0,3909,0,0,1006,2785,3909,medsl,1
2012,OR,Grant,0,3911,0,0,853,2926,3911,medsl,1
2016,OR,Grant,0,4340,0,0,739,3210,4340,medsl,1
2020,OR,Grant,0,4596,0,0,929,3545,4596,medsl,1
2024,OR,Grant,0,4456,0,0,816,3490,4456,medsl,1
2004,OR,Harney,0,3702,0,0,839,2815,3702,medsl,1
2008,OR,Harney,0,3683,0,0,950,2595,3683,medsl,1
2012,OR,Harney,0,3583,0,0,832,2607,3583,medsl,1
2016,OR,Harney,0,3974,0,0,683,2912,3974,medsl,1
2020,OR,Harney,0,4481,0,0,894,3475,4481,medsl,1
2024,OR,Harney,0,4255,0,0,797,3307,4255,medsl,1
2004,OR,Hood River,0,9859,0,0,5587,4124,9859,medsl,1
2008,OR,Hood River,0,9830,0,0,6302,3265,9830,medsl,1
2012,OR,Hood River,0,9838,0,0,6058,3429,9838,medsl,1
2016,OR,Hood River,0,10910,0,0,6510,3272,10910,medsl,1
2020,OR,Hood River,0,13090,0,0,8764,3955,13090,medsl,1
2024,OR,Hood River,0,12707,0,0,8364,3854,12707,medsl,1
2004,OR,Jackson,0,102189,0,0,44366,56519,102189,medsl,1
2008,OR,Jackson,0,101047,0,0,49090,49043,101047,medsl,1
2012,OR,Jackson,0,97127,0,0,44468,49020,97127,medsl,1
2016,OR,Jackson,0,109327,0,0,44447,53870,109327,medsl,1
2020,OR,Jackson,0,127165,0,0,59478,63869,127165,medsl,1
2024,OR,Jackson,0,119572,0,0,54065,61743,119572,medsl,1
2004,OR,Jefferson,0,8115,0,0,3243,4762,8115,medsl,1
2008,OR,Jefferson,0,8318,0,0,3682,4402,8318,medsl,1
2012,OR,Jefferson,0,8175,0,0,3301,4642,8175,medsl,1
2016,OR,Jefferson,0,9459,0,0,2980,5483,9459,medsl,1
2020,OR,Jefferson,0,11913,0,0,4393,7189,11913,medsl,1
2024,OR,Jefferson,0,11750,0,0,3941,7454,11750,medsl,1
2004,OR,Josephine,0,42275,0,0,15214,26241,42275,medsl,1
2008,OR,Josephine,0,42049,0,0,17412,22973,42049,medsl,1
2012,OR,Josephine,0,40238,0,0,14953,23673,40238,medsl,1
2016,OR,Josephine,0,44560,0,0,13453,26923,44560,medsl,1
2020,OR,Josephine,0,51641,0,0,18451,31751,51641,medsl,1
2024,OR,Josephine,0,49628,0,0,16928,31129,49628,medsl,1
2004,OR,Kalamath County,36840,31097,0,0,9332,16538,31097,manual,1
2008,OR,Kalamath County,35360,28558,0,0,9370,19113,29399,manual,1
2012,OR,Kalamath County,34677,28829,0,0,8302,18898,28152,manual,1
2016,OR,Kalamath County,39802,31292,0,0,7210,20435,30507,manual,1
2020,OR,Kalamath County,49026,36973,0,0,10388,25308,36726,manual,1
2024,OR,Kalamath County,43646,35806,0,0,9856,24675,35515,manual,1
2004,OR,Klamath,0,31515,0,0,8264,22733,31515,medsl,1
2008,OR,Klamath,0,29399,0,0,9370,19113,29399,medsl,1
2012,OR,Klamath,0,28152,0,0,8302,18898,28152,medsl,1
2016,OR,Klamath,0,30507,0,0,7210,20435,30507,medsl,1
2020,OR,Klamath,0,36726,0,0,10388,25308,36726,medsl,1
2024,OR,Klamath,0,35515,0,0,9856,24675,35515,medsl,1
2004,OR,Lake,0,3905,0,0,802,3039,3905,medsl,1
2008,OR,Lake,0,3688,0,0,957,2638,3688,medsl,1
2012,OR,Lake,0,3710,0,0,770,2808,3710,medsl,1
2016,OR,Lake,0,3930,0,0,639,3022,3930,medsl,1
2020,OR,Lake,0,4363,0,0,792,3470,4363,medsl,1
2024,OR,Lake,0,4213,0,0,681,3421,4213,medsl,1
2004,OR,Lane,0,185872,0,0,107769,75007,185872,medsl,1
2008,OR,Lane,0,182910,0,0,114037,63835,182910,medsl,1
2012,OR,Lane,0,171850,0,0,102652,62509,171850,medsl,1
2016,OR,Lane,0,191950,0,0,102753,67141,191950,medsl,1
2020,OR,Lane,0,222253,0,0,134366,80336,222253,medsl,1
2024,OR,Lane,0,211285,0,0,125775,77376,211285,medsl,1
2004,OR,Lincoln,0,24325,0,0,13753,10160,24325,medsl,1
2008,OR,Lincoln,0,23889,0,0,14258,8791,23889,medsl,1
2012,OR,Lincoln,0,22984,0,0,13401,8686,22984,medsl,1
2016,OR,Lincoln,0,25256,0,0,12501,10039,25256,medsl,1
2020,OR,Lincoln,0,30726,0,0,17385,12460,30726,medsl,1
2024,OR,Lincoln,0,29804,0,0,17112,11645,29804,medsl,1
2004,OR,Linn,0,52041,0,0,19940,31260,52041,medsl,1
2008,OR,Linn,0,51982,0,0,22163,28071,51982,medsl,1
2012,OR,Linn,0,51426,0,0,20378,28944,51426,medsl,1
2016,OR,Linn,0,58719,0,0,17995,33488,58719,medsl,1
2020,OR,Linn,0,72640,0,0,26512,43486,72640,medsl,1
2024,OR,Linn,0,71429,0,0,25749,43078,71429,medsl,1
2004,OR,Malheur,0,10846,0,0,2577,8123,10846,medsl,1
2008,OR,Malheur,0,10433,0,0,2949,7157,10433,medsl,1
2012,OR,Malheur,0,9956,0,0,2759,6851,9956,medsl,1
2016,OR,Malheur,0,10435,0,0,2246,7194,10435,medsl,1
2020,OR,Malheur,0,11804,0,0,3260,8187,11804,medsl,1
2024,OR,Malheur,0,10945,0,0,2884,7710,10945,medsl,1
2004,OR,Marion,0,129619,0,0,57671,69900,129619,medsl,1
2008,OR,Marion,0,124563,0,0,61816,59059,124563,medsl,1
2012,OR,Marion,0,120376,0,0,56376,60190,120376,medsl,1
2016,OR,Marion,0,136840,0,0,57788,63377,136840,medsl,1
2020,OR,Marion,0,165534,0,0,80872,79002,165534,medsl,1
2024,OR,Marion,0,156691,0,0,73970,77089,156691,medsl,1
2004,OR,Morrow,0,4149,0,0,1361,2732,4149,medsl,1
2008,OR,Morrow,0,4058,0,0,1410,2509,4058,medsl,1
2012,OR,Morrow,0,3882,0,0,1202,2532,3882,medsl,1
2016,OR,Morrow,0,4167,0,0,1017,2721,4167,medsl,1
2020,OR,Morrow,0,5118,0,0,1371,3586,5118,medsl,1
2024,OR,Morrow,0,4732,0,0,1138,3408,4732,medsl,1
2004,OR,Multnomah,0,362694,0,0,259585,98439,362694,medsl,1
2008,OR,Multnomah,0,364710,0,0,279696,75171,364710,medsl,1
2012,OR,Multnomah,0,364722,0,0,274887,75302,364722,medsl,1
2016,OR,Multnomah,0,399103,0,0,292561,67954,399103,medsl,1
2020,OR,Multnomah,0,463659,0,0,367249,82995,463659,medsl,1
2024,OR,Multnomah,0,414250,0,0,325927,70759,414250,medsl,1
2004,OR,Polk,0,35489,0,0,15484,19508,35489,medsl,1
2008,OR,Polk,0,36207,0,0,17536,17714,36207,medsl,1
2012,OR,Polk,0,35257,0,0,16292,17819,35257,medsl,1
2016,OR,Polk,0,40295,0,0,16420,18940,40295,medsl,1
2020,OR,Polk,0,48291,0,0,22917,23732,48291,medsl,1
2024,OR,Polk,0,47593,0,0,22034,23768,47593,medsl,1
2004,OR,Sherman,0,1104,0,0,390,694,1104,medsl,1
2008,OR,Sherman,0,1047,0,0,385,634,1047,medsl,1
2012,OR,Sherman,0,1026,0,0,319,678,1026,medsl,1
2016,OR,Sherman,0,1017,0,0,202,732,1017,medsl,1
2020,OR,Sherman,0,1208,0,0,260,921,1208,medsl,1
2024,OR,Sherman,0,1163,0,0,233,890,1163,medsl,1
2004,OR,Tillamook,0,13951,0,0,6750,7003,13951,medsl,1
2008,OR,Tillamook,0,13297,0,0,7072,5757,13297,medsl,1
2012,OR,Tillamook,0,12519,0,0,6293,5684,12519,medsl,1
2016,OR,Tillamook,0,13803,0,0,5768,6538,13803,medsl,1
2020,OR,Tillamook,0,16888,0,0,8066,8354,16888,medsl,1
2024,OR,Tillamook,0,16252,0,0,7747,7971,16252,medsl,1
2004,OR,Umatilla,0,26322,0,0,8884,17068,26322,medsl,1
2008,OR,Umatilla,0,25523,0,0,9484,15254,25523,medsl,1
2012,OR,Umatilla,0,24969,0,0,8584,15499,24969,medsl,1
2016,OR,Umatilla,0,27597,0,0,7673,17059,27597,medsl,1
2020,OR,Umatilla,0,33038,0,0,10707,21270,33038,medsl,1
2024,OR,Umatilla,0,31225,0,0,9251,20973,31225,medsl,1
2004,OR,Union,0,13519,0,0,4428,8879,13519,medsl,1
2008,OR,Union,0,12594,0,0,4613,7581,12594,medsl,1
2012,OR,Union,0,12070,0,0,3973,7636,12070,medsl,1
2016,OR,Union,0,12968,0,0,3249,8431,12968,medsl,1
2020,OR,Union,0,14944,0,0,4254,10298,14944,medsl,1
2024,OR,Union,0,14574,0,0,4107,9942,14574,medsl,1
2004,OR,Wallowa,0,4521,0,0,1269,3132,4521,medsl,1
2008,OR,Wallowa,0,4465,0,0,1492,2836,4465,medsl,1
2012,OR,Wallowa,0,4205,0,0,1253,2804,4205,medsl,1
2016,OR,Wallowa,0,4366,0,0,1116,2848,4366,medsl,1
2020,OR,Wallowa,0,5149,0,0,1625,3404,5149,medsl,1
2024,OR,Wallowa,0,5108,0,0,1573,3366,5108,medsl,1
2004,OR,Wasco,0,12002,0,0,5691,6119,12002,medsl,1
2008,OR,Wasco,0,11380,0,0,5906,5103,11380,medsl,1
2012,OR,Wasco,0,10873,0,0,5211,5229,10873,medsl,1
2016,OR,Wasco,0,11964,0,0,4781,5833,11964,medsl,1
2020,OR,Wasco,0,14130,0,0,6604,7035,14130,medsl,1
2024,OR,Wasco,0,13391,0,0,6069,6837,13391,medsl,1
2004,OR,Washington,0,231308,0,0,121140,107223,231308,medsl,1
2008,OR,Washington,0,236632,0,0,141544,89185,236632,medsl,1
2012,OR,Washington,0,237023,0,0,135291,93974,237023,medsl,1
2016,OR,Washington,0,269232,0,0,153251,83197,269232,medsl,1
2020,OR,Washington,0,320326,0,0,209940,99073,320326,medsl,1
2024,OR,Washington,0,297949,0,0,193013,92590,297949,medsl,1
2004,OR,Wheeler,0,880,0,0,245,612,880,medsl,1
2008,OR,Wheeler,0,812,0,0,281,498,812,medsl,1
2012,OR,Wheeler,0,858,0,0,266,545,858,medsl,1
2016,OR,Wheeler,0,818,0,0,155,591,818,medsl,1
2020,OR,Wheeler,0,965,0,0,217,711,965,medsl,1
2024,OR,Wheeler,0,868,0,0,210,618,868,medsl,1
2004,OR,Yamhill,0,42142,0,0,17572,23839,42142,medsl,1
2008,OR,Yamhill,0,43526,0,0,20797,21390,43526,medsl,1
2012,OR,Yamhill,0,42907,0,0,19260,22045,42907,medsl,1
2016,OR,Yamhill,0,48753,0,0,19301,23250,48753,medsl,1
2020,OR,Yamhill,0,58923,0,0,27174,29551,58923,medsl,1
2024,OR,Yamhill,0,57800,0,0,26011,29536,57800,medsl,1
2004,PA,Adams,0,42228,0,0,13764,28247,42228,medsl,0
2008,PA,Adams,0,44489,0,0,17633,26349,44489,medsl,0
2012,PA,Adams,0,42457,0,0,15091,26767,42457,medsl,0
2016,PA,Adams,0,47489,0,0,14219,31423,47489,medsl,0
2020,PA,Adams,0,56540,0,0,18207,37523,56540,medsl,0
2024,PA,Adams,0,60650,0,0,19842,40248,60650,medsl,0
2004,PA,Allegheny,0,645469,0,0,368912,271925,645469,medsl,0
2008,PA,Allegheny,0,651380,0,0,373153,272347,651380,medsl,0
2012,PA,Allegheny,0,622081,0,0,352687,262039,622081,medsl,0
2016,PA,Allegheny,0,650114,0,0,367617,259480,650114,medsl,0
2020,PA,Allegheny,0,719733,0,0,429065,282324,719733,medsl,0
2024,PA,Allegheny,0,720504,0,0,429916,283595,720504,medsl,0
2004,PA,Armstrong,0,31097,0,0,12025,18925,31097,medsl,0
2008,PA,Armstrong,0,30072,0,0,11138,18542,30072,medsl,0
2012,PA,Armstrong,0,29602,0,0,9045,20142,29602,medsl,0
2016,PA,Armstrong,0,31618,0,0,7178,23484,31618,medsl,0
2020,PA,Armstrong,0,36370,0,0,8457,27489,36370,medsl,0
2024,PA,Armstrong,0,37119,0,0,8553,28296,37119,medsl,0
2004,PA,Beaver,0,82543,0,0,42146,39916,82543,medsl,1
2008,PA,Beaver,0,84463,0,0,40499,42895,84463,medsl,1
2012,PA,Beaver,0,80474,0,0,37055,42344,80474,medsl,1
2016,PA,Beaver,0,83571,0,0,32531,48167,83571,medsl,1
2020,PA,Beaver,0,94122,0,0,38122,54759,94122,medsl,1
2024,PA,Beaver,0,94843,0,0,37196,56837,94843,medsl,1
2004,PA,Bedford,0,22679,0,0,6016,16606,22679,medsl,1
2008,PA,Bedford,0,22441,0,0,6059,16124,22441,medsl,1
2012,PA,Bedford,0,21697,0,0,4788,16702,21697,medsl,1
2016,PA,Bedford,0,23637,0,0,3645,19552,23637,medsl,1
2020,PA,Bedford,0,27574,0,0,4367,23025,27574,medsl,1
2024,PA,Bedford,0,28160,0,0,4336,23658,28160,medsl,1
2004,PA,Berks,0,164487,0,0,76309,87122,164487,medsl,1
2008,PA,Berks,0,179896,0,0,97047,80513,179896,medsl,1
2012,PA,Berks,0,170320,0,0,83011,84702,170320,medsl,1
2016,PA,Berks,0,183065,0,0,78437,96626,183065,medsl,1
2020,PA,Berks,0,205540,0,0,92895,109736,205540,medsl,1
2024,PA,Berks,0,209838,0,0,91125,116677,209838,medsl,1
2004,PA,Blair,0,54178,0,0,18105,35751,54178,medsl,0
2008,PA,Blair,0,53081,0,0,19813,32708,53081,medsl,0
2012,PA,Blair,0,50241,0,0,16276,33319,50241,medsl,0
2016,PA,Blair,0,54909,0,0,13958,39135,54909,medsl,0
2020,PA,Blair,0,63595,0,0,17636,45306,63595,medsl,0
2024,PA,Blair,0,64949,0,0,18127,46352,64949,medsl,0
2004,PA,Bradford,0,25652,0,0,8590,16942,25652,medsl,1
2008,PA,Bradford,0,25782,0,0,10306,15057,25782,medsl,1
2012,PA,Bradford,0,23426,0,0,8624,14410,23426,medsl,1
2016,PA,Bradford,0,25708,0,0,6369,18141,25708,medsl,1
2020,PA,Bradford,0,30159,0,0,8046,21600,30159,medsl,1
2024,PA,Bradford,0,31192,0,0,7990,22937,31192,medsl,1
2004,PA,Bucks,0,319816,0,0,163438,154469,319816,medsl,1
2008,PA,Bucks,0,332923,0,0,179031,150248,332923,medsl,1
2012,PA,Bucks,0,321016,0,0,160521,156579,321016,medsl,1
2016,PA,Bucks,0,344297,0,0,167060,164361,344297,medsl,1
2020,PA,Bucks,0,396234,0,0,204712,187367,396234,medsl,1
2024,PA,Bucks,0,401028,0,0,198431,198722,401028,medsl,1
2004,PA,Butler,0,85425,0,0,30090,54959,85425,medsl,0
2008,PA,Butler,0,90355,0,0,32260,57074,90355,medsl,0
2012,PA,Butler,0,89445,0,0,28550,59761,89445,medsl,0
2016,PA,Butler,0,97071,0,0,28584,64428,97071,medsl,0
2020,PA,Butler,0,113305,0,0,37508,74359,113305,medsl,0
2024,PA,Butler,0,121440,0,0,40661,79773,121440,medsl,0
2004,PA,Cambria,0,66983,0,0,32591,34048,66983,medsl,1
2008,PA,Cambria,0,65622,0,0,32451,31995,65622,medsl,1
2012,PA,Cambria,0,60526,0,0,24249,35163,60526,medsl,1
2016,PA,Cambria,0,63072,0,0,18867,42258,63072,medsl,1
2020,PA,Cambria,0,70574,0,0,21730,48085,70574,medsl,1
2024,PA,Cambria,0,71136,0,0,21177,49408,71136,medsl,1
2004,PA,Cameron,0,2406,0,0,794,1599,2406,medsl,1
2008,PA,Cameron,0,2311,0,0,879,1323,2311,medsl,1
2012,PA,Cameron,0,2111,0,0,724,1359,2111,medsl,1
2016,PA,Cameron,0,2186,0,0,531,1589,2186,medsl,1
2020,PA,Cameron,0,2434,0,0,634,1771,2434,medsl,1
2024,PA,Cameron,0,2219,0,0,538,1654,2219,medsl,1
2004,PA,Carbon,0,25043,0,0,12223,12519,25043,medsl,0
2008,PA,Carbon,0,26919,0,0,13464,12957,26919,medsl,0
2012,PA,Carbon,0,25581,0,0,11580,13504,25581,medsl,0
2016,PA,Carbon,0,28776,0,0,8936,18743,28776,medsl,0
2020,PA,Carbon,0,33629,0,0,11212,21984,33629,medsl,0
2024,PA,Carbon,0,35395,0,0,11394,23708,35395,medsl,0
2004,PA,Centre,0,64253,0,0,30733,33133,64253,medsl,0
2008,PA,Centre,0,75737,0,0,41950,32992,75737,medsl,0
2012,PA,Centre,0,69626,0,0,34176,34001,69626,medsl,0
2016,PA,Centre,0,76148,0,0,37088,35274,76148,medsl,0
2020,PA,Centre,0,77493,0,0,40055,36372,77493,medsl,0
2024,PA,Centre,0,80792,0,0,41119,38829,80792,medsl,0
2004,PA,Chester,0,230823,0,0,109708,120036,230823,medsl,0
2008,PA,Chester,0,254305,0,0,137833,114421,254305,medsl,0
2012,PA,Chester,0,251973,0,0,124311,124840,251973,medsl,0
2016,PA,Chester,0,268800,0,0,141682,116114,268800,medsl,0
2020,PA,Chester,0,314502,0,0,182372,128565,314502,medsl,0
2024,PA,Chester,0,324964,0,0,184281,137299,324964,medsl,0
2004,PA,Clarion,0,17184,0,0,6049,11063,17184,medsl,1
2008,PA,Clarion,0,17765,0,0,6756,10737,17765,medsl,1
2012,PA,Clarion,0,16186,0,0,5056,10828,16186,medsl,1
2016,PA,Clarion,0,17535,0,0,4273,12576,17535,medsl,1
2020,PA,Clarion,0,19493,0,0,4678,14578,19493,medsl,1
2024,PA,Clarion,0,19733,0,0,4562,15036,19733,medsl,1
2004,PA,Clearfield,0,34233,0,0,13518,20533,34233,medsl,1
2008,PA,Clearfield,0,33774,0,0,14555,18662,33774,medsl,1
2012,PA,Clearfield,0,31967,0,0,11121,20347,31967,medsl,1
2016,PA,Clearfield,0,34271,0,0,8200,24932,34271,medsl,1
2020,PA,Clearfield,0,39422,0,0,9673,29203,39422,medsl,1
2024,PA,Clearfield,0,40430,0,0,9647,30481,40430,medsl,1
2004,PA,Clinton,0,13967,0,0,5823,8035,13967,medsl,1
2008,PA,Clinton,0,14793,0,0,7097,7504,14793,medsl,1
2012,PA,Clinton,0,13265,0,0,5734,7303,13265,medsl,1
2016,PA,Clinton,0,15394,0,0,4744,10022,15394,medsl,1
2020,PA,Clinton,0,17625,0,0,5502,11902,17625,medsl,1
2024,PA,Clinton,0,18522,0,0,5395,12965,18522,medsl,1
2004,PA,Columbia,0,26869,0,0,10679,16052,26869,medsl,0
2008,PA,Columbia,0,28041,0,0,13230,14477,28041,medsl,0
2012,PA,Columbia,0,25623,0,0,10937,14236,25623,medsl,0
2016,PA,Columbia,0,28228,0,0,8934,18004,28228,medsl,0
2020,PA,Columbia,0,31171,0,0,10532,20098,31171,medsl,0
2024,PA,Columbia,0,32576,0,0,11083,21190,32576,medsl,0
2004,PA,Crawford,0,38322,0,0,16013,21965,38322,medsl,1
2008,PA,Crawford,0,38074,0,0,16780,20750,38074,medsl,1
2012,PA,Crawford,0,35388,0,0,13883,20901,35388,medsl,1
2016,PA,Crawford,0,37492,0,0,10971,24987,37492,medsl,1
2020,PA,Crawford,0,42004,0,0,12924,28559,42004,medsl,1
2024,PA,Crawford,0,42872,0,0,12858,29685,42872,medsl,1
2004,PA,Cumberland,0,106082,0,0,37928,67648,106082,medsl,0
2008,PA,Cumberland,0,113298,0,0,48306,63739,113298,medsl,0
2012,PA,Cumberland,0,110814,0,0,44367,64809,110814,medsl,0
2016,PA,Cumberland,0,121617,0,0,47085,69076,121617,medsl,0
2020,PA,Cumberland,0,141595,0,0,62245,77212,141595,medsl,0
2024,PA,Cumberland,0,148396,0,0,66255,80267,148396,medsl,0
2004,PA,Dauphin,0,121208,0,0,55299,65296,121208,medsl,1
2008,PA,Dauphin,0,129526,0,0,69975,58238,129526,medsl,1
2012,PA,Dauphin,0,124008,0,0,64965,57450,124008,medsl,1
2016,PA,Dauphin,0,130872,0,0,64706,60863,130872,medsl,1
2020,PA,Dauphin,0,147368,0,0,78983,66408,147368,medsl,1
2024,PA,Dauphin,0,149526,0,0,78327,69474,149526,medsl,1
2004,PA,Delaware,0,284538,0,0,162601,120425,284538,medsl,1
2008,PA,Delaware,0,281082,0,0,169030,109322,281082,medsl,1
2012,PA,Delaware,0,285564,0,0,171792,110853,285564,medsl,1
2016,PA,Delaware,0,297634,0,0,177402,110667,297634,medsl,1
2020,PA,Delaware,0,327931,0,0,206423,118532,327931,medsl,1
2024,PA,Delaware,0,328172,0,0,201324,123421,328172,medsl,1
2004,PA,Elk,0,14550,0,0,6602,7872,14550,medsl,1
2008,PA,Elk,0,14258,0,0,7290,6676,14258,medsl,1
2012,PA,Elk,0,13238,0,0,5463,7579,13238,medsl,1
2016,PA,Elk,0,14426,0,0,3853,10025,14426,medsl,1
2020,PA,Elk,0,16906,0,0,4522,12140,16906,medsl,1
2024,PA,Elk,0,17153,0,0,4483,12543,17153,medsl,1
2004,PA,Erie,0,125898,0,0,67921,57372,125898,medsl,1
2008,PA,Erie,0,127642,0,0,75775,50351,127642,medsl,1
2012,PA,Erie,0,118619,0,0,68036,49025,118619,medsl,1
2016,PA,Erie,0,123679,0,0,58112,60069,123679,medsl,1
2020,PA,Erie,0,137083,0,0,68286,66869,137083,medsl,1
2024,PA,Erie,0,137595,0,0,67456,68866,137595,medsl,1
2004,PA,Fayette,0,54707,0,0,29120,25045,54707,medsl,1
2008,PA,Fayette,0,52554,0,0,25866,26081,52554,medsl,1
2012,PA,Fayette,0,48505,0,0,21971,26018,48505,medsl,1
2016,PA,Fayette,0,53767,0,0,17946,34590,53767,medsl,1
2020,PA,Fayette,0,62139,0,0,20444,41227,62139,medsl,1
2024,PA,Fayette,0,63472,0,0,19548,43633,63472,medsl,1
2004,PA,Forest,0,2573,0,0,989,1571,2573,medsl,1
2008,PA,Forest,0,2444,0,0,1038,1366,2444,medsl,1
2012,PA,Forest,0,2312,0,0,896,1383,2312,medsl,1
2016,PA,Forest,0,2401,0,0,626,1683,2401,medsl,1
2020,PA,Forest,0,2646,0,0,728,1882,2646,medsl,1
2024,PA,Forest,0,2650,0,0,724,1902,2650,medsl,1
2004,PA,Franklin,0,58569,0,0,16562,41817,58569,medsl,0
2008,PA,Franklin,0,63635,0,0,21169,41906,63635,medsl,0
2012,PA,Franklin,0,63078,0,0,18995,43260,63078,medsl,0
2016,PA,Franklin,0,69731,0,0,17465,49768,69731,medsl,0
2020,PA,Franklin,0,80783,0,0,22422,57245,80783,medsl,0
2024,PA,Franklin,0,83884,0,0,23543,59604,83884,medsl,0
2004,PA,Fulton,0,6271,0,0,1475,4772,6271,medsl,0
2008,PA,Fulton,0,6306,0,0,1576,4642,6306,medsl,0
2012,PA,Fulton,0,6195,0,0,1310,4814,6195,medsl,0
2016,PA,Fulton,0,6771,0,0,912,5694,6771,medsl,0
2020,PA,Fulton,0,7977,0,0,1085,6824,7977,medsl,0
2024,PA,Fulton,0,8177,0,0,1102,7039,8177,medsl,0
2004,PA,Greene,0,15565,0,0,7674,7786,15565,medsl,1
2008,PA,Greene,0,15961,0,0,7829,7889,15961,medsl,1
2012,PA,Greene,0,14464,0,0,5852,8428,14464,medsl,1
2016,PA,Greene,0,15764,0,0,4482,10849,15764,medsl,1
2020,PA,Greene,0,17669,0,0,4911,12579,17669,medsl,1
2024,PA,Greene,0,17236,0,0,4592,12319,17236,medsl,1
2004,PA,Huntingdon,0,18058,0,0,5879,12126,18058,medsl,1
2008,PA,Huntingdon,0,18646,0,0,6621,11745,18646,medsl,1
2012,PA,Huntingdon,0,17639,0,0,5409,11979,17639,medsl,1
2016,PA,Huntingdon,0,19706,0,0,4539,14494,19706,medsl,1
2020,PA,Huntingdon,0,22792,0,0,5445,17061,22792,medsl,1
2024,PA,Huntingdon,0,23156,0,0,5368,17627,23156,medsl,1
2004,PA,Indiana,0,36248,0,0,15831,20254,36248,medsl,0
2008,PA,Indiana,0,37299,0,0,17065,19727,37299,medsl,0
2012,PA,Indiana,0,36321,0,0,14473,21257,36321,medsl,0
2016,PA,Indiana,0,37770,0,0,11528,24888,37770,medsl,0
2020,PA,Indiana,0,41198,0,0,12634,28089,41198,medsl,0
2024,PA,Indiana,0,42229,0,0,12697,29215,42229,medsl,0
2004,PA,Jefferson,0,19560,0,0,6073,13371,19560,medsl,0
2008,PA,Jefferson,0,18801,0,0,6447,12057,18801,medsl,0
2012,PA,Jefferson,0,18097,0,0,4787,13048,18097,medsl,0
2016,PA,Jefferson,0,19478,0,0,3650,15192,19478,medsl,0
2020,PA,Jefferson,0,22824,0,0,4527,17960,22824,medsl,0
2024,PA,Jefferson,0,23129,0,0,4707,18235,23129,medsl,0
2004,PA,Juniata,0,10006,0,0,2797,7144,10006,medsl,0
2008,PA,Juniata,0,9711,0,0,3068,6484,9711,medsl,0
2012,PA,Juniata,0,9535,0,0,2547,6862,9535,medsl,0
2016,PA,Juniata,0,10454,0,0,1821,8273,10454,medsl,0
2020,PA,Juniata,0,12043,0,0,2253,9649,12043,medsl,0
2024,PA,Juniata,0,12104,0,0,2290,9721,12104,medsl,0
2004,PA,Lackawanna,0,105819,0,0,59573,44766,105819,medsl,1
2008,PA,Lackawanna,0,107866,0,0,67520,39488,107866,medsl,1
2012,PA,Lackawanna,0,98015,0,0,61838,35085,98015,medsl,1
2016,PA,Lackawanna,0,103456,0,0,51983,48384,103456,medsl,1
2020,PA,Lackawanna,0,115410,0,0,61991,52334,115410,medsl,1
2024,PA,Lackawanna,0,116590,0,0,59510,56261,116590,medsl,1
2004,PA,Lancaster,0,221278,0,0,74328,145591,221278,medsl,0
2008,PA,Lancaster,0,228097,0,0,99586,126568,228097,medsl,0
2012,PA,Lancaster,0,222436,0,0,88481,130669,222436,medsl,0
2016,PA,Lancaster,0,241112,0,0,91093,137914,241112,medsl,0
2020,PA,Lancaster,0,280239,0,0,115847,160209,280239,medsl,0
2024,PA,Lancaster,0,289257,0,0,120119,166261,289257,medsl,0
2004,PA,Lawrence,0,43442,0,0,21387,21938,43442,medsl,1
2008,PA,Lawrence,0,42084,0,0,19711,21851,42084,medsl,1
2012,PA,Lawrence,0,39036,0,0,17513,21047,39036,medsl,1
2016,PA,Lawrence,0,40753,0,0,14009,25428,40753,medsl,1
2020,PA,Lawrence,0,46076,0,0,15978,29597,46076,medsl,1
2024,PA,Lawrence,0,47110,0,0,15440,31347,47110,medsl,1
2004,PA,Lebanon,0,55665,0,0,18109,37089,55665,medsl,0
2008,PA,Lebanon,0,58252,0,0,23310,34314,58252,medsl,0
2012,PA,Lebanon,0,56580,0,0,19900,35872,56580,medsl,0
2016,PA,Lebanon,0,61845,0,0,18953,40525,61845,medsl,0
2020,PA,Lebanon,0,71652,0,0,23932,46731,71652,medsl,0
2024,PA,Lebanon,0,73692,0,0,24734,48282,73692,medsl,0
2004,PA,Lehigh,0,145091,0,0,73940,70160,145091,medsl,1
2008,PA,Lehigh,0,152464,0,0,87089,63382,152464,medsl,1
2012,PA,Lehigh,0,147002,0,0,78283,66874,147002,medsl,1
2016,PA,Lehigh,0,160993,0,0,81324,73690,160993,medsl,1
2020,PA,Lehigh,0,184713,0,0,98288,84259,184713,medsl,1
2024,PA,Lehigh,0,189810,0,0,96317,91207,189810,medsl,1
2004,PA,Luzerne,0,136028,0,0,69573,64953,136028,medsl,1
2008,PA,Luzerne,0,135163,0,0,72492,61127,135163,medsl,1
2012,PA,Luzerne,0,124439,0,0,64307,58325,124439,medsl,1
2016,PA,Luzerne,0,134983,0,0,52451,78688,134983,medsl,1
2020,PA,Luzerne,0,153321,0,0,64873,86929,153321,medsl,1
2024,PA,Luzerne,0,156150,0,0,62504,92444,156150,medsl,1
2004,PA,Lycoming,0,50049,0,0,15681,33961,50049,medsl,0
2008,PA,Lycoming,0,49235,0,0,18381,30280,49235,medsl,0
2012,PA,Lycoming,0,46493,0,0,15203,30658,46493,medsl,0
2016,PA,Lycoming,0,50565,0,0,13020,35627,50565,medsl,0
2020,PA,Lycoming,0,59254,0,0,16971,41462,59254,medsl,0
2024,PA,Lycoming,0,59685,0,0,17216,41961,59685,medsl,0
2004,PA,Mckean,0,17426,0,0,6294,10941,17426,medsl,0
2008,PA,Mckean,0,15947,0,0,6465,9224,15947,medsl,0
2012,PA,Mckean,0,15108,0,0,5297,9545,15108,medsl,0
2016,PA,Mckean,0,16296,0,0,4025,11635,16296,medsl,0
2020,PA,Mckean,0,19466,0,0,5098,14083,19466,medsl,0
2024,PA,Mckean,0,19682,0,0,5115,14401,19682,medsl,0
2004,PA,Mercer,0,51564,0,0,24831,26311,51564,medsl,1
2008,PA,Mercer,0,53796,0,0,26411,26565,53796,medsl,1
2012,PA,Mercer,0,50863,0,0,24232,25925,50863,medsl,1
2016,PA,Mercer,0,52309,0,0,18733,31544,52309,medsl,1
2020,PA,Mercer,0,57954,0,0,21067,36143,57954,medsl,1
2024,PA,Mercer,0,58410,0,0,20145,37761,58410,medsl,1
2004,PA,Mifflin,0,16802,0,0,4889,11726,16802,medsl,0
2008,PA,Mifflin,0,16501,0,0,5375,10929,16501,medsl,0
2012,PA,Mifflin,0,16371,0,0,4273,11939,16371,medsl,0
2016,PA,Mifflin,0,18601,0,0,3877,14094,18601,medsl,0
2020,PA,Mifflin,0,21502,0,0,4603,16670,21502,medsl,0
2024,PA,Mifflin,0,22071,0,0,4735,17184,22071,medsl,0
2004,PA,Monroe,0,56342,0,0,27967,27971,56342,medsl,1
2008,PA,Monroe,0,68385,0,0,39453,28293,68385,medsl,1
2012,PA,Monroe,0,62917,0,0,35221,26867,62917,medsl,1
2016,PA,Monroe,0,69752,0,0,33918,33386,69752,medsl,1
2020,PA,Monroe,0,83829,0,0,44060,38726,83829,medsl,1
2024,PA,Monroe,0,85525,0,0,42007,42676,85525,medsl,1
2004,PA,Montgomery,0,399591,0,0,222048,175741,399591,medsl,1
2008,PA,Montgomery,0,422411,0,0,253393,165552,422411,medsl,1
2012,PA,Montgomery,0,412200,0,0,233356,174381,412200,medsl,1
2016,PA,Montgomery,0,434687,0,0,256082,162731,434687,medsl,1
2020,PA,Montgomery,0,510157,0,0,319511,185460,510157,medsl,1
2024,PA,Montgomery,0,520906,0,0,317103,198311,520906,medsl,1
2004,PA,Montour,0,7624,0,0,2666,4903,7624,medsl,0
2008,PA,Montour,0,8023,0,0,3364,4574,8023,medsl,0
2012,PA,Montour,0,7831,0,0,3053,4652,7831,medsl,0
2016,PA,Montour,0,8556,0,0,2857,5288,8556,medsl,0
2020,PA,Montour,0,9771,0,0,3771,5844,9771,medsl,0
2024,PA,Montour,0,9908,0,0,3862,5944,9908,medsl,0
2004,PA,Northampton,0,126740,0,0,63446,62102,126740,medsl,0
2008,PA,Northampton,0,135581,0,0,75255,58551,135581,medsl,0
2012,PA,Northampton,0,130735,0,0,67606,61446,130735,medsl,0
2016,PA,Northampton,0,143519,0,0,66272,71736,143519,medsl,0
2020,PA,Northampton,0,170942,0,0,85087,83854,170942,medsl,0
2024,PA,Northampton,0,178215,0,0,86655,89817,178215,medsl,0
2004,PA,Northumberland,0,37134,0,0,14602,22262,37134,medsl,0
2008,PA,Northumberland,0,33916,0,0,14329,19018,33916,medsl,0
2012,PA,Northumberland,0,33212,0,0,13072,19518,33212,medsl,0
2016,PA,Northumberland,0,36622,0,0,9788,25427,36622,medsl,0
2020,PA,Northumberland,0,42283,0,0,12677,28952,42283,medsl,0
2024,PA,Northumberland,0,43522,0,0,12863,30240,43522,medsl,0
2004,PA,Perry,0,19427,0,0,5423,13919,19427,medsl,0
2008,PA,Perry,0,19733,0,0,6396,13058,19733,medsl,0
2012,PA,Perry,0,19128,0,0,5685,13120,19128,medsl,0
2016,PA,Perry,0,21158,0,0,4632,15616,21158,medsl,0
2020,PA,Perry,0,24652,0,0,5950,18293,24652,medsl,0
2024,PA,Perry,0,25725,0,0,6385,19073,25725,medsl,0
2004,PA,Philadelphia,0,674069,0,0,542205,130099,674069,medsl,1
2008,PA,Philadelphia,0,717155,0,0,595980,117221,717155,medsl,1
2012,PA,Philadelphia,0,690327,0,0,588806,96467,690327,medsl,1
2016,PA,Philadelphia,0,707631,0,0,584025,108748,707631,medsl,1
2020,PA,Philadelphia,0,741377,0,0,603790,132740,741377,medsl,1
2024,PA,Philadelphia,0,721441,0,0,568571,144311,721441,medsl,1
2004,PA,Philadelphia County,0,674069,542205,130099,542205,130099,674069,manual,1
2008,PA,Philadelphia County,0,718025,595980,117221,595980,117221,718025,manual,1
2012,PA,Philadelphia County,0,690776,561822,128954,588806,96467,690776,manual,1
2016,PA,Philadelphia County,0,709613,577643,132973,584020,108748,709613,manual,1
2020,PA,Philadelphia County,1129283,743962,384752,356625,604175,132870,743962,manual,1
2024,PA,Philadelphia County,1034234,723610,196456,512922,568571,144311,723610,manual,1
2004,PA,Pike,0,21299,0,0,8656,12444,21299,medsl,0
2008,PA,Pike,0,24297,0,0,11493,12518,24297,medsl,0
2012,PA,Pike,0,23279,0,0,10210,12786,23279,medsl,0
2016,PA,Pike,0,26101,0,0,9256,16056,26101,medsl,0
2020,PA,Pike,0,32554,0,0,13019,19213,32554,medsl,0
2024,PA,Pike,0,34950,0,0,13132,21537,34950,medsl,0
2004,PA,Potter,0,7962,0,0,2268,5640,7962,medsl,1
2008,PA,Potter,0,7507,0,0,2300,5109,7507,medsl,1
2012,PA,Potter,0,7242,0,0,1897,5231,7242,medsl,1
2016,PA,Potter,0,7784,0,0,1302,6251,7784,medsl,1
2020,PA,Potter,0,9064,0,0,1726,7239,9064,medsl,1
2024,PA,Potter,0,9085,0,0,1675,7334,9085,medsl,1
2004,PA,Schuylkill,0,65269,0,0,29231,35640,65269,medsl,0
2008,PA,Schuylkill,0,63054,0,0,28300,33767,63054,medsl,0
2012,PA,Schuylkill,0,57727,0,0,24546,32278,57727,medsl,0
2016,PA,Schuylkill,0,62869,0,0,16770,44001,62869,medsl,0
2020,PA,Schuylkill,0,70603,0,0,20727,48871,70603,medsl,0
2024,PA,Schuylkill,0,73184,0,0,20882,51665,73184,medsl,0
2004,PA,Snyder,0,14983,0,0,4348,10566,14983,medsl,0
2008,PA,Snyder,0,15479,0,0,5382,9900,15479,medsl,0
2012,PA,Snyder,0,15002,0,0,4687,10073,15002,medsl,0
2016,PA,Snyder,0,16363,0,0,4002,11725,16363,medsl,0
2020,PA,Snyder,0,19140,0,0,4910,13983,19140,medsl,0
2024,PA,Snyder,0,20038,0,0,5239,14664,20038,medsl,0
2004,PA,Somerset,0,36778,0,0,12842,23802,36778,medsl,1
2008,PA,Somerset,0,35167,0,0,12878,21686,35167,medsl,1
2012,PA,Somerset,0,33942,0,0,9436,23984,33942,medsl,1
2016,PA,Somerset,0,35773,0,0,7376,27379,35773,medsl,1
2020,PA,Somerset,0,40543,0,0,8654,31466,40543,medsl,1
2024,PA,Somerset,0,40881,0,0,8596,31993,40881,medsl,1
2004,PA,Sullivan,0,3285,0,0,1213,2056,3285,medsl,0
2008,PA,Sullivan,0,3120,0,0,1233,1841,3120,medsl,0
2012,PA,Sullivan,0,2949,0,0,1034,1868,2949,medsl,0
2016,PA,Sullivan,0,3136,0,0,750,2291,3136,medsl,0
2020,PA,Sullivan,0,3595,0,0,921,2619,3595,medsl,0
2024,PA,Sullivan,0,3721,0,0,976,2721,3721,medsl,0
2004,PA,Susquehanna,0,19040,0,0,7351,11573,19040,medsl,1
2008,PA,Susquehanna,0,19283,0,0,8381,10633,19283,medsl,1
2012,PA,Susquehanna,0,18044,0,0,6935,10800,18044,medsl,1
2016,PA,Susquehanna,0,18863,0,0,5123,12891,18863,medsl,1
2020,PA,Susquehanna,0,21752,0,0,6236,15207,21752,medsl,1
2024,PA,Susquehanna,0,22404,0,0,6093,16114,22404,medsl,1
2004,PA,Tioga,0,17571,0,0,5437,12019,17571,medsl,0
2008,PA,Tioga,0,17965,0,0,6390,11326,17965,medsl,0
2012,PA,Tioga,0,17004,0,0,5357,11342,17004,medsl,0
2016,PA,Tioga,0,18325,0,0,3901,13614,18325,medsl,0
2020,PA,Tioga,0,21075,0,0,4955,15742,21075,medsl,0
2024,PA,Tioga,0,21587,0,0,5100,16272,21587,medsl,0
2004,PA,Union,0,16123,0,0,5700,10334,16123,medsl,0
2008,PA,Union,0,17400,0,0,7333,9859,17400,medsl,0
2012,PA,Union,0,16268,0,0,6109,9896,16268,medsl,0
2016,PA,Union,0,17468,0,0,6180,10622,17468,medsl,0
2020,PA,Union,0,20115,0,0,7475,12356,20115,medsl,0
2024,PA,Union,0,21188,0,0,8015,12969,21188,medsl,0
2004,PA,Venango,0,23659,0,0,9024,14472,23659,medsl,0
2008,PA,Venango,0,23288,0,0,9238,13718,23288,medsl,0
2012,PA,Venango,0,22167,0,0,7945,13815,22167,medsl,0
2016,PA,Venango,0,23348,0,0,6309,16021,23348,medsl,0
2020,PA,Venango,0,26528,0,0,7585,18569,26528,medsl,0
2024,PA,Venango,0,26732,0,0,7624,18883,26732,medsl,0
2004,PA,Warren,0,19273,0,0,8044,10999,19273,medsl,0
2008,PA,Warren,0,18494,0,0,8537,9685,18494,medsl,0
2012,PA,Warren,0,17299,0,0,6995,10010,17299,medsl,0
2016,PA,Warren,0,18434,0,0,5145,12477,18434,medsl,0
2020,PA,Warren,0,20650,0,0,6066,14237,20650,medsl,0
2024,PA,Warren,0,20723,0,0,6212,14345,20723,medsl,0
2004,PA,Washington,0,96177,0,0,48225,47673,96177,medsl,1
2008,PA,Washington,0,98002,0,0,46122,50752,98002,medsl,1
2012,PA,Washington,0,94750,0,0,40345,53230,94750,medsl,1
2016,PA,Washington,0,101450,0,0,36322,61386,101450,medsl,1
2020,PA,Washington,0,118478,0,0,45088,72080,118478,medsl,1
2024,PA,Washington,0,121617,0,0,44910,75929,121617,medsl,1
2004,PA,Wayne,0,21967,0,0,8060,13713,21967,medsl,1
2008,PA,Wayne,0,22833,0,0,9892,12702,22833,medsl,1
2012,PA,Wayne,0,21607,0,0,8396,12896,21607,medsl,1
2016,PA,Wayne,0,24018,0,0,7008,16244,24018,medsl,1
2020,PA,Wayne,0,28089,0,0,9191,18637,28089,medsl,1
2024,PA,Wayne,0,29444,0,0,9150,20071,29444,medsl,1
2004,PA,Westmoreland,0,178696,0,0,77774,100087,178696,medsl,0
2008,PA,Westmoreland,0,176785,0,0,72721,102294,176785,medsl,0
2012,PA,Westmoreland,0,169572,0,0,63722,103932,169572,medsl,0
2016,PA,Westmoreland,0,182051,0,0,59669,116522,182051,medsl,0
2020,PA,Westmoreland,0,204697,0,0,72129,130218,204697,medsl,0
2024,PA,Westmoreland,0,211450,0,0,74904,135008,211450,medsl,0
2004,PA,Wyoming,0,12832,0,0,4982,7782,12832,medsl,1
2008,PA,Wyoming,0,13129,0,0,5985,6983,13129,medsl,1
2012,PA,Wyoming,0,11872,0,0,5061,6587,11872,medsl,1
2016,PA,Wyoming,0,13144,0,0,3811,8837,13144,medsl,1
2020,PA,Wyoming,0,14858,0,0,4704,9936,14858,medsl,1
2024,PA,Wyoming,0,15052,0,0,4680,10222,15052,medsl,1
2004,PA,York,0,179269,0,0,63701,114270,179269,medsl,0
2008,PA,York,0,194183,0,0,82839,109268,194183,medsl,0
2012,PA,York,0,189229,0,0,73191,113304,189229,medsl,0
2016,PA,York,0,205986,0,0,68524,128528,205986,medsl,0
2020,PA,York,0,238471,0,0,88114,146733,238471,medsl,0
2024,PA,York,0,249210,0,0,91926,154884,249210,medsl,0
2004,RI,Bristol,0,24677,0,0,14448,9855,24677,medsl,1
2008,RI,Bristol,0,25905,0,0,16162,9260,25905,medsl,1
2012,RI,Bristol,0,24676,0,0,14974,9231,24676,medsl,1
2016,RI,Bristol,0,25475,0,0,14609,8965,25475,medsl,1
2020,RI,Bristol,0,28415,0,0,18050,9745,28415,medsl,1
2024,RI,Bristol,0,28335,0,0,17458,10048,28335,medsl,1
2004,RI,Kent,0,77842,0,0,42830,33699,77842,medsl,1
2008,RI,Kent,0,84074,0,0,48406,33780,84074,medsl,1
2012,RI,Kent,0,78923,0,0,45564,31567,78923,medsl,1
2016,RI,Kent,0,82053,0,0,37788,38336,82053,medsl,1
2020,RI,Kent,0,93093,0,0,49113,42001,93093,medsl,1
2024,RI,Kent,0,93148,0,0,46269,44526,93148,medsl,1
2004,RI,Newport,0,40337,0,0,22992,16622,40337,medsl,1
2008,RI,Newport,0,41997,0,0,25479,15717,41997,medsl,1
2012,RI,Newport,0,39452,0,0,23463,15202,39452,medsl,1
2016,RI,Newport,0,41045,0,0,22851,15077,41045,medsl,1
2020,RI,Newport,0,46148,0,0,29486,15722,46148,medsl,1
2024,RI,Newport,0,44618,0,0,27332,16027,44618,medsl,1
2004,RI,Providence,0,230947,0,0,144811,82337,230947,medsl,1
2008,RI,Providence,0,253630,0,0,167442,81010,253630,medsl,1
2012,RI,Providence,0,239789,0,0,159520,75785,239789,medsl,1
2016,RI,Providence,0,248474,0,0,142899,90882,248474,medsl,1
2020,RI,Providence,0,272667,0,0,165012,102551,272667,medsl,1
2024,RI,Providence,0,269679,0,0,150102,112443,269679,medsl,1
2004,RI,Washington,0,62486,0,0,34679,26533,62486,medsl,1
2008,RI,Washington,0,66160,0,0,39082,25624,66160,medsl,1
2012,RI,Washington,0,62879,0,0,35888,25366,62879,medsl,1
2016,RI,Washington,0,66369,0,0,33741,27230,66369,medsl,1
2020,RI,Washington,0,76060,0,0,44549,29818,76060,medsl,1
2024,RI,Washington,0,76036,0,0,42589,31247,76036,medsl,1
2004,SC,Abbeville,0,9925,0,0,4389,5436,9925,medsl,1
2008,SC,Abbeville,0,11001,0,0,4593,6264,11001,medsl,1
2012,SC,Abbeville,0,10671,0,0,4543,5981,10671,medsl,1
2016,SC,Abbeville,0,10775,0,0,3741,6763,10775,medsl,1
2020,SC,Abbeville,0,12433,0,0,4101,8215,12433,medsl,1
2024,SC,Abbeville,0,12048,0,0,3399,8509,12048,medsl,1
2004,SC,Aiken,0,59492,0,0,19799,39077,59492,medsl,1
2008,SC,Aiken,0,69770,0,0,26101,42849,69770,medsl,1
2012,SC,Aiken,0,70363,0,0,25322,44042,70363,medsl,1
2016,SC,Aiken,0,74851,0,0,25455,46025,74851,medsl,1
2020,SC,Aiken,0,85185,0,0,32275,51589,85185,medsl,1
2024,SC,Aiken,0,86091,0,0,31298,53592,86091,medsl,1
2004,SC,Allendale,0,3591,0,0,2565,985,3591,medsl,1
2008,SC,Allendale,0,4024,0,0,3029,947,4024,medsl,1
2012,SC,Allendale,0,4163,0,0,3297,838,4163,medsl,1
2016,SC,Allendale,0,3592,0,0,2735,789,3592,medsl,1
2020,SC,Allendale,0,3593,0,0,2718,835,3593,medsl,1
2024,SC,Allendale,0,3023,0,0,2165,813,3023,medsl,1
2004,SC,Anderson,0,64722,0,0,20697,43355,64722,medsl,1
2008,SC,Anderson,0,73787,0,0,24132,48690,73787,medsl,1
2012,SC,Anderson,0,72212,0,0,22405,48709,72212,medsl,1
2016,SC,Anderson,0,80483,0,0,21097,56232,80483,medsl,1
2020,SC,Anderson,0,96093,0,0,27169,67565,96093,medsl,1
2024,SC,Anderson,0,98296,0,0,25281,71828,98296,medsl,1
2004,SC,Bamberg,0,6036,0,0,3841,2138,6036,medsl,1
2008,SC,Bamberg,0,6814,0,0,4426,2309,6814,medsl,1
2012,SC,Bamberg,0,6882,0,0,4624,2194,6882,medsl,1
2016,SC,Bamberg,0,6214,0,0,3898,2204,6214,medsl,1
2020,SC,Bamberg,0,6482,0,0,4010,2417,6482,medsl,1
2024,SC,Bamberg,0,5694,0,0,3245,2376,5694,medsl,1
2004,SC,Barnwell,0,8685,0,0,3982,4606,8685,medsl,1
2008,SC,Barnwell,0,9798,0,0,4931,4769,9798,medsl,1
2012,SC,Barnwell,0,9923,0,0,5188,4659,9923,medsl,1
2016,SC,Barnwell,0,9485,0,0,4400,4889,9485,medsl,1
2020,SC,Barnwell,0,10321,0,0,4720,5492,10321,medsl,1
2024,SC,Barnwell,0,9803,0,0,4082,5605,9803,medsl,1
2004,SC,Beaufort,0,55235,0,0,21505,33331,55235,medsl,0
2008,SC,Beaufort,0,68870,0,0,30396,37821,68870,medsl,0
2012,SC,Beaufort,0,73297,0,0,29848,42687,73297,medsl,0
2016,SC,Beaufort,0,78524,0,0,32138,42922,78524,medsl,0
2020,SC,Beaufort,0,97835,0,0,43419,53194,97835,medsl,0
2024,SC,Beaufort,0,104403,0,0,44002,59123,104403,medsl,0
2004,SC,Berkeley,0,52937,0,0,20142,32104,52937,medsl,0
2008,SC,Berkeley,0,64781,0,0,27755,36205,64781,medsl,0
2012,SC,Berkeley,0,68195,0,0,28542,38475,68195,medsl,0
2016,SC,Berkeley,0,79517,0,0,30705,44587,79517,medsl,0
2020,SC,Berkeley,0,104458,0,0,45223,57397,104458,medsl,0
2024,SC,Berkeley,0,112834,0,0,46416,64777,112834,medsl,0
2004,SC,Calhoun,0,6919,0,0,3393,3448,6919,medsl,1
2008,SC,Calhoun,0,7738,0,0,3970,3695,7738,medsl,1
2012,SC,Calhoun,0,7834,0,0,4045,3707,7834,medsl,1
2016,SC,Calhoun,0,7549,0,0,3573,3787,7549,medsl,1
2020,SC,Calhoun,0,8291,0,0,3905,4305,8291,medsl,1
2024,SC,Calhoun,0,7914,0,0,3339,4474,7914,medsl,1
2004,SC,Charleston,0,136316,0,0,63758,70297,136316,medsl,1
2008,SC,Charleston,0,154434,0,0,82698,69822,154434,medsl,1
2012,SC,Charleston,0,161707,0,0,81487,77629,161707,medsl,1
2016,SC,Charleston,0,176345,0,0,89299,75443,176345,medsl,1
2020,SC,Charleston,0,218857,0,0,121485,93297,218857,medsl,1
2024,SC,Charleston,0,214521,0,0,111427,99265,214521,medsl,1
2004,SC,Cherokee,0,18714,0,0,6466,12090,18714,medsl,1
2008,SC,Cherokee,0,20766,0,0,7215,13305,20766,medsl,1
2012,SC,Cherokee,0,20773,0,0,7231,13314,20773,medsl,1
2016,SC,Cherokee,0,21759,0,0,6092,15167,21759,medsl,1
2020,SC,Cherokee,0,25270,0,0,6983,18043,25270,medsl,1
2024,SC,Cherokee,0,24839,0,0,5939,18697,24839,medsl,1
2004,SC,Chester,0,11729,0,0,5790,5798,11729,medsl,1
2008,SC,Chester,0,13981,0,0,7478,6318,13981,medsl,1
2012,SC,Chester,0,14407,0,0,7891,6367,14407,medsl,1
2016,SC,Chester,0,14192,0,0,6579,7265,14192,medsl,1
2020,SC,Chester,0,15757,0,0,6941,8660,15757,medsl,1
2024,SC,Chester,0,15556,0,0,6353,9030,15556,medsl,1
2004,SC,Chesterfield,0,14049,0,0,6729,7252,14049,medsl,1
2008,SC,Chesterfield,0,16359,0,0,7842,8325,16359,medsl,1
2012,SC,Chesterfield,0,16594,0,0,7958,8490,16594,medsl,1
2016,SC,Chesterfield,0,16581,0,0,6858,9312,16581,medsl,1
2020,SC,Chesterfield,0,18876,0,0,7431,11297,18876,medsl,1
2024,SC,Chesterfield,0,18391,0,0,6520,11682,18391,medsl,1
2004,SC,Clarendon,0,13200,0,0,7087,6061,13200,medsl,1
2008,SC,Clarendon,0,15552,0,0,8673,6758,15552,medsl,1
2012,SC,Clarendon,0,16292,0,0,9091,7071,16292,medsl,1
2016,SC,Clarendon,0,15395,0,0,7732,7386,15395,medsl,1
2020,SC,Clarendon,0,16733,0,0,8250,8361,16733,medsl,1
2024,SC,Clarendon,0,16320,0,0,7064,9065,16320,medsl,1
2004,SC,Colleton,0,14106,0,0,6699,7264,14106,medsl,1
2008,SC,Colleton,0,17321,0,0,8616,8525,17321,medsl,1
2012,SC,Colleton,0,17086,0,0,8475,8443,17086,medsl,1
2016,SC,Colleton,0,17251,0,0,7627,9091,17251,medsl,1
2020,SC,Colleton,0,19283,0,0,8602,10440,19283,medsl,1
2024,SC,Colleton,0,18276,0,0,7376,10696,18276,medsl,1
2004,SC,Darlington,0,25454,0,0,11829,13416,25454,medsl,1
2008,SC,Darlington,0,29334,0,0,14505,14544,29334,medsl,1
2012,SC,Darlington,0,30150,0,0,15457,14434,30150,medsl,1
2016,SC,Darlington,0,29674,0,0,13888,14989,29674,medsl,1
2020,SC,Darlington,0,32417,0,0,15220,16832,32417,medsl,1
2024,SC,Darlington,0,30331,0,0,12977,17017,30331,medsl,1
2004,SC,Dillon,0,9235,0,0,4832,4301,9235,medsl,1
2008,SC,Dillon,0,13417,0,0,7408,5874,13417,medsl,1
2012,SC,Dillon,0,13035,0,0,7523,5427,13035,medsl,1
2016,SC,Dillon,0,11698,0,0,5834,5637,11698,medsl,1
2020,SC,Dillon,0,13101,0,0,6436,6582,13101,medsl,1
2024,SC,Dillon,0,11861,0,0,5241,6526,11861,medsl,1
2004,SC,Dorchester,0,41317,0,0,14733,26006,41317,medsl,1
2008,SC,Dorchester,0,52405,0,0,21806,29929,52405,medsl,1
2012,SC,Dorchester,0,56855,0,0,23445,32531,56855,medsl,1
2016,SC,Dorchester,0,62567,0,0,24055,34987,62567,medsl,1
2020,SC,Dorchester,0,77278,0,0,33824,41913,77278,medsl,1
2024,SC,Dorchester,0,77764,0,0,32489,43839,77764,medsl,1
2004,SC,Edgefield,0,9746,0,0,4051,5611,9746,medsl,1
2008,SC,Edgefield,0,11520,0,0,5075,6334,11520,medsl,1
2012,SC,Edgefield,0,11586,0,0,4967,6512,11586,medsl,1
2016,SC,Edgefield,0,11644,0,0,4491,6842,11644,medsl,1
2020,SC,Edgefield,0,13304,0,0,4953,8184,13304,medsl,1
2024,SC,Edgefield,0,13919,0,0,4659,9092,13919,medsl,1
2004,SC,Fairfield,0,9435,0,0,5764,3531,9435,medsl,1
2008,SC,Fairfield,0,11619,0,0,7591,3912,11619,medsl,1
2012,SC,Fairfield,0,11895,0,0,7777,3999,11895,medsl,1
2016,SC,Fairfield,0,11267,0,0,6945,4027,11267,medsl,1
2020,SC,Fairfield,0,12136,0,0,7382,4625,12136,medsl,1
2024,SC,Fairfield,0,11215,0,0,6277,4792,11215,medsl,1
2004,SC,Florence,0,49545,0,0,21442,27689,49545,medsl,1
2008,SC,Florence,0,58373,0,0,28012,29861,58373,medsl,1
2012,SC,Florence,0,58122,0,0,28614,28961,58122,medsl,1
2016,SC,Florence,0,57931,0,0,26710,29573,57931,medsl,1
2020,SC,Florence,0,64510,0,0,31153,32615,64510,medsl,1
2024,SC,Florence,0,61140,0,0,27706,32615,61140,medsl,1
2004,SC,Georgetown,0,23593,0,0,10602,12606,23593,medsl,1
2008,SC,Georgetown,0,30290,0,0,14199,15790,30290,medsl,1
2012,SC,Georgetown,0,30965,0,0,14163,16526,30965,medsl,1
2016,SC,Georgetown,0,31657,0,0,13310,17389,31657,medsl,1
2020,SC,Georgetown,0,36668,0,0,15822,20487,36668,medsl,1
2024,SC,Georgetown,0,37754,0,0,14965,22326,37754,medsl,1
2004,SC,Greenville,0,168833,0,0,55347,111481,168833,medsl,1
2008,SC,Greenville,0,190657,0,0,70886,116363,190657,medsl,1
2012,SC,Greenville,0,193189,0,0,68070,121685,193189,medsl,1
2016,SC,Greenville,0,215165,0,0,74483,127832,215165,medsl,1
2020,SC,Greenville,0,258155,0,0,103030,150021,258155,medsl,1
2024,SC,Greenville,0,263316,0,0,100074,158541,263316,medsl,1
2004,SC,Greenwood,0,23442,0,0,8954,14264,23442,medsl,1
2008,SC,Greenwood,0,29667,0,0,12348,16995,29667,medsl,1
2012,SC,Greenwood,0,28672,0,0,11972,16348,28672,medsl,1
2016,SC,Greenwood,0,28763,0,0,10711,16961,28763,medsl,1
2020,SC,Greenwood,0,32006,0,0,12145,19431,32006,medsl,1
2024,SC,Greenwood,0,30888,0,0,10766,19715,30888,medsl,1
2004,SC,Hampton,0,8016,0,0,4832,3097,8016,medsl,1
2008,SC,Hampton,0,9350,0,0,5816,3439,9350,medsl,1
2012,SC,Hampton,0,9206,0,0,5834,3312,9206,medsl,1
2016,SC,Hampton,0,8806,0,0,5170,3488,8806,medsl,1
2020,SC,Hampton,0,9305,0,0,5323,3906,9305,medsl,1
2024,SC,Hampton,0,8233,0,0,4328,3801,8233,medsl,1
2004,SC,Horry,0,81347,0,0,29547,50447,81347,medsl,0
2008,SC,Horry,0,104798,0,0,38879,64609,104798,medsl,0
2012,SC,Horry,0,112393,0,0,38885,72127,112393,medsl,0
2016,SC,Horry,0,132920,0,0,39410,89288,132920,medsl,0
2020,SC,Horry,0,179744,0,0,59180,118821,179744,medsl,0
2024,SC,Horry,0,205954,0,0,62325,141719,205954,medsl,0
2004,SC,Jasper,0,6846,0,0,3840,2933,6846,medsl,0
2008,SC,Jasper,0,8854,0,0,5389,3365,8854,medsl,0
2012,SC,Jasper,0,10021,0,0,5757,4169,10021,medsl,0
2016,SC,Jasper,0,11427,0,0,5956,5187,11427,medsl,0
2020,SC,Jasper,0,14394,0,0,7185,7078,14394,medsl,0
2024,SC,Jasper,0,18227,0,0,8144,9900,18227,medsl,0
2004,SC,Kershaw,0,22915,0,0,8515,14160,22915,medsl,1
2008,SC,Kershaw,0,27985,0,0,11226,16466,27985,medsl,1
2012,SC,Kershaw,0,27946,0,0,11259,16324,27946,medsl,1
2016,SC,Kershaw,0,28995,0,0,10330,17542,28995,medsl,1
2020,SC,Kershaw,0,33629,0,0,12699,20471,33629,medsl,1
2024,SC,Kershaw,0,33533,0,0,11826,21289,33533,medsl,1
2004,SC,Lancaster,0,20814,0,0,7631,12916,20814,medsl,0
2008,SC,Lancaster,0,28921,0,0,12139,16441,28921,medsl,0
2012,SC,Lancaster,0,33144,0,0,13419,19333,33144,medsl,0
2016,SC,Lancaster,0,38938,0,0,13812,23719,38938,medsl,0
2020,SC,Lancaster,0,49868,0,0,18937,30312,49868,medsl,0
2024,SC,Lancaster,0,54427,0,0,20146,33623,54427,medsl,0
2004,SC,Laurens,0,23829,0,0,9205,14466,23829,medsl,1
2008,SC,Laurens,0,26282,0,0,10578,15334,26282,medsl,1
2012,SC,Laurens,0,25416,0,0,10318,14746,25416,medsl,1
2016,SC,Laurens,0,26566,0,0,8889,16816,26566,medsl,1
2020,SC,Laurens,0,30488,0,0,10159,20004,30488,medsl,1
2024,SC,Laurens,0,30213,0,0,8769,21110,30213,medsl,1
2004,SC,Lee,0,7898,0,0,4960,2901,7898,medsl,1
2008,SC,Lee,0,9153,0,0,5960,3074,9153,medsl,1
2012,SC,Lee,0,8907,0,0,5977,2832,8907,medsl,1
2016,SC,Lee,0,8156,0,0,5199,2803,8156,medsl,1
2020,SC,Lee,0,8431,0,0,5329,3008,8431,medsl,1
2024,SC,Lee,0,8076,0,0,4505,3078,8076,medsl,1
2004,SC,Lexington,0,93432,0,0,25393,67132,93432,medsl,1
2008,SC,Lexington,0,109512,0,0,33303,74960,109512,medsl,1
2012,SC,Lexington,0,112623,0,0,34148,76662,112623,medsl,1
2016,SC,Lexington,0,122093,0,0,35230,80026,122093,medsl,1
2020,SC,Lexington,0,144568,0,0,49301,92817,144568,medsl,1
2024,SC,Lexington,0,146903,0,0,47815,96965,146903,medsl,1
2004,SC,Marion,0,13507,0,0,7767,5589,13507,medsl,1
2008,SC,Marion,0,15174,0,0,9608,5416,15174,medsl,1
2012,SC,Marion,0,14986,0,0,9688,5164,14986,medsl,1
2016,SC,Marion,0,14276,0,0,8569,5444,14276,medsl,1
2020,SC,Marion,0,14704,0,0,8872,5711,14704,medsl,1
2024,SC,Marion,0,13388,0,0,7316,5906,13388,medsl,1
2004,SC,Marlboro,0,8560,0,0,4984,3423,8560,medsl,1
2008,SC,Marlboro,0,10876,0,0,6794,3996,10876,medsl,1
2012,SC,Marlboro,0,9853,0,0,6100,3676,9853,medsl,1
2016,SC,Marlboro,0,10389,0,0,5954,4267,10389,medsl,1
2020,SC,Marlboro,0,11446,0,0,6290,5044,11446,medsl,1
2024,SC,Marlboro,0,10152,0,0,5137,4896,10152,medsl,1
2004,SC,Mccormick,0,5122,0,0,2648,2396,5122,medsl,1
2008,SC,Mccormick,0,5232,0,0,2755,2437,5232,medsl,1
2012,SC,Mccormick,0,5160,0,0,2653,2467,5160,medsl,1
2016,SC,Mccormick,0,5216,0,0,2479,2652,5216,medsl,1
2020,SC,Mccormick,0,5697,0,0,2687,2958,5697,medsl,1
2024,SC,Mccormick,0,6153,0,0,2513,3565,6153,medsl,1
2004,SC,Newberry,0,12409,0,0,4483,7654,12409,medsl,1
2008,SC,Newberry,0,16524,0,0,6708,9616,16524,medsl,1
2012,SC,Newberry,0,16351,0,0,6913,9260,16351,medsl,1
2016,SC,Newberry,0,16807,0,0,6217,10017,16807,medsl,1
2020,SC,Newberry,0,18631,0,0,6958,11443,18631,medsl,1
2024,SC,Newberry,0,18129,0,0,5841,12067,18129,medsl,1
2004,SC,Oconee,0,27532,0,0,8395,18811,27532,medsl,1
2008,SC,Oconee,0,31132,0,0,9481,21164,31132,medsl,1
2012,SC,Oconee,0,30666,0,0,8550,21611,30666,medsl,1
2016,SC,Oconee,0,33635,0,0,7998,24178,33635,medsl,1
2020,SC,Oconee,0,40668,0,0,10414,29698,40668,medsl,1
2024,SC,Oconee,0,42264,0,0,9987,31772,42264,medsl,1
2004,SC,Orangeburg,0,37564,0,0,24698,12695,37564,medsl,1
2008,SC,Orangeburg,0,39754,0,0,27263,12115,39754,medsl,1
2012,SC,Orangeburg,0,43041,0,0,30720,12022,43041,medsl,1
2016,SC,Orangeburg,0,38910,0,0,26318,11931,38910,medsl,1
2020,SC,Orangeburg,0,41205,0,0,27295,13603,41205,medsl,1
2024,SC,Orangeburg,0,36970,0,0,22832,13750,36970,medsl,1
2004,SC,Pickens,0,40510,0,0,10287,29759,40510,medsl,0
2008,SC,Pickens,0,45128,0,0,11691,32552,45128,medsl,0
2012,SC,Pickens,0,45549,0,0,11156,33474,45549,medsl,0
2016,SC,Pickens,0,49049,0,0,10354,36236,49049,medsl,0
2020,SC,Pickens,0,57546,0,0,13645,42907,57546,medsl,0
2024,SC,Pickens,0,60451,0,0,13891,45728,60451,medsl,0
2004,SC,Richland,0,133801,0,0,76283,56212,133801,medsl,1
2008,SC,Richland,0,165037,0,0,105656,57941,165037,medsl,1
2012,SC,Richland,0,159154,0,0,103989,53105,159154,medsl,1
2016,SC,Richland,0,168722,0,0,108000,52469,168722,medsl,1
2020,SC,Richland,0,193822,0,0,132570,58313,193822,medsl,1
2024,SC,Richland,0,182411,0,0,121110,58019,182411,medsl,1
2004,SC,Saluda,0,7578,0,0,3001,4537,7578,medsl,1
2008,SC,Saluda,0,8603,0,0,3323,5191,8603,medsl,1
2012,SC,Saluda,0,8564,0,0,3328,5135,8564,medsl,1
2016,SC,Saluda,0,8564,0,0,2813,5526,8564,medsl,1
2020,SC,Saluda,0,9274,0,0,2963,6210,9274,medsl,1
2024,SC,Saluda,0,9014,0,0,2454,6452,9014,medsl,1
2004,SC,Spartanburg,0,96758,0,0,33633,62004,96758,medsl,1
2008,SC,Spartanburg,0,108328,0,0,41632,65042,108328,medsl,1
2012,SC,Spartanburg,0,109906,0,0,41461,66969,109906,medsl,1
2016,SC,Spartanburg,0,121090,0,0,39997,76277,121090,medsl,1
2020,SC,Spartanburg,0,148655,0,0,52926,93560,148655,medsl,1
2024,SC,Spartanburg,0,155597,0,0,50710,103032,155597,medsl,1
2004,SC,Sumter,0,37003,0,0,18695,18074,37003,medsl,1
2008,SC,Sumter,0,44358,0,0,25431,18581,44358,medsl,1
2012,SC,Sumter,0,47309,0,0,27589,19274,47309,medsl,1
2016,SC,Sumter,0,44086,0,0,24047,18745,44086,medsl,1
2020,SC,Sumter,0,48920,0,0,27379,21000,48920,medsl,1
2024,SC,Sumter,0,45170,0,0,23425,21215,45170,medsl,1
2004,SC,Union,0,11934,0,0,5236,6592,11934,medsl,1
2008,SC,Union,0,13551,0,0,5935,7449,13551,medsl,1
2012,SC,Union,0,12541,0,0,5796,6584,12541,medsl,1
2016,SC,Union,0,12092,0,0,4729,7061,12092,medsl,1
2020,SC,Union,0,13257,0,0,4935,8183,13257,medsl,1
2024,SC,Union,0,12289,0,0,4084,8102,12289,medsl,1
2004,SC,Williamsburg,0,13918,0,0,9044,4795,13918,medsl,1
2008,SC,Williamsburg,0,16443,0,0,11279,5004,16443,medsl,1
2012,SC,Williamsburg,0,16304,0,0,11335,4824,16304,medsl,1
2016,SC,Williamsburg,0,15054,0,0,9953,4864,15054,medsl,1
2020,SC,Williamsburg,0,15985,0,0,10289,5532,15985,medsl,1
2024,SC,Williamsburg,0,14330,0,0,8634,5524,14330,medsl,1
2004,SC,York,0,70181,0,0,24226,45234,70181,medsl,0
2008,SC,York,0,93696,0,0,37918,54500,93696,medsl,0
2012,SC,York,0,100210,0,0,39131,59546,100210,medsl,0
2016,SC,York,0,114357,0,0,41593,66754,114357,medsl,0
2020,SC,York,0,144050,0,0,59008,82727,144050,medsl,0
2024,SC,York,0,150059,0,0,59600,88239,150059,medsl,0
2004,SD,Aurora,0,1649,0,0,620,1009,1649,medsl,1
2008,SD,Aurora,0,1468,0,0,655,794,1468,medsl,1
2012,SD,Aurora,0,1400,0,0,556,804,1400,medsl,1
2016,SD,Aurora,0,1407,0,0,340,974,1407,medsl,1
2020,SD,Aurora,0,1405,0,0,317,1052,1405,medsl,1
2024,SD,Aurora,0,1393,0,0,302,1056,1393,medsl,1
2004,SD,Beadle,0,8480,0,0,3443,4917,8480,medsl,1
2008,SD,Beadle,0,7630,0,0,3493,4054,7630,medsl,1
2012,SD,Beadle,0,7263,0,0,2881,4230,7263,medsl,1
2016,SD,Beadle,0,6772,0,0,1912,4455,6772,medsl,1
2020,SD,Beadle,0,7081,0,0,2107,4808,7081,medsl,1
2024,SD,Beadle,0,7010,0,0,2017,4826,7010,medsl,1
2004,SD,Bennett,0,1630,0,0,759,833,1630,medsl,1
2008,SD,Bennett,0,1189,0,0,557,614,1189,medsl,1
2012,SD,Bennett,0,1203,0,0,548,626,1203,medsl,1
2016,SD,Bennett,0,1149,0,0,412,666,1149,medsl,1
2020,SD,Bennett,0,1183,0,0,466,694,1183,medsl,1
2024,SD,Bennett,0,1088,0,0,389,676,1088,medsl,1
2004,SD,Bon Homme,0,3408,0,0,1293,2063,3408,medsl,1
2008,SD,Bon Homme,0,3116,0,0,1367,1712,3116,medsl,1
2012,SD,Bon Homme,0,3074,0,0,1167,1830,3074,medsl,1
2016,SD,Bon Homme,0,2974,0,0,704,2105,2974,medsl,1
2020,SD,Bon Homme,0,3001,0,0,721,2235,3001,medsl,1
2024,SD,Bon Homme,0,2992,0,0,697,2236,2992,medsl,1
2004,SD,Brookings,0,13375,0,0,5443,7662,13375,medsl,1
2008,SD,Brookings,0,13789,0,0,7207,6431,13789,medsl,1
2012,SD,Brookings,0,12400,0,0,5827,6220,12400,medsl,1
2016,SD,Brookings,0,12680,0,0,4879,6748,12680,medsl,1
2020,SD,Brookings,0,14567,0,0,6110,8000,14567,medsl,1
2024,SD,Brookings,0,14939,0,0,5978,8575,14939,medsl,1
2004,SD,Brown,0,18599,0,0,7943,10386,18599,medsl,1
2008,SD,Brown,0,17253,0,0,9041,8067,17253,medsl,1
2012,SD,Brown,0,16068,0,0,7250,8321,16068,medsl,1
2016,SD,Brown,0,16114,0,0,5452,9613,16114,medsl,1
2020,SD,Brown,0,17547,0,0,6538,10580,17547,medsl,1
2024,SD,Brown,0,17043,0,0,6075,10645,17043,medsl,1
2004,SD,Brule,0,2629,0,0,1040,1544,2629,medsl,1
2008,SD,Brule,0,2406,0,0,965,1407,2406,medsl,1
2012,SD,Brule,0,2379,0,0,824,1499,2379,medsl,1
2016,SD,Brule,0,2288,0,0,571,1565,2288,medsl,1
2020,SD,Brule,0,2490,0,0,673,1750,2490,medsl,1
2024,SD,Brule,0,2423,0,0,666,1694,2423,medsl,1
2004,SD,Buffalo,0,841,0,0,603,223,841,medsl,1
2008,SD,Buffalo,0,612,0,0,454,156,612,medsl,1
2012,SD,Buffalo,0,641,0,0,472,166,641,medsl,1
2016,SD,Buffalo,0,490,0,0,296,171,490,medsl,1
2020,SD,Buffalo,0,549,0,0,352,183,549,medsl,1
2024,SD,Buffalo,0,466,0,0,291,164,466,medsl,1
2004,SD,Butte,0,4271,0,0,1009,3166,4271,medsl,0
2008,SD,Butte,0,4205,0,0,1306,2821,4205,medsl,0
2012,SD,Butte,0,4208,0,0,1002,3073,4208,medsl,0
2016,SD,Butte,0,4351,0,0,696,3357,4351,medsl,0
2020,SD,Butte,0,4802,0,0,939,3731,4802,medsl,0
2024,SD,Butte,0,5082,0,0,942,4024,5082,medsl,0
2004,SD,Campbell,0,959,0,0,239,708,959,medsl,1
2008,SD,Campbell,0,844,0,0,243,591,844,medsl,1
2012,SD,Campbell,0,787,0,0,153,616,787,medsl,1
2016,SD,Campbell,0,831,0,0,105,704,831,medsl,1
2020,SD,Campbell,0,873,0,0,117,747,873,medsl,1
2024,SD,Campbell,0,836,0,0,120,706,836,medsl,1
2004,SD,Charles Mix,0,4798,0,0,2155,2556,4798,medsl,1
2008,SD,Charles Mix,0,3937,0,0,1807,2109,3937,medsl,1
2012,SD,Charles Mix,0,3764,0,0,1483,2230,3764,medsl,1
2016,SD,Charles Mix,0,3433,0,0,935,2382,3433,medsl,1
2020,SD,Charles Mix,0,3783,0,0,1177,2552,3783,medsl,1
2024,SD,Charles Mix,0,3615,0,0,1000,2551,3615,medsl,1
2004,SD,Clark,0,2327,0,0,875,1435,2327,medsl,1
2008,SD,Clark,0,1920,0,0,830,1065,1920,medsl,1
2012,SD,Clark,0,1821,0,0,713,1067,1821,medsl,1
2016,SD,Clark,0,1657,0,0,398,1139,1657,medsl,1
2020,SD,Clark,0,1850,0,0,437,1373,1850,medsl,1
2024,SD,Clark,0,1842,0,0,415,1382,1842,medsl,1
2004,SD,Clay,0,6136,0,0,3315,2692,6136,medsl,1
2008,SD,Clay,0,6159,0,0,3808,2296,6159,medsl,1
2012,SD,Clay,0,5234,0,0,2955,2147,5234,medsl,1
2016,SD,Clay,0,5069,0,0,2608,2109,5069,medsl,1
2020,SD,Clay,0,5698,0,0,3083,2456,5698,medsl,1
2024,SD,Clay,0,5657,0,0,2944,2574,5657,medsl,1
2004,SD,Codington,0,12751,0,0,4803,7778,12751,medsl,0
2008,SD,Codington,0,12076,0,0,5595,6374,12076,medsl,0
2012,SD,Codington,0,11524,0,0,4588,6696,11524,medsl,0
2016,SD,Codington,0,11669,0,0,3174,7764,11669,medsl,0
2020,SD,Codington,0,13161,0,0,3837,8958,13161,medsl,0
2024,SD,Codington,0,13510,0,0,3840,9349,13510,medsl,0
2004,SD,Corson,0,1724,0,0,972,720,1724,medsl,1
2008,SD,Corson,0,1390,0,0,837,535,1390,medsl,1
2012,SD,Corson,0,1200,0,0,648,515,1200,medsl,1
2016,SD,Corson,0,1175,0,0,535,588,1175,medsl,1
2020,SD,Corson,0,1283,0,0,622,647,1283,medsl,1
2024,SD,Corson,0,1143,0,0,495,631,1143,medsl,1
2004,SD,Custer,0,4304,0,0,1272,2922,4304,medsl,0
2008,SD,Custer,0,4450,0,0,1475,2909,4450,medsl,0
2012,SD,Custer,0,4520,0,0,1335,3062,4520,medsl,0
2016,SD,Custer,0,4721,0,0,1121,3293,4721,medsl,0
2020,SD,Custer,0,5494,0,0,1522,3852,5494,medsl,0
2024,SD,Custer,0,6001,0,0,1567,4313,6001,medsl,0
2004,SD,Davison,0,8952,0,0,3263,5561,8952,medsl,0
2008,SD,Davison,0,8365,0,0,3554,4731,8365,medsl,0
2012,SD,Davison,0,7971,0,0,3042,4757,7971,medsl,0
2016,SD,Davison,0,7952,0,0,2355,5157,7952,medsl,0
2020,SD,Davison,0,8454,0,0,2648,5613,8454,medsl,0
2024,SD,Davison,0,9177,0,0,2743,6208,9177,medsl,0
2004,SD,Day,0,3540,0,0,1817,1671,3540,medsl,1
2008,SD,Day,0,3178,0,0,1785,1372,3178,medsl,1
2012,SD,Day,0,2873,0,0,1497,1320,2873,medsl,1
2016,SD,Day,0,2747,0,0,974,1627,2747,medsl,1
2020,SD,Day,0,2964,0,0,1052,1869,2964,medsl,1
2024,SD,Day,0,2932,0,0,1000,1876,2932,medsl,1
2004,SD,Deuel,0,2412,0,0,961,1406,2412,medsl,1
2008,SD,Deuel,0,2178,0,0,1054,1088,2178,medsl,1
2012,SD,Deuel,0,2171,0,0,941,1175,2171,medsl,1
2016,SD,Deuel,0,2080,0,0,570,1366,2080,medsl,1
2020,SD,Deuel,0,2350,0,0,609,1699,2350,medsl,1
2024,SD,Deuel,0,2298,0,0,528,1717,2298,medsl,1
2004,SD,Dewey,0,2564,0,0,1606,921,2564,medsl,1
2008,SD,Dewey,0,2005,0,0,1328,659,2005,medsl,1
2012,SD,Dewey,0,1895,0,0,1207,663,1895,medsl,1
2016,SD,Dewey,0,1708,0,0,888,723,1708,medsl,1
2020,SD,Dewey,0,1966,0,0,1131,790,1966,medsl,1
2024,SD,Dewey,0,1871,0,0,1032,793,1871,medsl,1
2004,SD,Douglas,0,2012,0,0,393,1596,2012,medsl,1
2008,SD,Douglas,0,1735,0,0,424,1293,1735,medsl,1
2012,SD,Douglas,0,1690,0,0,332,1334,1690,medsl,1
2016,SD,Douglas,0,1605,0,0,214,1338,1605,medsl,1
2020,SD,Douglas,0,1707,0,0,216,1468,1707,medsl,1
2024,SD,Douglas,0,1658,0,0,219,1419,1658,medsl,1
2004,SD,Edmunds,0,2234,0,0,765,1434,2234,medsl,1
2008,SD,Edmunds,0,2053,0,0,819,1213,2053,medsl,1
2012,SD,Edmunds,0,1936,0,0,622,1264,1936,medsl,1
2016,SD,Edmunds,0,1918,0,0,380,1433,1918,medsl,1
2020,SD,Edmunds,0,1985,0,0,417,1538,1985,medsl,1
2024,SD,Edmunds,0,2031,0,0,384,1618,2031,medsl,1
2004,SD,Fall River,0,3845,0,0,1326,2413,3845,medsl,1
2008,SD,Fall River,0,3755,0,0,1338,2348,3755,medsl,1
2012,SD,Fall River,0,3516,0,0,1140,2258,3516,medsl,1
2016,SD,Fall River,0,3563,0,0,821,2511,3563,medsl,1
2020,SD,Fall River,0,4042,0,0,1053,2878,4042,medsl,1
2024,SD,Fall River,0,4274,0,0,1030,3135,4274,medsl,1
2004,SD,Faulk,0,1369,0,0,418,945,1369,medsl,1
2008,SD,Faulk,0,1174,0,0,426,739,1174,medsl,1
2012,SD,Faulk,0,1127,0,0,331,765,1127,medsl,1
2016,SD,Faulk,0,1118,0,0,204,858,1118,medsl,1
2020,SD,Faulk,0,1182,0,0,198,964,1182,medsl,1
2024,SD,Faulk,0,1130,0,0,183,920,1130,medsl,1
2004,SD,Grant,0,4090,0,0,1633,2392,4090,medsl,1
2008,SD,Grant,0,3774,0,0,1786,1951,3774,medsl,1
2012,SD,Grant,0,3606,0,0,1493,2034,3606,medsl,1
2016,SD,Grant,0,3564,0,0,971,2382,3564,medsl,1
2020,SD,Grant,0,3745,0,0,1056,2618,3745,medsl,1
2024,SD,Grant,0,3630,0,0,946,2594,3630,medsl,1
2004,SD,Gregory,0,2546,0,0,813,1685,2546,medsl,1
2008,SD,Gregory,0,2218,0,0,771,1423,2218,medsl,1
2012,SD,Gregory,0,2151,0,0,599,1507,2151,medsl,1
2016,SD,Gregory,0,2091,0,0,391,1600,2091,medsl,1
2020,SD,Gregory,0,2258,0,0,455,1771,2258,medsl,1
2024,SD,Gregory,0,2267,0,0,426,1790,2267,medsl,1
2004,SD,Haakon,0,1240,0,0,219,1007,1240,medsl,1
2008,SD,Haakon,0,1141,0,0,187,939,1141,medsl,1
2012,SD,Haakon,0,1092,0,0,138,940,1092,medsl,1
2016,SD,Haakon,0,1044,0,0,77,936,1044,medsl,1
2020,SD,Haakon,0,1137,0,0,105,1026,1137,medsl,1
2024,SD,Haakon,0,1125,0,0,105,1004,1125,medsl,1
2004,SD,Hamlin,0,3011,0,0,1015,1946,3011,medsl,1
2008,SD,Hamlin,0,2737,0,0,1043,1661,2737,medsl,1
2012,SD,Hamlin,0,2793,0,0,921,1803,2793,medsl,1
2016,SD,Hamlin,0,2762,0,0,555,2051,2762,medsl,1
2020,SD,Hamlin,0,3083,0,0,647,2372,3083,medsl,1
2024,SD,Hamlin,0,3226,0,0,610,2560,3226,medsl,1
2004,SD,Hand,0,2187,0,0,668,1482,2187,medsl,1
2008,SD,Hand,0,1981,0,0,718,1247,1981,medsl,1
2012,SD,Hand,0,1848,0,0,575,1242,1848,medsl,1
2016,SD,Hand,0,1818,0,0,334,1391,1818,medsl,1
2020,SD,Hand,0,1836,0,0,373,1433,1836,medsl,1
2024,SD,Hand,0,1764,0,0,365,1376,1764,medsl,1
2004,SD,Hanson,0,2150,0,0,745,1379,2150,medsl,1
2008,SD,Hanson,0,2414,0,0,961,1426,2414,medsl,1
2012,SD,Hanson,0,2416,0,0,760,1627,2416,medsl,1
2016,SD,Hanson,0,2006,0,0,424,1497,2006,medsl,1
2020,SD,Hanson,0,2388,0,0,557,1793,2388,medsl,1
2024,SD,Hanson,0,2046,0,0,399,1611,2046,medsl,1
2004,SD,Harding,0,815,0,0,94,704,815,medsl,1
2008,SD,Harding,0,722,0,0,135,575,722,medsl,1
2012,SD,Harding,0,739,0,0,82,638,739,medsl,1
2016,SD,Harding,0,770,0,0,38,695,770,medsl,1
2020,SD,Harding,0,813,0,0,49,748,813,medsl,1
2024,SD,Harding,0,820,0,0,48,754,820,medsl,1
2004,SD,Hughes,0,8835,0,0,2697,6017,8835,medsl,1
2008,SD,Hughes,0,8386,0,0,3037,5298,8386,medsl,1
2012,SD,Hughes,0,8155,0,0,2786,5219,8155,medsl,1
2016,SD,Hughes,0,8175,0,0,2450,5174,8175,medsl,1
2020,SD,Hughes,0,8723,0,0,2953,5522,8723,medsl,1
2024,SD,Hughes,0,8435,0,0,2838,5379,8435,medsl,1
2004,SD,Hutchinson,0,4147,0,0,1177,2899,4147,medsl,1
2008,SD,Hutchinson,0,3561,0,0,1242,2285,3561,medsl,1
2012,SD,Hutchinson,0,3425,0,0,923,2451,3425,medsl,1
2016,SD,Hutchinson,0,3365,0,0,692,2517,3365,medsl,1
2020,SD,Hutchinson,0,3767,0,0,762,2944,3767,medsl,1
2024,SD,Hutchinson,0,3736,0,0,755,2918,3736,medsl,1
2004,SD,Hyde,0,900,0,0,259,631,900,medsl,1
2008,SD,Hyde,0,776,0,0,226,547,776,medsl,1
2012,SD,Hyde,0,733,0,0,189,531,733,medsl,1
2016,SD,Hyde,0,690,0,0,125,543,690,medsl,1
2020,SD,Hyde,0,710,0,0,136,564,710,medsl,1
2024,SD,Hyde,0,695,0,0,148,530,695,medsl,1
2004,SD,Jackson,0,1271,0,0,508,726,1271,medsl,1
2008,SD,Jackson,0,1118,0,0,435,668,1118,medsl,1
2012,SD,Jackson,0,1106,0,0,426,661,1106,medsl,1
2016,SD,Jackson,0,1095,0,0,323,722,1095,medsl,1
2020,SD,Jackson,0,1115,0,0,359,738,1115,medsl,1
2024,SD,Jackson,0,1129,0,0,357,753,1129,medsl,1
2004,SD,Jerauld,0,1236,0,0,482,736,1236,medsl,1
2008,SD,Jerauld,0,1092,0,0,542,546,1092,medsl,1
2012,SD,Jerauld,0,1006,0,0,452,538,1006,medsl,1
2016,SD,Jerauld,0,967,0,0,264,648,967,medsl,1
2020,SD,Jerauld,0,1006,0,0,270,721,1006,medsl,1
2024,SD,Jerauld,0,999,0,0,276,708,999,medsl,1
2004,SD,Jones,0,717,0,0,134,565,717,medsl,1
2008,SD,Jones,0,618,0,0,147,463,618,medsl,1
2012,SD,Jones,0,609,0,0,108,490,609,medsl,1
2016,SD,Jones,0,558,0,0,69,450,558,medsl,1
2020,SD,Jones,0,599,0,0,90,498,599,medsl,1
2024,SD,Jones,0,550,0,0,60,477,550,medsl,1
2004,SD,Kingsbury,0,3014,0,0,1163,1804,3014,medsl,1
2008,SD,Kingsbury,0,2739,0,0,1277,1435,2739,medsl,1
2012,SD,Kingsbury,0,2608,0,0,1092,1451,2608,medsl,1
2016,SD,Kingsbury,0,2551,0,0,703,1680,2551,medsl,1
2020,SD,Kingsbury,0,2779,0,0,819,1904,2779,medsl,1
2024,SD,Kingsbury,0,2801,0,0,760,1989,2801,medsl,1
2004,SD,Lake,0,6007,0,0,2509,3359,6007,medsl,0
2008,SD,Lake,0,6076,0,0,3033,2993,6076,medsl,0
2012,SD,Lake,0,6285,0,0,2724,3419,6285,medsl,0
2016,SD,Lake,0,6786,0,0,2314,4038,6786,medsl,0
2020,SD,Lake,0,5873,0,0,2068,3681,5873,medsl,0
2024,SD,Lake,0,5906,0,0,1978,3819,5906,medsl,0
2004,SD,Lawrence,0,11619,0,0,3857,7489,11619,medsl,0
2008,SD,Lawrence,0,11876,0,0,4932,6787,11876,medsl,0
2012,SD,Lawrence,0,11359,0,0,3973,7025,11359,medsl,0
2016,SD,Lawrence,0,11842,0,0,3356,7411,11842,medsl,0
2020,SD,Lawrence,0,13828,0,0,4537,8753,13828,medsl,0
2024,SD,Lawrence,0,15409,0,0,5074,9904,15409,medsl,0
2004,SD,Lincoln,0,17066,0,0,5703,11161,17066,medsl,0
2008,SD,Lincoln,0,20601,0,0,8642,11803,20601,medsl,0
2012,SD,Lincoln,0,21952,0,0,7982,13611,21952,medsl,0
2016,SD,Lincoln,0,25231,0,0,8076,15499,25231,medsl,0
2020,SD,Lincoln,0,32396,0,0,11981,19617,32396,medsl,0
2024,SD,Lincoln,0,36393,0,0,12981,22621,36393,medsl,0
2004,SD,Lyman,0,1940,0,0,872,1029,1940,medsl,1
2008,SD,Lyman,0,1623,0,0,710,894,1623,medsl,1
2012,SD,Lyman,0,1569,0,0,605,933,1569,medsl,1
2016,SD,Lyman,0,1421,0,0,369,977,1421,medsl,1
2020,SD,Lyman,0,1597,0,0,525,1042,1597,medsl,1
2024,SD,Lyman,0,1447,0,0,422,993,1447,medsl,1
2004,SD,Marshall,0,2364,0,0,1099,1242,2364,medsl,1
2008,SD,Marshall,0,2177,0,0,1261,900,2177,medsl,1
2012,SD,Marshall,0,1987,0,0,1061,889,1987,medsl,1
2016,SD,Marshall,0,1947,0,0,754,1056,1947,medsl,1
2020,SD,Marshall,0,2178,0,0,858,1287,2178,medsl,1
2024,SD,Marshall,0,2109,0,0,782,1288,2109,medsl,1
2004,SD,Mccook,0,3271,0,0,1201,2017,3271,medsl,1
2008,SD,Mccook,0,2905,0,0,1219,1646,2905,medsl,1
2012,SD,Mccook,0,2613,0,0,905,1655,2613,medsl,1
2016,SD,Mccook,0,2587,0,0,623,1794,2587,medsl,1
2020,SD,Mccook,0,2900,0,0,769,2068,2900,medsl,1
2024,SD,Mccook,0,3031,0,0,733,2227,3031,medsl,1
2004,SD,Mcpherson,0,1579,0,0,369,1180,1579,medsl,1
2008,SD,Mcpherson,0,1364,0,0,441,915,1364,medsl,1
2012,SD,Mcpherson,0,1215,0,0,272,921,1215,medsl,1
2016,SD,Mcpherson,0,1137,0,0,192,892,1137,medsl,1
2020,SD,Mcpherson,0,1324,0,0,222,1075,1324,medsl,1
2024,SD,Mcpherson,0,1299,0,0,188,1087,1299,medsl,1
2004,SD,Meade,0,11504,0,0,2941,8347,11504,medsl,0
2008,SD,Meade,0,11465,0,0,3751,7515,11465,medsl,0
2012,SD,Meade,0,10817,0,0,2928,7566,10817,medsl,0
2016,SD,Meade,0,11621,0,0,2223,8441,11621,medsl,0
2020,SD,Meade,0,13670,0,0,3285,9875,13670,medsl,0
2024,SD,Meade,0,14672,0,0,3421,10887,14672,medsl,0
2004,SD,Mellette,0,931,0,0,361,553,931,medsl,1
2008,SD,Mellette,0,829,0,0,373,445,829,medsl,1
2012,SD,Mellette,0,769,0,0,375,381,769,medsl,1
2016,SD,Mellette,0,683,0,0,238,402,683,medsl,1
2020,SD,Mellette,0,769,0,0,298,449,769,medsl,1
2024,SD,Mellette,0,740,0,0,285,434,740,medsl,1
2004,SD,Miner,0,1470,0,0,641,810,1470,medsl,1
2008,SD,Miner,0,1198,0,0,605,577,1198,medsl,1
2012,SD,Miner,0,1140,0,0,479,636,1140,medsl,1
2016,SD,Miner,0,1064,0,0,281,706,1064,medsl,1
2020,SD,Miner,0,1138,0,0,320,787,1138,medsl,1
2024,SD,Miner,0,1167,0,0,293,841,1167,medsl,1
2004,SD,Minnehaha,0,77632,0,0,32314,44189,77632,medsl,1
2008,SD,Minnehaha,0,79798,0,0,39838,39251,79798,medsl,1
2012,SD,Minnehaha,0,76583,0,0,34674,40342,76583,medsl,1
2016,SD,Minnehaha,0,78263,0,0,30610,42043,78263,medsl,1
2020,SD,Minnehaha,0,92326,0,0,40482,49249,92326,medsl,1
2024,SD,Minnehaha,0,93986,0,0,39923,51842,93986,medsl,1
2004,SD,Moody,0,3451,0,0,1609,1790,3451,medsl,1
2008,SD,Moody,0,3203,0,0,1663,1508,3203,medsl,1
2012,SD,Moody,0,3033,0,0,1429,1535,3033,medsl,1
2016,SD,Moody,0,2933,0,0,1043,1731,2933,medsl,1
2020,SD,Moody,0,3206,0,0,1179,1951,3206,medsl,1
2024,SD,Moody,0,3189,0,0,1052,2068,3189,medsl,1
2016,SD,Oglala Lakota,0,2905,0,0,2510,241,2905,medsl,1
2020,SD,Oglala Lakota,0,3200,0,0,2829,297,3200,medsl,1
2024,SD,Oglala Lakota,0,3062,0,0,2567,406,3062,medsl,1
2004,SD,Pennington,0,44968,0,0,14213,29976,44968,medsl,1
2008,SD,Pennington,0,45787,0,0,17802,27603,45787,medsl,1
2012,SD,Pennington,0,44464,0,0,15125,28232,44464,medsl,1
2016,SD,Pennington,0,47743,0,0,14074,29804,47743,medsl,1
2020,SD,Pennington,0,57518,0,0,20606,35063,57518,medsl,1
2024,SD,Pennington,0,56580,0,0,20051,35009,56580,medsl,1
2004,SD,Perkins,0,1813,0,0,418,1329,1813,medsl,1
2008,SD,Perkins,0,1656,0,0,499,1102,1656,medsl,1
2012,SD,Perkins,0,1590,0,0,319,1205,1590,medsl,1
2016,SD,Perkins,0,1606,0,0,188,1333,1606,medsl,1
2020,SD,Perkins,0,1669,0,0,239,1401,1669,medsl,1
2024,SD,Perkins,0,1591,0,0,228,1342,1591,medsl,1
2004,SD,Potter,0,1618,0,0,463,1143,1618,medsl,1
2008,SD,Potter,0,1434,0,0,482,937,1434,medsl,1
2012,SD,Potter,0,1381,0,0,339,1029,1381,medsl,1
2016,SD,Potter,0,1337,0,0,215,1071,1337,medsl,1
2020,SD,Potter,0,1380,0,0,227,1139,1380,medsl,1
2024,SD,Potter,0,1298,0,0,214,1059,1298,medsl,1
2004,SD,Roberts,0,4982,0,0,2527,2396,4982,medsl,1
2008,SD,Roberts,0,4484,0,0,2672,1781,4484,medsl,1
2012,SD,Roberts,0,4256,0,0,2302,1883,4256,medsl,1
2016,SD,Roberts,0,3889,0,0,1540,2144,3889,medsl,1
2020,SD,Roberts,0,4307,0,0,1828,2404,4307,medsl,1
2024,SD,Roberts,0,4149,0,0,1560,2514,4149,medsl,1
2004,SD,Sanborn,0,1426,0,0,581,817,1426,medsl,0
2008,SD,Sanborn,0,1181,0,0,500,669,1181,medsl,0
2012,SD,Sanborn,0,1115,0,0,389,688,1115,medsl,0
2016,SD,Sanborn,0,1123,0,0,241,819,1123,medsl,0
2020,SD,Sanborn,0,1185,0,0,257,905,1185,medsl,0
2024,SD,Sanborn,0,1212,0,0,259,929,1212,medsl,0
2004,SD,Shannon,0,4214,0,0,3566,526,4214,medsl,0
2008,SD,Shannon,0,3314,0,0,2971,331,3314,medsl,0
2012,SD,Shannon,0,3145,0,0,2937,188,3145,medsl,0
2004,SD,Spink,0,3774,0,0,1478,2259,3774,medsl,1
2008,SD,Spink,0,3239,0,0,1550,1660,3239,medsl,1
2012,SD,Spink,0,3041,0,0,1300,1670,3041,medsl,1
2016,SD,Spink,0,2951,0,0,919,1854,2951,medsl,1
2020,SD,Spink,0,3163,0,0,998,2104,3163,medsl,1
2024,SD,Spink,0,3139,0,0,921,2145,3139,medsl,1
2004,SD,Stanley,0,1623,0,0,464,1129,1623,medsl,0
2008,SD,Stanley,0,1540,0,0,510,1017,1540,medsl,0
2012,SD,Stanley,0,1540,0,0,435,1063,1540,medsl,0
2016,SD,Stanley,0,1567,0,0,329,1148,1567,medsl,0
2020,SD,Stanley,0,1652,0,0,421,1203,1652,medsl,0
2024,SD,Stanley,0,1735,0,0,447,1260,1735,medsl,0
2004,SD,Sully,0,917,0,0,201,702,917,medsl,1
2008,SD,Sully,0,823,0,0,233,581,823,medsl,1
2012,SD,Sully,0,818,0,0,186,613,818,medsl,1
2016,SD,Sully,0,861,0,0,137,679,861,medsl,1
2020,SD,Sully,0,930,0,0,185,726,930,medsl,1
2024,SD,Sully,0,901,0,0,168,716,901,medsl,1
2004,SD,Todd,0,3524,0,0,2543,889,3524,medsl,1
2008,SD,Todd,0,2807,0,0,2208,571,2807,medsl,1
2012,SD,Todd,0,2497,0,0,1976,498,2497,medsl,1
2016,SD,Todd,0,2125,0,0,1505,487,2125,medsl,1
2020,SD,Todd,0,2539,0,0,1963,532,2539,medsl,1
2024,SD,Todd,0,2126,0,0,1570,497,2126,medsl,1
2004,SD,Tripp,0,3245,0,0,972,2230,3245,medsl,1
2008,SD,Tripp,0,2809,0,0,914,1859,2809,medsl,1
2012,SD,Tripp,0,2691,0,0,737,1905,2691,medsl,1
2016,SD,Tripp,0,2630,0,0,462,2069,2630,medsl,1
2020,SD,Tripp,0,2696,0,0,495,2161,2696,medsl,1
2024,SD,Tripp,0,2654,0,0,470,2150,2654,medsl,1
2004,SD,Turner,0,4834,0,0,1646,3084,4834,medsl,1
2008,SD,Turner,0,4266,0,0,1681,2538,4266,medsl,1
2012,SD,Turner,0,4210,0,0,1411,2715,4210,medsl,1
2016,SD,Turner,0,4150,0,0,961,2937,4150,medsl,1
2020,SD,Turner,0,4548,0,0,1139,3290,4548,medsl,1
2024,SD,Turner,0,4538,0,0,1044,3374,4538,medsl,1
2004,SD,Union,0,7048,0,0,3000,3987,7048,medsl,1
2008,SD,Union,0,7620,0,0,3244,4310,7620,medsl,1
2012,SD,Union,0,7596,0,0,2782,4698,7596,medsl,1
2016,SD,Union,0,7897,0,0,2227,5290,7897,medsl,1
2020,SD,Union,0,8855,0,0,2725,5944,8855,medsl,1
2024,SD,Union,0,8876,0,0,2548,6160,8876,medsl,1
2004,SD,Walworth,0,2880,0,0,878,1967,2880,medsl,1
2008,SD,Walworth,0,2620,0,0,923,1668,2620,medsl,1
2012,SD,Walworth,0,2462,0,0,671,1731,2462,medsl,1
2016,SD,Walworth,0,2477,0,0,457,1896,2477,medsl,1
2020,SD,Walworth,0,2580,0,0,565,1966,2580,medsl,1
2024,SD,Walworth,0,2466,0,0,481,1940,2466,medsl,1
2004,SD,Yankton,0,10431,0,0,4237,6003,10431,medsl,1
2008,SD,Yankton,0,9967,0,0,4838,5039,9967,medsl,1
2012,SD,Yankton,0,9974,0,0,4226,5495,9974,medsl,1
2016,SD,Yankton,0,9623,0,0,3301,5659,9623,medsl,1
2020,SD,Yankton,0,10900,0,0,4016,6581,10900,medsl,1
2024,SD,Yankton,0,10832,0,0,3883,6650,10832,medsl,1
2004,SD,Ziebach,0,1116,0,0,641,447,1116,medsl,1
2008,SD,Ziebach,0,882,0,0,554,312,882,medsl,1
2012,SD,Ziebach,0,761,0,0,439,314,761,medsl,1
2016,SD,Ziebach,0,767,0,0,353,368,767,medsl,1
2020,SD,Ziebach,0,906,0,0,481,404,906,medsl,1
2024,SD,Ziebach,0,781,0,0,366,388,781,medsl,1
2004,TN,Anderson,0,31682,0,0,12896,18510,31682,medsl,1
2008,TN,Anderson,0,31570,0,0,11396,19675,31570,medsl,1
2012,TN,Anderson,0,29659,0,0,10122,18968,29659,medsl,1
2016,TN,Anderson,0,29881,0,0,9013,19212,29881,medsl,1
2020,TN,Anderson,0,35570,0,0,11741,23184,35570,medsl,1
2024,TN,Anderson,0,36548,0,0,11525,24582,36548,medsl,1
2004,TN,Bedford,0,13696,0,0,5261,8348,13696,medsl,1
2008,TN,Bedford,0,15507,0,0,5027,10217,15507,medsl,1
2012,TN,Bedford,0,14445,0,0,4211,10034,14445,medsl,1
2016,TN,Bedford,0,15355,0,0,3395,11486,15355,medsl,1
2020,TN,Bedford,0,19088,0,0,4453,14354,19088,medsl,1
2024,TN,Bedford,0,20090,0,0,4122,15772,20090,medsl,1
2004,TN,Benton,0,7090,0,0,3869,3161,7090,medsl,1
2008,TN,Benton,0,6479,0,0,2645,3696,6479,medsl,1
2012,TN,Benton,0,6226,0,0,2258,3850,6226,medsl,1
2016,TN,Benton,0,6328,0,0,1474,4716,6328,medsl,1
2020,TN,Benton,0,7260,0,0,1529,5668,7260,medsl,1
2024,TN,Benton,0,7260,0,0,1317,5886,7260,medsl,1
2004,TN,Bledsoe,0,4800,0,0,1927,2849,4800,medsl,1
2008,TN,Bledsoe,0,4784,0,0,1517,3166,4784,medsl,1
2012,TN,Bledsoe,0,4359,0,0,1267,3022,4359,medsl,1
2016,TN,Bledsoe,0,4664,0,0,897,3622,4664,medsl,1
2020,TN,Bledsoe,0,5758,0,0,971,4725,5758,medsl,1
2024,TN,Bledsoe,0,6191,0,0,891,5254,6191,medsl,1
2004,TN,Blount,0,48710,0,0,15042,33240,48710,medsl,1
2008,TN,Blount,0,51645,0,0,15253,35571,51645,medsl,1
2012,TN,Blount,0,49234,0,0,12934,35441,49234,medsl,1
2016,TN,Blount,0,52208,0,0,12100,37443,52208,medsl,1
2020,TN,Blount,0,66609,0,0,17932,47369,66609,medsl,1
2024,TN,Blount,0,69224,0,0,17664,50699,69224,medsl,1
2004,TN,Bradley,0,35623,0,0,9426,25942,35623,medsl,0
2008,TN,Bradley,0,38191,0,0,9357,28333,38191,medsl,0
2012,TN,Bradley,0,35963,0,0,8037,27422,35963,medsl,0
2016,TN,Bradley,0,38666,0,0,7070,29768,38666,medsl,0
2020,TN,Bradley,0,45865,0,0,9851,35204,45865,medsl,0
2024,TN,Bradley,0,49246,0,0,9852,38836,49246,medsl,0
2004,TN,Campbell,0,14118,0,0,6163,7859,14118,medsl,1
2008,TN,Campbell,0,12628,0,0,3867,8535,12628,medsl,1
2012,TN,Campbell,0,12101,0,0,3328,8604,12101,medsl,1
2016,TN,Campbell,0,12532,0,0,2248,9870,12532,medsl,1
2020,TN,Campbell,0,14933,0,0,2441,12331,14933,medsl,1
2024,TN,Campbell,0,15528,0,0,2305,13115,15528,medsl,1
2004,TN,Cannon,0,5467,0,0,2510,2923,5467,medsl,1
2008,TN,Cannon,0,5457,0,0,2011,3322,5457,medsl,1
2012,TN,Cannon,0,4973,0,0,1564,3309,4973,medsl,1
2016,TN,Cannon,0,5314,0,0,1127,4007,5314,medsl,1
2020,TN,Cannon,0,6557,0,0,1261,5190,6557,medsl,1
2024,TN,Cannon,0,6881,0,0,1132,5682,6881,medsl,1
2004,TN,Carroll,0,11755,0,0,5070,6603,11755,medsl,1
2008,TN,Carroll,0,11646,0,0,3980,7455,11646,medsl,1
2012,TN,Carroll,0,10851,0,0,3475,7225,10851,medsl,1
2016,TN,Carroll,0,10384,0,0,2327,7756,10384,medsl,1
2020,TN,Carroll,0,11905,0,0,2559,9205,11905,medsl,1
2024,TN,Carroll,0,11882,0,0,2233,9547,11882,medsl,1
2004,TN,Carter,0,22302,0,0,6390,15763,22302,medsl,1
2008,TN,Carter,0,21769,0,0,5587,15852,21769,medsl,1
2012,TN,Carter,0,20617,0,0,4789,15503,20617,medsl,1
2016,TN,Carter,0,21084,0,0,3453,16898,21084,medsl,1
2020,TN,Carter,0,24492,0,0,4529,19584,24492,medsl,1
2024,TN,Carter,0,24852,0,0,4454,20167,24852,medsl,1
2004,TN,Cheatham,0,15697,0,0,5918,9676,15697,medsl,1
2008,TN,Cheatham,0,16428,0,0,5498,10702,16428,medsl,1
2012,TN,Cheatham,0,15182,0,0,4659,10268,15182,medsl,1
2016,TN,Cheatham,0,15924,0,0,3878,11297,15924,medsl,1
2020,TN,Cheatham,0,20260,0,0,5514,14438,20260,medsl,1
2024,TN,Cheatham,0,20741,0,0,5464,14987,20741,medsl,1
2004,TN,Chester,0,6297,0,0,2182,4086,6297,medsl,1
2008,TN,Chester,0,6459,0,0,1797,4587,6459,medsl,1
2012,TN,Chester,0,6410,0,0,1624,4684,6410,medsl,1
2016,TN,Chester,0,6507,0,0,1243,5081,6507,medsl,1
2020,TN,Chester,0,7584,0,0,1412,5952,7584,medsl,1
2024,TN,Chester,0,7577,0,0,1286,6206,7577,medsl,1
2004,TN,Claiborne,0,10538,0,0,4033,6447,10538,medsl,1
2008,TN,Claiborne,0,10420,0,0,3078,7175,10420,medsl,1
2012,TN,Claiborne,0,10178,0,0,2433,7617,10178,medsl,1
2016,TN,Claiborne,0,10740,0,0,1832,8602,10740,medsl,1
2020,TN,Claiborne,0,12945,0,0,2202,10604,12945,medsl,1
2024,TN,Claiborne,0,13534,0,0,1971,11463,13534,medsl,1
2004,TN,Clay,0,3352,0,0,1673,1647,3352,medsl,1
2008,TN,Clay,0,2994,0,0,1248,1676,2994,medsl,1
2012,TN,Clay,0,2820,0,0,1037,1747,2820,medsl,1
2016,TN,Clay,0,2920,0,0,707,2141,2920,medsl,1
2020,TN,Clay,0,3506,0,0,735,2733,3506,medsl,1
2024,TN,Clay,0,3760,0,0,614,3117,3760,medsl,1
2004,TN,Cocke,0,12301,0,0,3932,8290,12301,medsl,1
2008,TN,Cocke,0,12481,0,0,3340,8945,12481,medsl,1
2012,TN,Cocke,0,11454,0,0,2804,8459,11454,medsl,1
2016,TN,Cocke,0,12126,0,0,1981,9791,12126,medsl,1
2020,TN,Cocke,0,14859,0,0,2533,12162,14859,medsl,1
2024,TN,Cocke,0,15663,0,0,2415,13105,15663,medsl,1
2004,TN,Coffee,0,20154,0,0,8238,11785,20154,medsl,1
2008,TN,Coffee,0,20790,0,0,7132,13250,20790,medsl,1
2012,TN,Coffee,0,19259,0,0,5870,13023,19259,medsl,1
2016,TN,Coffee,0,19971,0,0,4743,14417,19971,medsl,1
2020,TN,Coffee,0,24282,0,0,5705,17883,24282,medsl,1
2024,TN,Coffee,0,24932,0,0,5440,19174,24932,medsl,1
2004,TN,Crockett,0,5715,0,0,2455,3239,5715,medsl,1
2008,TN,Crockett,0,6037,0,0,1967,3994,6037,medsl,1
2012,TN,Crockett,0,5498,0,0,1669,3783,5498,medsl,1
2016,TN,Crockett,0,5397,0,0,1303,3982,5397,medsl,1
2020,TN,Crockett,0,6114,0,0,1382,4673,6114,medsl,1
2024,TN,Crockett,0,5921,0,0,1196,4674,5921,medsl,1
2004,TN,Cumberland,0,23634,0,0,8326,15142,23634,medsl,0
2008,TN,Cumberland,0,25712,0,0,7889,17436,25712,medsl,0
2012,TN,Cumberland,0,25247,0,0,6261,18653,25247,medsl,0
2016,TN,Cumberland,0,26360,0,0,5202,20413,26360,medsl,0
2020,TN,Cumberland,0,32279,0,0,6728,25168,32279,medsl,0
2024,TN,Cumberland,0,34642,0,0,6996,27399,34642,medsl,0
2004,TN,Davidson,0,241675,0,0,132362,107618,241675,medsl,1
2008,TN,Davidson,0,264486,0,0,158423,102915,264486,medsl,1
2012,TN,Davidson,0,244873,0,0,143120,97622,244873,medsl,1
2016,TN,Davidson,0,249068,0,0,148864,84550,249068,medsl,1
2020,TN,Davidson,0,309658,0,0,199703,100218,309658,medsl,1
2024,TN,Davidson,0,290036,0,0,181862,102256,290036,medsl,1
2004,TN,Decatur,0,4879,0,0,2268,2566,4879,medsl,1
2008,TN,Decatur,0,4763,0,0,1566,3101,4763,medsl,1
2012,TN,Decatur,0,4251,0,0,1303,2874,4251,medsl,1
2016,TN,Decatur,0,4592,0,0,894,3588,4592,medsl,1
2020,TN,Decatur,0,5241,0,0,904,4229,5241,medsl,1
2024,TN,Decatur,0,5466,0,0,819,4596,5466,medsl,1
2004,TN,Dekalb,0,7173,0,0,3445,3685,7173,medsl,1
2008,TN,Dekalb,0,7065,0,0,2832,4085,7065,medsl,1
2012,TN,Dekalb,0,6422,0,0,2174,4143,6422,medsl,1
2016,TN,Dekalb,0,6955,0,0,1569,5171,6955,medsl,1
2020,TN,Dekalb,0,8513,0,0,1750,6672,8513,medsl,1
2024,TN,Dekalb,0,9396,0,0,1706,7599,9396,medsl,1
2004,TN,Dickson,0,19283,0,0,8592,10557,19283,medsl,1
2008,TN,Dickson,0,19519,0,0,7506,11677,19519,medsl,1
2012,TN,Dickson,0,17835,0,0,6233,11296,17835,medsl,1
2016,TN,Dickson,0,18699,0,0,4722,13233,18699,medsl,1
2020,TN,Dickson,0,24323,0,0,6106,17643,24323,medsl,1
2024,TN,Dickson,0,25204,0,0,5913,19002,25204,medsl,1
2004,TN,Dyer,0,13809,0,0,5287,8447,13809,medsl,1
2008,TN,Dyer,0,14450,0,0,4411,9859,14450,medsl,1
2012,TN,Dyer,0,13800,0,0,3757,9921,13800,medsl,1
2016,TN,Dyer,0,13336,0,0,2816,10180,13336,medsl,1
2020,TN,Dyer,0,15079,0,0,3158,11768,15079,medsl,1
2024,TN,Dyer,0,14394,0,0,2707,11603,14394,medsl,1
2004,TN,Fayette,0,14731,0,0,5692,8960,14731,medsl,1
2008,TN,Fayette,0,19254,0,0,6892,12173,19254,medsl,1
2012,TN,Fayette,0,19574,0,0,6688,12689,19574,medsl,1
2016,TN,Fayette,0,19394,0,0,5874,13055,19394,medsl,1
2020,TN,Fayette,0,22984,0,0,7027,15690,22984,medsl,1
2024,TN,Fayette,0,23696,0,0,6720,16756,23696,medsl,1
2004,TN,Fentress,0,6700,0,0,2371,4293,6700,medsl,1
2008,TN,Fentress,0,6739,0,0,1831,4789,6739,medsl,1
2012,TN,Fentress,0,6895,0,0,1561,5243,6895,medsl,1
2016,TN,Fentress,0,7333,0,0,1100,6038,7333,medsl,1
2020,TN,Fentress,0,8729,0,0,1214,7441,8729,medsl,1
2024,TN,Fentress,0,9771,0,0,1149,8555,9771,medsl,1
2004,TN,Franklin,0,17070,0,0,7797,9126,17070,medsl,1
2008,TN,Franklin,0,17432,0,0,6613,10539,17432,medsl,1
2012,TN,Franklin,0,16119,0,0,5603,10262,16119,medsl,1
2016,TN,Franklin,0,16404,0,0,4374,11532,16404,medsl,1
2020,TN,Franklin,0,19132,0,0,4864,13987,19132,medsl,1
2024,TN,Franklin,0,19728,0,0,4529,15016,19728,medsl,1
2004,TN,Gibson,0,19219,0,0,8509,10596,19219,medsl,1
2008,TN,Gibson,0,21253,0,0,7406,13516,21253,medsl,1
2012,TN,Gibson,0,19667,0,0,6564,12883,19667,medsl,1
2016,TN,Gibson,0,19547,0,0,5258,13786,19547,medsl,1
2020,TN,Gibson,0,22335,0,0,5771,16259,22335,medsl,1
2024,TN,Gibson,0,21648,0,0,5100,16346,21648,medsl,1
2004,TN,Giles,0,11536,0,0,5273,6162,11536,medsl,1
2008,TN,Giles,0,11689,0,0,4614,6902,11689,medsl,1
2012,TN,Giles,0,10799,0,0,3760,6915,10799,medsl,1
2016,TN,Giles,0,11137,0,0,2917,7970,11137,medsl,1
2020,TN,Giles,0,13203,0,0,3298,9784,13203,medsl,1
2024,TN,Giles,0,13487,0,0,2974,10394,13487,medsl,1
2004,TN,Grainger,0,7525,0,0,2569,4905,7525,medsl,1
2008,TN,Grainger,0,7503,0,0,2066,5297,7503,medsl,1
2012,TN,Grainger,0,7252,0,0,1668,5470,7252,medsl,1
2016,TN,Grainger,0,8008,0,0,1154,6626,8008,medsl,1
2020,TN,Grainger,0,10134,0,0,1467,8565,10134,medsl,1
2024,TN,Grainger,0,11130,0,0,1432,9630,11130,medsl,1
2004,TN,Greene,0,24172,0,0,7625,16374,24172,medsl,1
2008,TN,Greene,0,24670,0,0,7110,17151,24670,medsl,1
2012,TN,Greene,0,23887,0,0,6225,17245,23887,medsl,1
2016,TN,Greene,0,23583,0,0,4216,18562,23583,medsl,1
2020,TN,Greene,0,28087,0,0,5199,22259,28087,medsl,1
2024,TN,Greene,0,31095,0,0,5145,25586,31095,medsl,1
2004,TN,Grundy,0,4923,0,0,2787,2102,4923,medsl,0
2008,TN,Grundy,0,4632,0,0,1971,2563,4632,medsl,0
2012,TN,Grundy,0,4237,0,0,1643,2516,4237,medsl,0
2016,TN,Grundy,0,4763,0,0,999,3636,4763,medsl,0
2020,TN,Grundy,0,5855,0,0,988,4802,5855,medsl,0
2024,TN,Grundy,0,6328,0,0,948,5334,6328,medsl,0
2004,TN,Hamblen,0,22302,0,0,7426,14733,22302,medsl,1
2008,TN,Hamblen,0,22669,0,0,6807,15508,22669,medsl,1
2012,TN,Hamblen,0,20032,0,0,5234,14522,20032,medsl,1
2016,TN,Hamblen,0,20692,0,0,4075,15857,20692,medsl,1
2020,TN,Hamblen,0,24631,0,0,5500,18811,24631,medsl,1
2024,TN,Hamblen,0,25501,0,0,5132,20154,25501,medsl,1
2004,TN,Hamilton,0,136863,0,0,57268,78513,136863,medsl,1
2008,TN,Hamilton,0,147520,0,0,64246,81702,147520,medsl,1
2012,TN,Hamilton,0,141181,0,0,58836,79933,141181,medsl,1
2016,TN,Hamilton,0,142408,0,0,55316,78733,142408,medsl,1
2020,TN,Hamilton,0,171113,0,0,75522,92108,171113,medsl,1
2024,TN,Hamilton,0,174438,0,0,74437,97195,174438,medsl,1
2004,TN,Hancock,0,2550,0,0,776,1756,2550,medsl,1
2008,TN,Hancock,0,2241,0,0,604,1588,2241,medsl,1
2012,TN,Hancock,0,2046,0,0,475,1527,2046,medsl,1
2016,TN,Hancock,0,2231,0,0,322,1843,2231,medsl,1
2020,TN,Hancock,0,2744,0,0,362,2372,2744,medsl,1
2024,TN,Hancock,0,2908,0,0,334,2558,2908,medsl,1
2004,TN,Hardeman,0,10462,0,0,5683,4702,10462,medsl,1
2008,TN,Hardeman,0,11237,0,0,5919,5225,11237,medsl,1
2012,TN,Hardeman,0,10439,0,0,5482,4865,10439,medsl,1
2016,TN,Hardeman,0,9273,0,0,4185,4919,9273,medsl,1
2020,TN,Hardeman,0,10063,0,0,4180,5760,10063,medsl,1
2024,TN,Hardeman,0,9399,0,0,3527,5793,9399,medsl,1
2004,TN,Hardin,0,9954,0,0,3834,6087,9954,medsl,1
2008,TN,Hardin,0,10035,0,0,2794,7077,10035,medsl,1
2012,TN,Hardin,0,10495,0,0,2467,7886,10495,medsl,1
2016,TN,Hardin,0,9949,0,0,1622,8012,9949,medsl,1
2020,TN,Hardin,0,11538,0,0,1775,9559,11538,medsl,1
2024,TN,Hardin,0,12094,0,0,1704,10293,12094,medsl,1
2004,TN,Hawkins,0,20230,0,0,6683,13445,20230,medsl,1
2008,TN,Hawkins,0,21040,0,0,5930,14756,21040,medsl,1
2012,TN,Hawkins,0,19797,0,0,5088,14382,19797,medsl,1
2016,TN,Hawkins,0,20774,0,0,3507,16648,20774,medsl,1
2020,TN,Hawkins,0,24824,0,0,4083,20405,24824,medsl,1
2024,TN,Hawkins,0,26266,0,0,3987,22066,26266,medsl,1
2004,TN,Haywood,0,7548,0,0,4359,3140,7548,medsl,1
2008,TN,Haywood,0,8121,0,0,4893,3165,8121,medsl,1
2012,TN,Haywood,0,7569,0,0,4569,2960,7569,medsl,1
2016,TN,Haywood,0,6834,0,0,3711,3013,6834,medsl,1
2020,TN,Haywood,0,7439,0,0,4012,3343,7439,medsl,1
2024,TN,Haywood,0,6652,0,0,3311,3286,6652,medsl,1
2004,TN,Henderson,0,10096,0,0,3448,6585,10096,medsl,1
2008,TN,Henderson,0,10834,0,0,3021,7669,10834,medsl,1
2012,TN,Henderson,0,10055,0,0,2517,7421,10055,medsl,1
2016,TN,Henderson,0,10217,0,0,1800,8138,10217,medsl,1
2020,TN,Henderson,0,12020,0,0,2092,9797,12020,medsl,1
2024,TN,Henderson,0,12047,0,0,1902,10083,12047,medsl,1
2004,TN,Henry,0,12170,0,0,5728,6337,12170,medsl,1
2008,TN,Henry,0,13545,0,0,5153,8182,13545,medsl,1
2012,TN,Henry,0,12739,0,0,4339,8193,12739,medsl,1
2016,TN,Henry,0,12945,0,0,3063,9508,12945,medsl,1
2020,TN,Henry,0,15047,0,0,3548,11239,15047,medsl,1
2024,TN,Henry,0,15076,0,0,3286,11629,15076,medsl,1
2004,TN,Hickman,0,8671,0,0,4261,4359,8671,medsl,1
2008,TN,Hickman,0,8498,0,0,3563,4784,8498,medsl,1
2012,TN,Hickman,0,7602,0,0,2698,4758,7602,medsl,1
2016,TN,Hickman,0,7813,0,0,1824,5695,7813,medsl,1
2020,TN,Hickman,0,9832,0,0,2130,7577,9832,medsl,1
2024,TN,Hickman,0,10309,0,0,1968,8265,10309,medsl,1
2004,TN,Houston,0,3593,0,0,2126,1438,3593,medsl,1
2008,TN,Houston,0,3354,0,0,1678,1608,3354,medsl,1
2012,TN,Houston,0,3027,0,0,1400,1579,3027,medsl,1
2016,TN,Houston,0,3168,0,0,866,2182,3168,medsl,1
2020,TN,Houston,0,3686,0,0,871,2718,3686,medsl,1
2024,TN,Houston,0,3810,0,0,773,2989,3810,medsl,1
2004,TN,Humphreys,0,7793,0,0,4485,3261,7793,medsl,1
2008,TN,Humphreys,0,7580,0,0,3600,3818,7580,medsl,1
2012,TN,Humphreys,0,6863,0,0,2905,3833,6863,medsl,1
2016,TN,Humphreys,0,7153,0,0,1967,4930,7153,medsl,1
2020,TN,Humphreys,0,8236,0,0,2017,6120,8236,medsl,1
2024,TN,Humphreys,0,8264,0,0,1767,6400,8264,medsl,1
2004,TN,Jackson,0,5052,0,0,2996,2024,5052,medsl,1
2008,TN,Jackson,0,4501,0,0,2224,2185,4501,medsl,1
2012,TN,Jackson,0,4184,0,0,1739,2383,4184,medsl,1
2016,TN,Jackson,0,4466,0,0,1129,3236,4466,medsl,1
2020,TN,Jackson,0,5323,0,0,1135,4118,5323,medsl,1
2024,TN,Jackson,0,5676,0,0,1040,4586,5676,medsl,1
2004,TN,Jefferson,0,17207,0,0,5469,11617,17207,medsl,1
2008,TN,Jefferson,0,18532,0,0,5178,13092,18532,medsl,1
2012,TN,Jefferson,0,17559,0,0,4232,13038,17559,medsl,1
2016,TN,Jefferson,0,19072,0,0,3494,14776,19072,medsl,1
2020,TN,Jefferson,0,23616,0,0,4654,18651,23616,medsl,1
2024,TN,Jefferson,0,25815,0,0,4503,21068,25815,medsl,1
2004,TN,Johnson,0,6476,0,0,1810,4632,6476,medsl,1
2008,TN,Johnson,0,6591,0,0,1837,4621,6591,medsl,1
2012,TN,Johnson,0,6194,0,0,1483,4611,6194,medsl,1
2016,TN,Johnson,0,6579,0,0,988,5410,6579,medsl,1
2020,TN,Johnson,0,7801,0,0,1246,6468,7801,medsl,1
2024,TN,Johnson,0,8102,0,0,1212,6829,8102,medsl,1
2004,TN,Knox,0,178175,0,0,65921,110653,178175,medsl,1
2008,TN,Knox,0,186086,0,0,70215,113015,186086,medsl,1
2012,TN,Knox,0,172507,0,0,59399,109707,172507,medsl,1
2016,TN,Knox,0,180697,0,0,62878,105767,180697,medsl,1
2020,TN,Knox,0,220556,0,0,91422,124540,220556,medsl,1
2024,TN,Knox,0,221864,0,0,87516,130815,221864,medsl,1
2004,TN,Lake,0,2370,0,0,1039,1317,2370,medsl,1
2008,TN,Lake,0,2238,0,0,1024,1175,2238,medsl,1
2012,TN,Lake,0,2087,0,0,884,1163,2087,medsl,1
2016,TN,Lake,0,1970,0,0,577,1357,1970,medsl,1
2020,TN,Lake,0,2034,0,0,526,1492,2034,medsl,1
2024,TN,Lake,0,1939,0,0,429,1493,1939,medsl,1
2004,TN,Lauderdale,0,8681,0,0,4473,4164,8681,medsl,1
2008,TN,Lauderdale,0,9338,0,0,4322,4933,9338,medsl,1
2012,TN,Lauderdale,0,8689,0,0,4011,4616,8689,medsl,1
2016,TN,Lauderdale,0,8087,0,0,3056,4884,8087,medsl,1
2020,TN,Lauderdale,0,8965,0,0,3193,5674,8965,medsl,1
2024,TN,Lauderdale,0,8266,0,0,2571,5633,8266,medsl,1
2004,TN,Lawrence,0,16651,0,0,6592,9952,16651,medsl,1
2008,TN,Lawrence,0,16020,0,0,5161,10566,16020,medsl,1
2012,TN,Lawrence,0,15219,0,0,4237,10770,15219,medsl,1
2016,TN,Lawrence,0,15666,0,0,2821,12420,15666,medsl,1
2020,TN,Lawrence,0,18718,0,0,3195,15334,18718,medsl,1
2024,TN,Lawrence,0,19533,0,0,2939,16429,19533,medsl,1
2004,TN,Lewis,0,5053,0,0,2191,2819,5053,medsl,1
2008,TN,Lewis,0,4834,0,0,1804,2951,4834,medsl,1
2012,TN,Lewis,0,4694,0,0,1447,3117,4694,medsl,1
2016,TN,Lewis,0,4622,0,0,890,3585,4622,medsl,1
2020,TN,Lewis,0,5609,0,0,1072,4474,5609,medsl,1
2024,TN,Lewis,0,5890,0,0,991,4852,5890,medsl,1
2004,TN,Lincoln,0,12455,0,0,4546,7827,12455,medsl,1
2008,TN,Lincoln,0,13130,0,0,3695,9231,13130,medsl,1
2012,TN,Lincoln,0,13268,0,0,3290,9803,13268,medsl,1
2016,TN,Lincoln,0,13348,0,0,2554,10398,13348,medsl,1
2020,TN,Lincoln,0,15608,0,0,2919,12281,15608,medsl,1
2024,TN,Lincoln,0,16128,0,0,2782,13208,16128,medsl,1
2004,TN,Loudon,0,19862,0,0,5706,14041,19862,medsl,0
2008,TN,Loudon,0,22184,0,0,6058,15815,22184,medsl,0
2012,TN,Loudon,0,22073,0,0,5058,16707,22073,medsl,0
2016,TN,Loudon,0,23391,0,0,4919,17610,23391,medsl,0
2020,TN,Loudon,0,29347,0,0,6948,21713,29347,medsl,0
2024,TN,Loudon,0,33209,0,0,7625,25226,33209,medsl,0
2004,TN,Macon,0,7434,0,0,2739,4670,7434,medsl,1
2008,TN,Macon,0,7360,0,0,2060,5145,7360,medsl,1
2012,TN,Macon,0,6905,0,0,1552,5260,6905,medsl,1
2016,TN,Macon,0,7504,0,0,1072,6263,7504,medsl,1
2020,TN,Macon,0,9487,0,0,1307,8096,9487,medsl,1
2024,TN,Macon,0,10333,0,0,1277,8958,10333,medsl,1
2004,TN,Madison,0,38665,0,0,16837,21672,38665,medsl,1
2008,TN,Madison,0,43846,0,0,20209,23290,43846,medsl,1
2012,TN,Madison,0,40702,0,0,18367,21993,40702,medsl,1
2016,TN,Madison,0,38120,0,0,15448,21335,38120,medsl,1
2020,TN,Madison,0,42950,0,0,18390,23943,42950,medsl,1
2024,TN,Madison,0,39964,0,0,16115,23385,39964,medsl,1
2004,TN,Marion,0,11492,0,0,5548,5862,11492,medsl,1
2008,TN,Marion,0,11437,0,0,4506,6746,11437,medsl,1
2012,TN,Marion,0,10409,0,0,3953,6272,10409,medsl,1
2016,TN,Marion,0,10862,0,0,2832,7696,10862,medsl,1
2020,TN,Marion,0,13256,0,0,3177,9911,13256,medsl,1
2024,TN,Marion,0,13933,0,0,3026,10788,13933,medsl,1
2004,TN,Marshall,0,10615,0,0,4722,5825,10615,medsl,1
2008,TN,Marshall,0,11289,0,0,4320,6755,11289,medsl,1
2012,TN,Marshall,0,10741,0,0,3725,6832,10741,medsl,1
2016,TN,Marshall,0,11455,0,0,2852,8184,11455,medsl,1
2020,TN,Marshall,0,14878,0,0,3605,11043,14878,medsl,1
2024,TN,Marshall,0,15962,0,0,3390,12426,15962,medsl,1
2004,TN,Maury,0,30026,0,0,12372,17495,30026,medsl,1
2008,TN,Maury,0,33767,0,0,13058,20288,33767,medsl,1
2012,TN,Maury,0,33006,0,0,11825,20708,33006,medsl,1
2016,TN,Maury,0,35369,0,0,10038,23799,35369,medsl,1
2020,TN,Maury,0,46657,0,0,14418,31464,46657,medsl,1
2024,TN,Maury,0,52090,0,0,14145,37376,52090,medsl,1
2004,TN,Mcminn,0,17999,0,0,5889,11978,17999,medsl,1
2008,TN,Mcminn,0,18789,0,0,5541,12989,18789,medsl,1
2012,TN,Mcminn,0,17834,0,0,4609,12967,17834,medsl,1
2016,TN,Mcminn,0,18755,0,0,3510,14691,18755,medsl,1
2020,TN,Mcminn,0,22844,0,0,4361,18198,22844,medsl,1
2024,TN,Mcminn,0,24072,0,0,4207,19673,24072,medsl,1
2004,TN,Mcnairy,0,9924,0,0,4101,5787,9924,medsl,1
2008,TN,Mcnairy,0,10422,0,0,3131,7135,10422,medsl,1
2012,TN,Mcnairy,0,9802,0,0,2645,7015,9802,medsl,1
2016,TN,Mcnairy,0,10038,0,0,1848,7841,10038,medsl,1
2020,TN,Mcnairy,0,11275,0,0,1943,9093,11275,medsl,1
2024,TN,Mcnairy,0,11267,0,0,1727,9437,11267,medsl,1
2004,TN,Meigs,0,4131,0,0,1595,2499,4131,medsl,1
2008,TN,Meigs,0,4237,0,0,1372,2797,4237,medsl,1
2012,TN,Meigs,0,3964,0,0,1163,2734,3964,medsl,1
2016,TN,Meigs,0,4320,0,0,856,3342,4320,medsl,1
2020,TN,Meigs,0,5532,0,0,1008,4467,5532,medsl,1
2024,TN,Meigs,0,6099,0,0,968,5085,6099,medsl,1
2004,TN,Monroe,0,15553,0,0,5349,10113,15553,medsl,1
2008,TN,Monroe,0,16777,0,0,5053,11484,16777,medsl,1
2012,TN,Monroe,0,16338,0,0,4372,11731,16338,medsl,1
2016,TN,Monroe,0,17093,0,0,3186,13374,17093,medsl,1
2020,TN,Monroe,0,20797,0,0,3764,16783,20797,medsl,1
2024,TN,Monroe,0,22323,0,0,3608,18526,22323,medsl,1
2004,TN,Montgomery,0,48975,0,0,20061,28615,48975,medsl,0
2008,TN,Montgomery,0,56518,0,0,25716,30175,56518,medsl,0
2012,TN,Montgomery,0,55584,0,0,24499,30245,55584,medsl,0
2016,TN,Montgomery,0,57620,0,0,21699,32341,57620,medsl,0
2020,TN,Montgomery,0,76758,0,0,32472,42187,76758,medsl,0
2024,TN,Montgomery,0,81755,0,0,32736,47795,81755,medsl,0
2004,TN,Moore,0,2773,0,0,1084,1667,2773,medsl,1
2008,TN,Moore,0,2952,0,0,881,2010,2952,medsl,1
2012,TN,Moore,0,2799,0,0,705,2053,2799,medsl,1
2016,TN,Moore,0,2926,0,0,496,2325,2926,medsl,1
2020,TN,Moore,0,3539,0,0,573,2888,3539,medsl,1
2024,TN,Moore,0,3654,0,0,542,3060,3654,medsl,1
2004,TN,Morgan,0,7360,0,0,2924,4401,7360,medsl,1
2008,TN,Morgan,0,6822,0,0,1969,4717,6822,medsl,1
2012,TN,Morgan,0,6504,0,0,1725,4669,6504,medsl,1
2016,TN,Morgan,0,6705,0,0,1054,5441,6705,medsl,1
2020,TN,Morgan,0,8228,0,0,1167,6930,8228,medsl,1
2024,TN,Morgan,0,8560,0,0,1054,7427,8560,medsl,1
2004,TN,Obion,0,13535,0,0,5549,7859,13535,medsl,1
2008,TN,Obion,0,13392,0,0,4308,8873,13392,medsl,1
2012,TN,Obion,0,12297,0,0,3321,8814,12297,medsl,1
2016,TN,Obion,0,12249,0,0,2426,9526,12249,medsl,1
2020,TN,Obion,0,13521,0,0,2589,10790,13521,medsl,1
2024,TN,Obion,0,12900,0,0,2221,10596,12900,medsl,1
2004,TN,Overton,0,8510,0,0,4518,3941,8510,medsl,1
2008,TN,Overton,0,8092,0,0,3419,4497,8092,medsl,1
2012,TN,Overton,0,7664,0,0,2805,4775,7664,medsl,1
2016,TN,Overton,0,8229,0,0,1945,6059,8229,medsl,1
2020,TN,Overton,0,10037,0,0,2033,7918,10037,medsl,1
2024,TN,Overton,0,11069,0,0,1931,9042,11069,medsl,1
2004,TN,Perry,0,3148,0,0,1579,1520,3148,medsl,1
2008,TN,Perry,0,3000,0,0,1329,1596,3000,medsl,1
2012,TN,Perry,0,2621,0,0,992,1578,2621,medsl,1
2016,TN,Perry,0,2855,0,0,597,2167,2855,medsl,1
2020,TN,Perry,0,3428,0,0,615,2775,3428,medsl,1
2024,TN,Perry,0,3716,0,0,558,3139,3716,medsl,1
2004,TN,Pickett,0,2645,0,0,1033,1600,2645,medsl,0
2008,TN,Pickett,0,2671,0,0,854,1786,2671,medsl,0
2012,TN,Pickett,0,2453,0,0,712,1712,2453,medsl,0
2016,TN,Pickett,0,2615,0,0,536,2021,2615,medsl,0
2020,TN,Pickett,0,2931,0,0,525,2381,2931,medsl,0
2024,TN,Pickett,0,2954,0,0,487,2441,2954,medsl,0
2004,TN,Polk,0,6699,0,0,2724,3923,6699,medsl,1
2008,TN,Polk,0,6501,0,0,2124,4267,6501,medsl,1
2012,TN,Polk,0,6059,0,0,1856,4108,6059,medsl,1
2016,TN,Polk,0,6520,0,0,1252,5097,6520,medsl,1
2020,TN,Polk,0,8360,0,0,1492,6792,8360,medsl,1
2024,TN,Polk,0,8727,0,0,1356,7302,8727,medsl,1
2004,TN,Putnam,0,26407,0,0,10549,15619,26407,medsl,1
2008,TN,Putnam,0,27316,0,0,9739,17101,27316,medsl,1
2012,TN,Putnam,0,25500,0,0,7802,17254,25500,medsl,1
2016,TN,Putnam,0,27212,0,0,6851,19002,27212,medsl,1
2020,TN,Putnam,0,33593,0,0,9185,23759,33593,medsl,1
2024,TN,Putnam,0,34939,0,0,8991,25554,34939,medsl,1
2004,TN,Rhea,0,11037,0,0,3663,7288,11037,medsl,1
2008,TN,Rhea,0,11106,0,0,2907,8042,11106,medsl,1
2012,TN,Rhea,0,10590,0,0,2628,7802,10590,medsl,1
2016,TN,Rhea,0,11062,0,0,1942,8660,11062,medsl,1
2020,TN,Rhea,0,13637,0,0,2369,11050,13637,medsl,1
2024,TN,Rhea,0,14444,0,0,2312,11974,14444,medsl,1
2004,TN,Roane,0,23264,0,0,8676,14423,23264,medsl,0
2008,TN,Roane,0,23276,0,0,7224,15658,23276,medsl,0
2012,TN,Roane,0,21090,0,0,6018,14724,21090,medsl,0
2016,TN,Roane,0,21669,0,0,4837,15880,21669,medsl,0
2020,TN,Roane,0,25917,0,0,6043,19230,25917,medsl,0
2024,TN,Roane,0,27412,0,0,6073,21011,27412,medsl,0
2004,TN,Robertson,0,25319,0,0,9863,15329,25319,medsl,1
2008,TN,Robertson,0,27614,0,0,9318,17903,27614,medsl,1
2012,TN,Robertson,0,26289,0,0,8290,17643,26289,medsl,1
2016,TN,Robertson,0,27113,0,0,6637,19410,27113,medsl,1
2020,TN,Robertson,0,33717,0,0,8692,24536,33717,medsl,1
2024,TN,Robertson,0,35070,0,0,8428,26260,35070,medsl,1
2004,TN,Rutherford,0,84390,0,0,31639,52189,84390,medsl,1
2008,TN,Rutherford,0,101737,0,0,40460,59892,101737,medsl,1
2012,TN,Rutherford,0,98848,0,0,36414,60846,98848,medsl,1
2016,TN,Rutherford,0,107436,0,0,36706,64515,107436,medsl,1
2020,TN,Rutherford,0,143878,0,0,59341,81480,143878,medsl,1
2024,TN,Rutherford,0,147656,0,0,56656,88811,147656,medsl,1
2004,TN,Scott,0,7626,0,0,3085,4508,7626,medsl,1
2008,TN,Scott,0,6783,0,0,1720,4931,6783,medsl,1
2012,TN,Scott,0,6668,0,0,1452,5117,6668,medsl,1
2016,TN,Scott,0,7123,0,0,934,6044,7123,medsl,1
2020,TN,Scott,0,9052,0,0,986,8004,9052,medsl,1
2024,TN,Scott,0,9605,0,0,942,8608,9605,medsl,1
2004,TN,Sequatchie,0,4982,0,0,1986,2950,4982,medsl,1
2008,TN,Sequatchie,0,5437,0,0,1717,3610,5437,medsl,1
2012,TN,Sequatchie,0,5142,0,0,1489,3541,5142,medsl,1
2016,TN,Sequatchie,0,5694,0,0,1053,4441,5694,medsl,1
2020,TN,Sequatchie,0,7252,0,0,1298,5855,7252,medsl,1
2024,TN,Sequatchie,0,7890,0,0,1292,6522,7890,medsl,1
2004,TN,Sevier,0,30944,0,0,8613,22127,30944,medsl,1
2008,TN,Sevier,0,33941,0,0,8604,24922,33941,medsl,1
2012,TN,Sevier,0,33864,0,0,7418,25984,33864,medsl,1
2016,TN,Sevier,0,36312,0,0,6297,28629,36312,medsl,1
2020,TN,Sevier,0,43535,0,0,8721,33783,43535,medsl,1
2024,TN,Sevier,0,43970,0,0,8322,35207,43970,medsl,1
2004,TN,Shelby,0,375584,0,0,215810,157591,375584,medsl,1
2008,TN,Shelby,0,404555,0,0,256297,145458,404555,medsl,1
2012,TN,Shelby,0,371109,0,0,232443,135649,371109,medsl,1
2016,TN,Shelby,0,337383,0,0,208992,116344,337383,medsl,1
2020,TN,Shelby,0,382055,0,0,246105,129815,382055,medsl,1
2024,TN,Shelby,0,326497,0,0,201759,118917,326497,medsl,1
2004,TN,Shelby County,645697,379102,166258,212844,216945,158137,377282,manual,1
2008,TN,Shelby County,653497,404180,249968,149240,256297,145458,404067,manual,1
2012,TN,Shelby County,598983,371616,233769,137847,232443,135649,371109,manual,1
2016,TN,Shelby County,567545,341731,244517,97214,208992,116344,340078,manual,1
2020,TN,Shelby County,590726,384280,328839,54205,246105,129815,375920,manual,1
2024,TN,Shelby County,604353,329855,258945,69214,201759,118917,328159,manual,1
2004,TN,Smith,0,7821,0,0,4038,3738,7821,medsl,1
2008,TN,Smith,0,7741,0,0,2992,4563,7741,medsl,1
2012,TN,Smith,0,7087,0,0,2470,4495,7087,medsl,1
2016,TN,Smith,0,7436,0,0,1689,5494,7436,medsl,1
2020,TN,Smith,0,9051,0,0,1802,7136,9051,medsl,1
2024,TN,Smith,0,9336,0,0,1595,7655,9336,medsl,1
2004,TN,Stewart,0,5583,0,0,2860,2675,5583,medsl,1
2008,TN,Stewart,0,5507,0,0,2470,2956,5507,medsl,1
2012,TN,Stewart,0,5115,0,0,2069,2963,5115,medsl,1
2016,TN,Stewart,0,5299,0,0,1222,3864,5299,medsl,1
2020,TN,Stewart,0,6296,0,0,1232,4950,6296,medsl,1
2024,TN,Stewart,0,6620,0,0,1160,5389,6620,medsl,1
2004,TN,Sullivan,0,62598,0,0,19626,42526,62598,medsl,1
2008,TN,Sullivan,0,63997,0,0,18354,44808,63997,medsl,1
2012,TN,Sullivan,0,59887,0,0,15321,43562,59887,medsl,1
2016,TN,Sullivan,0,62278,0,0,12578,46979,62278,medsl,1
2020,TN,Sullivan,0,74357,0,0,17272,55860,74357,medsl,1
2024,TN,Sullivan,0,75541,0,0,16624,58154,75541,medsl,1
2004,TN,Sumner,0,61909,0,0,21439,40141,61909,medsl,0
2008,TN,Sumner,0,67228,0,0,21487,44949,67228,medsl,0
2012,TN,Sumner,0,65366,0,0,18579,46003,65366,medsl,0
2016,TN,Sumner,0,71505,0,0,18161,50129,71505,medsl,0
2020,TN,Sumner,0,92630,0,0,27680,63454,92630,medsl,0
2024,TN,Sumner,0,97761,0,0,27874,68767,97761,medsl,0
2004,TN,Tipton,0,21677,0,0,7379,14178,21677,medsl,1
2008,TN,Tipton,0,25316,0,0,7931,17165,25316,medsl,1
2012,TN,Tipton,0,24081,0,0,7133,16672,24081,medsl,1
2016,TN,Tipton,0,23481,0,0,5785,16910,23481,medsl,1
2020,TN,Tipton,0,27308,0,0,6837,20070,27308,medsl,1
2024,TN,Tipton,0,26733,0,0,6178,20303,26733,medsl,1
2004,TN,Trousdale,0,3190,0,0,1850,1314,3190,medsl,1
2008,TN,Trousdale,0,3239,0,0,1475,1688,3239,medsl,1
2012,TN,Trousdale,0,2905,0,0,1240,1612,2905,medsl,1
2016,TN,Trousdale,0,3160,0,0,946,2103,3160,medsl,1
2020,TN,Trousdale,0,3998,0,0,1012,2936,3998,medsl,1
2024,TN,Trousdale,0,4251,0,0,856,3359,4251,medsl,1
2004,TN,Unicoi,0,7457,0,0,2372,5026,7457,medsl,1
2008,TN,Unicoi,0,7223,0,0,2107,5011,7223,medsl,1
2012,TN,Unicoi,0,7086,0,0,1913,5032,7086,medsl,1
2016,TN,Unicoi,0,7195,0,0,1262,5671,7195,medsl,1
2020,TN,Unicoi,0,8307,0,0,1615,6599,8307,medsl,1
2024,TN,Unicoi,0,8541,0,0,1578,6876,8541,medsl,1
2004,TN,Union,0,6710,0,0,2524,4145,6710,medsl,1
2008,TN,Union,0,6399,0,0,1829,4467,6399,medsl,1
2012,TN,Union,0,5828,0,0,1478,4282,5828,medsl,1
2016,TN,Union,0,6247,0,0,1012,5053,6247,medsl,1
2020,TN,Union,0,8123,0,0,1249,6803,8123,medsl,1
2024,TN,Union,0,8669,0,0,1216,7384,8669,medsl,1
2004,TN,Van Buren,0,2346,0,0,1209,1119,2346,medsl,1
2008,TN,Van Buren,0,2206,0,0,849,1294,2206,medsl,1
2012,TN,Van Buren,0,2300,0,0,875,1386,2300,medsl,1
2016,TN,Van Buren,0,2419,0,0,539,1820,2419,medsl,1
2020,TN,Van Buren,0,2921,0,0,544,2342,2921,medsl,1
2024,TN,Van Buren,0,3265,0,0,524,2718,3265,medsl,1
2004,TN,Warren,0,14394,0,0,6803,7502,14394,medsl,1
2008,TN,Warren,0,14400,0,0,5515,8562,14400,medsl,1
2012,TN,Warren,0,13015,0,0,4752,8010,13015,medsl,1
2016,TN,Warren,0,13612,0,0,3535,9540,13612,medsl,1
2020,TN,Warren,0,16009,0,0,3924,11850,16009,medsl,1
2024,TN,Warren,0,17015,0,0,3647,13192,17015,medsl,1
2004,TN,Washington,0,44984,0,0,14937,29720,44984,medsl,1
2008,TN,Washington,0,48982,0,0,15941,32341,48982,medsl,1
2012,TN,Washington,0,48032,0,0,14325,32808,48032,medsl,1
2016,TN,Washington,0,49750,0,0,13024,34252,49750,medsl,1
2020,TN,Washington,0,60203,0,0,18638,40444,60203,medsl,1
2024,TN,Washington,0,61234,0,0,18131,42299,61234,medsl,1
2004,TN,Wayne,0,5983,0,0,1951,3998,5983,medsl,1
2008,TN,Wayne,0,5527,0,0,1355,4076,5527,medsl,1
2012,TN,Wayne,0,5486,0,0,1163,4253,5486,medsl,1
2016,TN,Wayne,0,5857,0,0,717,5036,5857,medsl,1
2020,TN,Wayne,0,6669,0,0,820,5795,6669,medsl,1
2024,TN,Wayne,0,6831,0,0,762,6016,6831,medsl,1
2004,TN,Weakley,0,13491,0,0,5584,7816,13491,medsl,1
2008,TN,Weakley,0,13690,0,0,4596,8855,13690,medsl,1
2012,TN,Weakley,0,12337,0,0,3548,8605,12337,medsl,1
2016,TN,Weakley,0,12184,0,0,2772,9008,12184,medsl,1
2020,TN,Weakley,0,13735,0,0,3020,10396,13735,medsl,1
2024,TN,Weakley,0,13394,0,0,2725,10541,13394,medsl,1
2004,TN,White,0,9494,0,0,4147,5268,9494,medsl,1
2008,TN,White,0,9647,0,0,3372,6103,9647,medsl,1
2012,TN,White,0,9140,0,0,2795,6197,9140,medsl,1
2016,TN,White,0,9825,0,0,1845,7671,9825,medsl,1
2020,TN,White,0,11895,0,0,2143,9606,11895,medsl,1
2024,TN,White,0,12931,0,0,2105,10717,12931,medsl,1
2004,TN,Williamson,0,79577,0,0,21719,57409,79577,medsl,1
2008,TN,Williamson,0,93646,0,0,27886,64858,93646,medsl,1
2012,TN,Williamson,0,96225,0,0,25142,69850,96225,medsl,1
2016,TN,Williamson,0,106271,0,0,31013,68212,106271,medsl,1
2020,TN,Williamson,0,139016,0,0,50161,86469,139016,medsl,1
2024,TN,Williamson,0,144668,0,0,47695,94562,144668,medsl,1
2004,TN,Wilson,0,44403,0,0,15256,28896,44403,medsl,0
2008,TN,Wilson,0,51159,0,0,15886,34595,51159,medsl,0
2012,TN,Wilson,0,51499,0,0,14695,36109,51499,medsl,0
2016,TN,Wilson,0,56734,0,0,14385,39406,56734,medsl,0
2020,TN,Wilson,0,74330,0,0,22254,50296,74330,medsl,0
2024,TN,Wilson,0,81254,0,0,23855,56425,81254,medsl,0
2004,TX,Anderson,0,16301,0,0,4678,11525,16301,medsl,1
2008,TX,Anderson,0,16655,0,0,4630,11884,16655,medsl,1
2012,TX,Anderson,0,16212,0,0,3813,12262,16212,medsl,1
2016,TX,Anderson,0,16977,0,0,3369,13201,16977,medsl,1
2020,TX,Anderson,0,19227,0,0,3955,15110,19227,medsl,1
2024,TX,Anderson,0,19358,0,0,3635,15597,19358,medsl,1
2004,TX,Andrews,0,4536,0,0,677,3837,4536,medsl,1
2008,TX,Andrews,0,4629,0,0,790,3816,4629,medsl,1
2012,TX,Andrews,0,4482,0,0,795,3639,4482,medsl,1
2016,TX,Andrews,0,4943,0,0,836,3927,4943,medsl,1
2020,TX,Andrews,0,5863,0,0,850,4943,5863,medsl,1
2024,TX,Andrews,0,6060,0,0,806,5205,6060,medsl,1
2004,TX,Angelina,0,28364,0,0,9302,18932,28364,medsl,1
2008,TX,Angelina,0,29153,0,0,9379,19569,29153,medsl,1
2012,TX,Angelina,0,28406,0,0,7834,20303,28406,medsl,1
2016,TX,Angelina,0,29911,0,0,7538,21668,29911,medsl,1
2020,TX,Angelina,0,34574,0,0,9143,25076,34574,medsl,1
2024,TX,Angelina,0,34422,0,0,8146,26049,34422,medsl,1
2004,TX,Aransas,0,9268,0,0,2640,6569,9268,medsl,1
2008,TX,Aransas,0,9778,0,0,3006,6693,9778,medsl,1
2012,TX,Aransas,0,9648,0,0,2704,6830,9648,medsl,1
2016,TX,Aransas,0,10512,0,0,2465,7740,10512,medsl,1
2020,TX,Aransas,0,12290,0,0,2916,9239,12290,medsl,1
2024,TX,Aransas,0,13031,0,0,2831,10090,13031,medsl,1
2004,TX,Archer,0,4451,0,0,878,3556,4451,medsl,0
2008,TX,Archer,0,4365,0,0,740,3595,4365,medsl,0
2012,TX,Archer,0,4164,0,0,525,3600,4164,medsl,0
2016,TX,Archer,0,4283,0,0,394,3786,4283,medsl,0
2020,TX,Archer,0,4796,0,0,446,4300,4796,medsl,0
2024,TX,Archer,0,5132,0,0,520,4592,5132,medsl,0
2004,TX,Armstrong,0,1004,0,0,170,830,1004,medsl,1
2008,TX,Armstrong,0,990,0,0,128,856,990,medsl,1
2012,TX,Armstrong,0,935,0,0,98,828,935,medsl,1
2016,TX,Armstrong,0,1021,0,0,70,924,1021,medsl,1
2020,TX,Armstrong,0,1112,0,0,75,1035,1112,medsl,1
2024,TX,Armstrong,0,1109,0,0,77,1029,1109,medsl,1
2004,TX,Atascosa,0,12116,0,0,4421,7635,12116,medsl,1
2008,TX,Atascosa,0,9938,0,0,4415,5462,9938,medsl,1
2012,TX,Atascosa,0,12721,0,0,5133,7461,12721,medsl,1
2016,TX,Atascosa,0,13673,0,0,4651,8618,13673,medsl,1
2020,TX,Atascosa,0,18118,0,0,5876,12039,18118,medsl,1
2024,TX,Atascosa,0,18444,0,0,5153,13142,18444,medsl,1
2004,TX,Austin,0,10702,0,0,2582,8072,10702,medsl,1
2008,TX,Austin,0,11721,0,0,2821,8786,11721,medsl,1
2012,TX,Austin,0,11649,0,0,2252,9265,11649,medsl,1
2016,TX,Austin,0,12274,0,0,2320,9637,12274,medsl,1
2020,TX,Austin,0,14554,0,0,2951,11447,14554,medsl,1
2024,TX,Austin,0,15383,0,0,2816,12457,15383,medsl,1
2004,TX,Bailey,0,2412,0,0,525,1882,2412,medsl,1
2008,TX,Bailey,0,2316,0,0,682,1618,2316,medsl,1
2012,TX,Bailey,0,1816,0,0,466,1339,1816,medsl,1
2016,TX,Bailey,0,1793,0,0,397,1344,1793,medsl,1
2020,TX,Bailey,0,1860,0,0,409,1434,1860,medsl,1
2024,TX,Bailey,0,1741,0,0,332,1395,1741,medsl,1
2004,TX,Bandera,0,8741,0,0,1738,6933,8741,medsl,0
2008,TX,Bandera,0,9297,0,0,2250,6935,9297,medsl,0
2012,TX,Bandera,0,9448,0,0,1864,7426,9448,medsl,0
2016,TX,Bandera,0,10218,0,0,1726,8163,10218,medsl,0
2020,TX,Bandera,0,12715,0,0,2505,10057,12715,medsl,0
2024,TX,Bandera,0,13600,0,0,2532,10939,13600,medsl,0
2004,TX,Bastrop,0,23441,0,0,9794,13290,23441,medsl,0
2008,TX,Bastrop,0,25918,0,0,11687,13817,25918,medsl,0
2012,TX,Bastrop,0,24481,0,0,9864,14033,24481,medsl,0
2016,TX,Bastrop,0,28454,0,0,10569,16328,28454,medsl,0
2020,TX,Bastrop,0,36665,0,0,15474,20516,36665,medsl,0
2024,TX,Bastrop,0,39806,0,0,15989,23301,39806,medsl,0
2004,TX,Baylor,0,1640,0,0,467,1169,1640,medsl,0
2008,TX,Baylor,0,1643,0,0,366,1262,1643,medsl,0
2012,TX,Baylor,0,1592,0,0,267,1297,1592,medsl,0
2016,TX,Baylor,0,1499,0,0,191,1267,1499,medsl,0
2020,TX,Baylor,0,1702,0,0,183,1494,1702,medsl,0
2024,TX,Baylor,0,1675,0,0,184,1471,1675,medsl,0
2004,TX,Bee,0,9518,0,0,4045,5428,9518,medsl,1
2008,TX,Bee,0,8157,0,0,3645,4471,8157,medsl,1
2012,TX,Bee,0,7879,0,0,3452,4356,7879,medsl,1
2016,TX,Bee,0,8485,0,0,3444,4744,8485,medsl,1
2020,TX,Bee,0,9420,0,0,3288,6006,9420,medsl,1
2024,TX,Bee,0,8790,0,0,2606,6111,8790,medsl,1
2004,TX,Bell,0,79724,0,0,27165,52135,79724,medsl,1
2008,TX,Bell,0,90334,0,0,40413,49242,90334,medsl,1
2012,TX,Bell,0,86206,0,0,35512,49574,86206,medsl,1
2016,TX,Bell,0,94994,0,0,37801,51998,94994,medsl,1
2020,TX,Bell,0,127375,0,0,57014,67893,127375,medsl,1
2024,TX,Bell,0,130662,0,0,53973,75161,130662,medsl,1
2004,TX,Bexar,0,475314,0,0,210976,260698,475314,medsl,1
2008,TX,Bexar,0,525715,0,0,275527,246275,525715,medsl,1
2012,TX,Bexar,0,513681,0,0,264856,241617,513681,medsl,1
2016,TX,Bexar,0,589645,0,0,319550,240333,589645,medsl,1
2020,TX,Bexar,0,770818,0,0,448452,308618,770818,medsl,1
2024,TX,Bexar,0,758323,0,0,411389,337545,758323,medsl,1
2004,TX,Blanco,0,4584,0,0,1267,3277,4584,medsl,0
2008,TX,Blanco,0,4939,0,0,1467,3418,4939,medsl,0
2012,TX,Blanco,0,4973,0,0,1220,3638,4973,medsl,0
2016,TX,Blanco,0,5685,0,0,1244,4212,5685,medsl,0
2020,TX,Blanco,0,7441,0,0,1911,5443,7441,medsl,0
2024,TX,Blanco,0,8523,0,0,1973,6447,8523,medsl,0
2004,TX,Borden,0,359,0,0,55,303,359,medsl,0
2008,TX,Borden,0,361,0,0,40,316,361,medsl,0
2012,TX,Borden,0,363,0,0,32,324,363,medsl,0
2016,TX,Borden,0,365,0,0,31,330,365,medsl,0
2020,TX,Borden,0,416,0,0,16,397,416,medsl,0
2024,TX,Borden,0,387,0,0,16,370,387,medsl,0
2004,TX,Bosque,0,7586,0,0,1815,5737,7586,medsl,1
2008,TX,Bosque,0,7646,0,0,1797,5762,7646,medsl,1
2012,TX,Bosque,0,7356,0,0,1367,5885,7356,medsl,1
2016,TX,Bosque,0,7838,0,0,1278,6339,7838,medsl,1
2020,TX,Bosque,0,9126,0,0,1561,7469,9126,medsl,1
2024,TX,Bosque,0,9576,0,0,1524,7969,9576,medsl,1
2004,TX,Bowie,0,33760,0,0,11880,21791,33760,medsl,1
2008,TX,Bowie,0,35186,0,0,10815,24162,35186,medsl,1
2012,TX,Bowie,0,35404,0,0,10196,24869,35404,medsl,1
2016,TX,Bowie,0,34602,0,0,8838,24924,34602,medsl,1
2020,TX,Bowie,0,38261,0,0,10747,27116,38261,medsl,1
2024,TX,Bowie,0,36644,0,0,9282,27122,36644,medsl,1
2004,TX,Brazoria,0,93248,0,0,28904,63662,93248,medsl,0
2008,TX,Brazoria,0,104940,0,0,36480,67515,104940,medsl,0
2012,TX,Brazoria,0,106739,0,0,34421,70862,106739,medsl,0
2016,TX,Brazoria,0,121181,0,0,43200,72791,121181,medsl,0
2020,TX,Brazoria,0,154984,0,0,62228,90433,154984,medsl,0
2024,TX,Brazoria,0,162046,0,0,63976,95867,162046,medsl,0
2004,TX,Brazos,0,54309,0,0,16128,37594,54309,medsl,1
2008,TX,Brazos,0,58673,0,0,20502,37465,58673,medsl,1
2012,TX,Brazos,0,55962,0,0,17477,37209,55962,medsl,1
2016,TX,Brazos,0,67211,0,0,23121,38738,67211,medsl,1
2020,TX,Brazos,0,85061,0,0,35349,47530,85061,medsl,1
2024,TX,Brazos,0,91961,0,0,33844,56671,91961,medsl,1
2004,TX,Brewster,0,3760,0,0,1729,1980,3760,medsl,1
2008,TX,Brewster,0,3900,0,0,1970,1855,3900,medsl,1
2012,TX,Brewster,0,3867,0,0,1765,1976,3867,medsl,1
2016,TX,Brewster,0,4252,0,0,1873,2077,4252,medsl,1
2020,TX,Brewster,0,4822,0,0,2258,2461,4822,medsl,1
2024,TX,Brewster,0,4578,0,0,1969,2545,4578,medsl,1
2004,TX,Briscoe,0,811,0,0,191,620,811,medsl,0
2008,TX,Briscoe,0,830,0,0,205,617,830,medsl,0
2012,TX,Briscoe,0,702,0,0,117,578,702,medsl,0
2016,TX,Briscoe,0,736,0,0,91,625,736,medsl,0
2020,TX,Briscoe,0,725,0,0,78,639,725,medsl,0
2024,TX,Briscoe,0,745,0,0,72,666,745,medsl,0
2004,TX,Brooks,0,2674,0,0,1823,845,2674,medsl,1
2008,TX,Brooks,0,2309,0,0,1747,556,2309,medsl,1
2012,TX,Brooks,0,2403,0,0,1886,507,2403,medsl,1
2016,TX,Brooks,0,2596,0,0,1937,613,2596,medsl,1
2020,TX,Brooks,0,2484,0,0,1470,998,2484,medsl,1
2024,TX,Brooks,0,2402,0,0,1308,1077,2402,medsl,1
2004,TX,Brown,0,14253,0,0,2523,11640,14253,medsl,0
2008,TX,Brown,0,15015,0,0,2822,12052,15015,medsl,0
2012,TX,Brown,0,13947,0,0,1904,11895,13947,medsl,0
2016,TX,Brown,0,14026,0,0,1621,12017,14026,medsl,0
2020,TX,Brown,0,15969,0,0,2107,13698,15969,medsl,0
2024,TX,Brown,0,16853,0,0,2132,14593,16853,medsl,0
2004,TX,Burleson,0,6721,0,0,2276,4405,6721,medsl,1
2008,TX,Burleson,0,6665,0,0,2053,4547,6665,medsl,1
2012,TX,Burleson,0,6456,0,0,1705,4671,6456,medsl,1
2016,TX,Burleson,0,6960,0,0,1491,5316,6960,medsl,1
2020,TX,Burleson,0,8609,0,0,1788,6743,8609,medsl,1
2024,TX,Burleson,0,9369,0,0,1705,7590,9369,medsl,1
2004,TX,Burnet,0,15742,0,0,4147,11456,15742,medsl,0
2008,TX,Burnet,0,16893,0,0,4608,12059,16893,medsl,0
2012,TX,Burnet,0,16796,0,0,3674,12843,16796,medsl,0
2016,TX,Burnet,0,19204,0,0,3797,14638,19204,medsl,0
2020,TX,Burnet,0,24717,0,0,5639,18767,24717,medsl,0
2024,TX,Burnet,0,28153,0,0,6114,21795,28153,medsl,0
2004,TX,Caldwell,0,11587,0,0,5052,6436,11587,medsl,1
2008,TX,Caldwell,0,11648,0,0,5403,6107,11648,medsl,1
2012,TX,Caldwell,0,11068,0,0,4791,6021,11068,medsl,1
2016,TX,Caldwell,0,12092,0,0,4795,6691,12092,medsl,1
2020,TX,Caldwell,0,14973,0,0,6672,8031,14973,medsl,1
2024,TX,Caldwell,0,15693,0,0,6618,8880,15693,medsl,1
2004,TX,Calhoun,0,6929,0,0,2561,4348,6929,medsl,1
2008,TX,Calhoun,0,6879,0,0,2729,4106,6879,medsl,1
2012,TX,Calhoun,0,6648,0,0,2410,4144,6648,medsl,1
2016,TX,Calhoun,0,6965,0,0,2118,4638,6965,medsl,1
2020,TX,Calhoun,0,7856,0,0,2148,5641,7856,medsl,1
2024,TX,Calhoun,0,7832,0,0,1853,5939,7832,medsl,1
2004,TX,Callahan,0,5654,0,0,1073,4542,5654,medsl,0
2008,TX,Callahan,0,5716,0,0,1063,4589,5716,medsl,0
2012,TX,Callahan,0,5197,0,0,751,4378,5197,medsl,0
2016,TX,Callahan,0,5579,0,0,569,4865,5579,medsl,0
2020,TX,Callahan,0,6832,0,0,734,6012,6832,medsl,0
2024,TX,Callahan,0,6988,0,0,761,6180,6988,medsl,0
2004,TX,Cameron,0,69156,0,0,33998,34801,69156,medsl,1
2008,TX,Cameron,0,75657,0,0,48480,26671,75657,medsl,1
2012,TX,Cameron,0,76895,0,0,49975,26099,76895,medsl,1
2016,TX,Cameron,0,92079,0,0,59402,29472,92079,medsl,1
2020,TX,Cameron,0,114174,0,0,64063,49032,114174,medsl,1
2024,TX,Cameron,0,116153,0,0,54258,60991,116153,medsl,1
2004,TX,Camp,0,4439,0,0,1778,2638,4439,medsl,1
2008,TX,Camp,0,4567,0,0,1734,2798,4567,medsl,1
2012,TX,Camp,0,4335,0,0,1428,2881,4335,medsl,1
2016,TX,Camp,0,4542,0,0,1260,3201,4542,medsl,1
2020,TX,Camp,0,5060,0,0,1394,3626,5060,medsl,1
2024,TX,Camp,0,5242,0,0,1201,4011,5242,medsl,1
2004,TX,Carson,0,2944,0,0,485,2450,2944,medsl,1
2008,TX,Carson,0,2980,0,0,406,2548,2980,medsl,1
2012,TX,Carson,0,2778,0,0,292,2451,2778,medsl,1
2016,TX,Carson,0,2964,0,0,249,2620,2964,medsl,1
2020,TX,Carson,0,3122,0,0,297,2779,3122,medsl,1
2024,TX,Carson,0,3177,0,0,290,2866,3177,medsl,1
2004,TX,Cass,0,12049,0,0,4630,7383,12049,medsl,1
2008,TX,Cass,0,11846,0,0,3490,8279,11846,medsl,1
2012,TX,Cass,0,11788,0,0,2924,8763,11788,medsl,1
2016,TX,Cass,0,12344,0,0,2391,9726,12344,medsl,1
2020,TX,Cass,0,13927,0,0,2795,11033,13927,medsl,1
2024,TX,Cass,0,14143,0,0,2406,11693,14143,medsl,1
2004,TX,Castro,0,2430,0,0,631,1794,2430,medsl,1
2008,TX,Castro,0,2291,0,0,719,1562,2291,medsl,1
2012,TX,Castro,0,2119,0,0,630,1470,2119,medsl,1
2016,TX,Castro,0,1997,0,0,526,1414,1997,medsl,1
2020,TX,Castro,0,2083,0,0,466,1602,2083,medsl,1
2024,TX,Castro,0,2023,0,0,418,1594,2023,medsl,1
2004,TX,Chambers,0,11649,0,0,2953,8618,11649,medsl,0
2008,TX,Chambers,0,13292,0,0,3188,9988,13292,medsl,0
2012,TX,Chambers,0,14735,0,0,2790,11787,14735,medsl,0
2016,TX,Chambers,0,16786,0,0,2948,13339,16786,medsl,0
2020,TX,Chambers,0,21652,0,0,3997,17353,21652,medsl,0
2024,TX,Chambers,0,24973,0,0,4192,20567,24973,medsl,0
2004,TX,Cherokee,0,15839,0,0,4439,11329,15839,medsl,1
2008,TX,Cherokee,0,16417,0,0,4610,11695,16417,medsl,1
2012,TX,Cherokee,0,16126,0,0,3875,12094,16126,medsl,1
2016,TX,Cherokee,0,16790,0,0,3469,12919,16790,medsl,1
2020,TX,Cherokee,0,19508,0,0,4210,15101,19508,medsl,1
2024,TX,Cherokee,0,20507,0,0,3744,16593,20507,medsl,1
2004,TX,Childress,0,2144,0,0,511,1629,2144,medsl,1
2008,TX,Childress,0,2296,0,0,497,1782,2296,medsl,1
2012,TX,Childress,0,1996,0,0,320,1665,1996,medsl,1
2016,TX,Childress,0,2084,0,0,253,1802,2084,medsl,1
2020,TX,Childress,0,2279,0,0,310,1943,2279,medsl,1
2024,TX,Childress,0,2272,0,0,263,1991,2272,medsl,1
2004,TX,Clay,0,5288,0,0,1299,3971,5288,medsl,1
2008,TX,Clay,0,5339,0,0,1085,4213,5339,medsl,1
2012,TX,Clay,0,5057,0,0,740,4266,5057,medsl,1
2016,TX,Clay,0,5018,0,0,536,4377,5018,medsl,1
2020,TX,Clay,0,5744,0,0,614,5069,5744,medsl,1
2024,TX,Clay,0,5908,0,0,584,5288,5908,medsl,1
2004,TX,Cochran,0,1110,0,0,249,856,1110,medsl,1
2008,TX,Cochran,0,1057,0,0,284,758,1057,medsl,1
2012,TX,Cochran,0,917,0,0,256,649,917,medsl,1
2016,TX,Cochran,0,901,0,0,190,679,901,medsl,1
2020,TX,Cochran,0,1000,0,0,177,809,1000,medsl,1
2024,TX,Cochran,0,893,0,0,148,735,893,medsl,1
2004,TX,Coke,0,1610,0,0,266,1338,1610,medsl,0
2008,TX,Coke,0,1569,0,0,299,1252,1569,medsl,0
2012,TX,Coke,0,1408,0,0,179,1218,1408,medsl,0
2016,TX,Coke,0,1423,0,0,140,1265,1423,medsl,0
2020,TX,Coke,0,1779,0,0,178,1586,1779,medsl,0
2024,TX,Coke,0,1814,0,0,179,1623,1814,medsl,0
2004,TX,Coleman,0,3826,0,0,778,3035,3826,medsl,1
2008,TX,Coleman,0,3702,0,0,643,3011,3702,medsl,1
2012,TX,Coleman,0,3492,0,0,442,3012,3492,medsl,1
2016,TX,Coleman,0,3643,0,0,388,3177,3643,medsl,1
2020,TX,Coleman,0,4124,0,0,451,3641,4124,medsl,1
2024,TX,Coleman,0,4156,0,0,428,3712,4156,medsl,1
2004,TX,Collin,0,245154,0,0,68935,174435,245154,medsl,1
2008,TX,Collin,0,296583,0,0,109047,184897,296583,medsl,1
2012,TX,Collin,0,302821,0,0,101415,196888,302821,medsl,1
2016,TX,Collin,0,361419,0,0,140624,201014,361419,medsl,1
2020,TX,Collin,0,490856,0,0,230945,252318,490856,medsl,1
2024,TX,Collin,0,515585,0,0,222115,279534,515585,medsl,1
2004,TX,Collingsworth,0,1398,0,0,346,1051,1398,medsl,1
2008,TX,Collingsworth,0,1195,0,0,234,943,1195,medsl,1
2012,TX,Collingsworth,0,1150,0,0,177,962,1150,medsl,1
2016,TX,Collingsworth,0,1156,0,0,145,983,1156,medsl,1
2020,TX,Collingsworth,0,1218,0,0,155,1048,1218,medsl,1
2024,TX,Collingsworth,0,1201,0,0,135,1066,1201,medsl,1
2004,TX,Colorado,0,7690,0,0,2161,5488,7690,medsl,1
2008,TX,Colorado,0,8353,0,0,2508,5795,8353,medsl,1
2012,TX,Colorado,0,8117,0,0,2029,6026,8117,medsl,1
2016,TX,Colorado,0,8513,0,0,1987,6325,8513,medsl,1
2020,TX,Colorado,0,9975,0,0,2420,7472,9975,medsl,1
2024,TX,Colorado,0,9994,0,0,2108,7824,9994,medsl,1
2004,TX,Comal,0,41043,0,0,9153,31574,41043,medsl,0
2008,TX,Comal,0,48158,0,0,12384,35233,48158,medsl,0
2012,TX,Comal,0,51529,0,0,11450,39318,51529,medsl,0
2016,TX,Comal,0,62178,0,0,14238,45136,62178,medsl,0
2020,TX,Comal,0,88892,0,0,24826,62740,88892,medsl,0
2024,TX,Comal,0,103491,0,0,27680,74756,103491,medsl,0
2004,TX,Comanche,0,5268,0,0,1431,3813,5268,medsl,1
2008,TX,Comanche,0,5217,0,0,1334,3813,5217,medsl,1
2012,TX,Comanche,0,4906,0,0,890,3944,4906,medsl,1
2016,TX,Comanche,0,5237,0,0,789,4333,5237,medsl,1
2020,TX,Comanche,0,6086,0,0,853,5177,6086,medsl,1
2024,TX,Comanche,0,6544,0,0,834,5679,6544,medsl,1
2004,TX,Concho,0,1193,0,0,270,911,1193,medsl,1
2008,TX,Concho,0,1077,0,0,257,807,1077,medsl,1
2012,TX,Concho,0,1001,0,0,194,793,1001,medsl,1
2016,TX,Concho,0,1068,0,0,148,885,1068,medsl,1
2020,TX,Concho,0,1268,0,0,197,1058,1268,medsl,1
2024,TX,Concho,0,1198,0,0,153,1038,1198,medsl,1
2004,TX,Cooke,0,15107,0,0,3142,11908,15107,medsl,0
2008,TX,Cooke,0,15032,0,0,3051,11871,15032,medsl,0
2012,TX,Cooke,0,14351,0,0,2246,11951,14351,medsl,0
2016,TX,Cooke,0,15955,0,0,2352,13181,15955,medsl,0
2020,TX,Cooke,0,18996,0,0,3210,15596,18996,medsl,0
2024,TX,Cooke,0,20447,0,0,3310,16975,20447,medsl,0
2004,TX,Coryell,0,17625,0,0,5122,12421,17625,medsl,1
2008,TX,Coryell,0,18332,0,0,6619,11550,18332,medsl,1
2012,TX,Coryell,0,16604,0,0,5158,11220,16604,medsl,1
2016,TX,Coryell,0,18253,0,0,5064,12225,18253,medsl,1
2020,TX,Coryell,0,23493,0,0,7565,15438,23493,medsl,1
2024,TX,Coryell,0,23926,0,0,6959,16688,23926,medsl,1
2004,TX,Cottle,0,768,0,0,214,549,768,medsl,1
2008,TX,Cottle,0,705,0,0,187,509,705,medsl,1
2012,TX,Cottle,0,741,0,0,180,555,741,medsl,1
2016,TX,Cottle,0,612,0,0,92,506,612,medsl,1
2020,TX,Cottle,0,662,0,0,113,540,662,medsl,1
2024,TX,Cottle,0,657,0,0,89,565,657,medsl,1
2004,TX,Crane,0,1574,0,0,254,1314,1574,medsl,1
2008,TX,Crane,0,1454,0,0,319,1119,1454,medsl,1
2012,TX,Crane,0,1283,0,0,275,985,1283,medsl,1
2016,TX,Crane,0,1384,0,0,299,1049,1384,medsl,1
2020,TX,Crane,0,1503,0,0,241,1247,1503,medsl,1
2024,TX,Crane,0,1389,0,0,186,1195,1389,medsl,1
2004,TX,Crockett,0,1728,0,0,473,1248,1728,medsl,1
2008,TX,Crockett,0,1545,0,0,512,1026,1545,medsl,1
2012,TX,Crockett,0,1457,0,0,480,957,1457,medsl,1
2016,TX,Crockett,0,1395,0,0,372,980,1395,medsl,1
2020,TX,Crockett,0,1574,0,0,344,1220,1574,medsl,1
2024,TX,Crockett,0,1417,0,0,323,1087,1417,medsl,1
2004,TX,Crosby,0,2275,0,0,622,1647,2275,medsl,1
2008,TX,Crosby,0,1914,0,0,684,1221,1914,medsl,1
2012,TX,Crosby,0,1787,0,0,639,1132,1787,medsl,1
2016,TX,Crosby,0,1728,0,0,468,1181,1728,medsl,1
2020,TX,Crosby,0,1953,0,0,527,1396,1953,medsl,1
2024,TX,Crosby,0,1880,0,0,451,1416,1880,medsl,1
2004,TX,Culberson,0,788,0,0,375,407,788,medsl,1
2008,TX,Culberson,0,759,0,0,492,257,759,medsl,1
2012,TX,Culberson,0,879,0,0,568,295,879,medsl,1
2016,TX,Culberson,0,767,0,0,454,280,767,medsl,1
2020,TX,Culberson,0,864,0,0,438,415,864,medsl,1
2024,TX,Culberson,0,781,0,0,319,451,781,medsl,1
2004,TX,Dallam,0,1782,0,0,305,1473,1782,medsl,1
2008,TX,Dallam,0,1589,0,0,302,1269,1589,medsl,1
2012,TX,Dallam,0,1534,0,0,253,1248,1534,medsl,1
2016,TX,Dallam,0,1544,0,0,222,1261,1544,medsl,1
2020,TX,Dallam,0,1609,0,0,197,1389,1609,medsl,1
2024,TX,Dallam,0,1447,0,0,152,1285,1447,medsl,1
2004,TX,Dallas,0,687709,0,0,336641,346246,687709,medsl,1
2008,TX,Dallas,0,738463,0,0,422989,310000,738463,medsl,1
2012,TX,Dallas,0,710117,0,0,405571,295813,710117,medsl,1
2016,TX,Dallas,0,758973,0,0,461080,262945,758973,medsl,1
2020,TX,Dallas,0,919504,0,0,598576,307076,919504,medsl,1
2024,TX,Dallas,0,849872,0,0,511118,322569,849872,medsl,1
2004,TX,Dawson,0,4545,0,0,1114,3419,4545,medsl,1
2008,TX,Dawson,0,4096,0,0,1152,2906,4096,medsl,1
2012,TX,Dawson,0,3642,0,0,1019,2591,3642,medsl,1
2016,TX,Dawson,0,3563,0,0,835,2636,3563,medsl,1
2020,TX,Dawson,0,3789,0,0,808,2951,3789,medsl,1
2024,TX,Dawson,0,3513,0,0,667,2810,3513,medsl,1
2004,TX,Deaf Smith,0,5291,0,0,1133,4139,5291,medsl,1
2008,TX,Deaf Smith,0,4744,0,0,1247,3466,4744,medsl,1
2012,TX,Deaf Smith,0,4309,0,0,1239,3042,4309,medsl,1
2016,TX,Deaf Smith,0,4216,0,0,1185,2911,4216,medsl,1
2020,TX,Deaf Smith,0,4610,0,0,1264,3294,4610,medsl,1
2024,TX,Deaf Smith,0,4286,0,0,1019,3233,4286,medsl,1
2004,TX,Delta,0,2082,0,0,627,1447,2082,medsl,1
2008,TX,Delta,0,2187,0,0,589,1580,2187,medsl,1
2012,TX,Delta,0,2018,0,0,454,1524,2018,medsl,1
2016,TX,Delta,0,2281,0,0,400,1836,2281,medsl,1
2020,TX,Delta,0,2592,0,0,403,2162,2592,medsl,1
2024,TX,Delta,0,2658,0,0,397,2250,2658,medsl,1
2004,TX,Denton,0,201410,0,0,59346,140891,201410,medsl,0
2008,TX,Denton,0,243263,0,0,91160,149935,243263,medsl,0
2012,TX,Denton,0,242781,0,0,80978,157579,242781,medsl,0
2016,TX,Denton,0,298645,0,0,110890,170603,298645,medsl,0
2020,TX,Denton,0,417964,0,0,188695,222480,417964,medsl,0
2024,TX,Denton,0,449188,0,0,191503,250521,449188,medsl,0
2004,TX,Dewitt,0,6732,0,0,1610,5100,6732,medsl,1
2008,TX,Dewitt,0,6626,0,0,1716,4888,6626,medsl,1
2012,TX,Dewitt,0,6638,0,0,1467,5122,6638,medsl,1
2016,TX,Dewitt,0,6844,0,0,1163,5519,6844,medsl,1
2020,TX,Dewitt,0,8118,0,0,1494,6567,8118,medsl,1
2024,TX,Dewitt,0,7825,0,0,1270,6515,7825,medsl,1
2004,TX,Dickens,0,1063,0,0,245,815,1063,medsl,0
2008,TX,Dickens,0,972,0,0,234,730,972,medsl,0
2012,TX,Dickens,0,1019,0,0,216,793,1019,medsl,0
2016,TX,Dickens,0,909,0,0,128,755,909,medsl,0
2020,TX,Dickens,0,988,0,0,130,853,988,medsl,0
2024,TX,Dickens,0,993,0,0,146,844,993,medsl,0
2004,TX,Dimmit,0,3566,0,0,2365,1188,3566,medsl,1
2008,TX,Dimmit,0,3587,0,0,2692,874,3587,medsl,1
2012,TX,Dimmit,0,2917,0,0,2141,762,2917,medsl,1
2016,TX,Dimmit,0,3225,0,0,2173,974,3225,medsl,1
2020,TX,Dimmit,0,3666,0,0,2264,1384,3666,medsl,1
2024,TX,Dimmit,0,3427,0,0,1765,1653,3427,medsl,1
2004,TX,Donley,0,1784,0,0,349,1429,1784,medsl,1
2008,TX,Donley,0,1690,0,0,291,1374,1690,medsl,1
2012,TX,Donley,0,1535,0,0,226,1287,1535,medsl,1
2016,TX,Donley,0,1465,0,0,191,1225,1465,medsl,1
2020,TX,Donley,0,1648,0,0,198,1438,1648,medsl,1
2024,TX,Donley,0,1712,0,0,174,1512,1712,medsl,1
2004,TX,Duval,0,4091,0,0,2916,1160,4091,medsl,1
2008,TX,Duval,0,4409,0,0,3298,1076,4409,medsl,1
2012,TX,Duval,0,4344,0,0,3331,980,4344,medsl,1
2016,TX,Duval,0,4168,0,0,2783,1316,4168,medsl,1
2020,TX,Duval,0,5053,0,0,2575,2443,5053,medsl,1
2024,TX,Duval,0,4461,0,0,2003,2439,4461,medsl,1
2004,TX,Eastland,0,6857,0,0,1582,5249,6857,medsl,1
2008,TX,Eastland,0,6509,0,0,1271,5165,6509,medsl,1
2012,TX,Eastland,0,6495,0,0,970,5444,6495,medsl,1
2016,TX,Eastland,0,6963,0,0,776,6011,6963,medsl,1
2020,TX,Eastland,0,8293,0,0,983,7237,8293,medsl,1
2024,TX,Eastland,0,8364,0,0,918,7397,8364,medsl,1
2004,TX,Ector,0,36310,0,0,8579,27502,36310,medsl,1
2008,TX,Ector,0,35606,0,0,9123,26199,35606,medsl,1
2012,TX,Ector,0,32513,0,0,8118,24010,32513,medsl,1
2016,TX,Ector,0,36530,0,0,10249,25020,36530,medsl,1
2020,TX,Ector,0,44591,0,0,11367,32697,44591,medsl,1
2024,TX,Ector,0,42615,0,0,9881,32429,42615,medsl,1
2004,TX,Edwards,0,963,0,0,217,745,963,medsl,1
2008,TX,Edwards,0,1035,0,0,346,673,1035,medsl,1
2012,TX,Edwards,0,884,0,0,232,642,884,medsl,1
2016,TX,Edwards,0,1073,0,0,303,746,1073,medsl,1
2020,TX,Edwards,0,1066,0,0,168,893,1066,medsl,1
2024,TX,Edwards,0,1005,0,0,133,869,1005,medsl,1
2004,TX,El Paso,0,169573,0,0,95142,73261,169573,medsl,1
2008,TX,El Paso,0,185233,0,0,122021,61783,185233,medsl,1
2012,TX,El Paso,0,172412,0,0,112952,57150,172412,medsl,1
2016,TX,El Paso,0,214008,0,0,147843,55512,214008,medsl,1
2020,TX,El Paso,0,266729,0,0,178126,84331,266729,medsl,1
2024,TX,El Paso,0,251569,0,0,143156,105124,251569,medsl,1
2004,TX,Ellis,0,46444,0,0,11640,34602,46444,medsl,0
2008,TX,Ellis,0,53853,0,0,15333,38078,53853,medsl,0
2012,TX,Ellis,0,54151,0,0,13881,39574,54151,medsl,0
2016,TX,Ellis,0,63673,0,0,16253,44941,63673,medsl,0
2020,TX,Ellis,0,85493,0,0,27565,56717,85493,medsl,0
2024,TX,Ellis,0,99557,0,0,33850,64763,99557,medsl,0
2004,TX,Erath,0,12281,0,0,2710,9506,12281,medsl,1
2008,TX,Erath,0,14019,0,0,3128,10768,14019,medsl,1
2012,TX,Erath,0,12473,0,0,1965,10329,12473,medsl,1
2016,TX,Erath,0,13893,0,0,2160,11210,13893,medsl,1
2020,TX,Erath,0,16856,0,0,2916,13684,16856,medsl,1
2024,TX,Erath,0,18351,0,0,2871,15349,18351,medsl,1
2004,TX,Falls,0,5902,0,0,2427,3454,5902,medsl,1
2008,TX,Falls,0,5599,0,0,2225,3328,5599,medsl,1
2012,TX,Falls,0,5434,0,0,2033,3356,5434,medsl,1
2016,TX,Falls,0,5248,0,0,1684,3441,5248,medsl,1
2020,TX,Falls,0,6133,0,0,1899,4177,6133,medsl,1
2024,TX,Falls,0,6277,0,0,1713,4520,6277,medsl,1
2004,TX,Fannin,0,11960,0,0,4001,7893,11960,medsl,1
2008,TX,Fannin,0,11694,0,0,3464,8092,11694,medsl,1
2012,TX,Fannin,0,10804,0,0,2486,8161,10804,medsl,1
2016,TX,Fannin,0,12044,0,0,2132,9548,12044,medsl,1
2020,TX,Fannin,0,15007,0,0,2655,12171,15007,medsl,1
2024,TX,Fannin,0,16395,0,0,2607,13648,16395,medsl,1
2004,TX,Fayette,0,10397,0,0,2803,7527,10397,medsl,1
2008,TX,Fayette,0,10714,0,0,3014,7582,10714,medsl,1
2012,TX,Fayette,0,10551,0,0,2315,8106,10551,medsl,1
2016,TX,Fayette,0,11174,0,0,2144,8743,11174,medsl,1
2020,TX,Fayette,0,12941,0,0,2661,10171,12941,medsl,1
2024,TX,Fayette,0,13331,0,0,2515,10699,13331,medsl,1
2004,TX,Fisher,0,1923,0,0,758,1161,1923,medsl,0
2008,TX,Fisher,0,1784,0,0,687,1083,1784,medsl,0
2012,TX,Fisher,0,1629,0,0,512,1094,1629,medsl,0
2016,TX,Fisher,0,1729,0,0,403,1265,1729,medsl,0
2020,TX,Fisher,0,1826,0,0,352,1448,1826,medsl,0
2024,TX,Fisher,0,1830,0,0,330,1487,1830,medsl,0
2004,TX,Floyd,0,2584,0,0,545,2032,2584,medsl,1
2008,TX,Floyd,0,2521,0,0,730,1784,2521,medsl,1
2012,TX,Floyd,0,2085,0,0,551,1523,2085,medsl,1
2016,TX,Floyd,0,1959,0,0,435,1474,1959,medsl,1
2020,TX,Floyd,0,2039,0,0,438,1584,2039,medsl,1
2024,TX,Floyd,0,2090,0,0,358,1715,2090,medsl,1
2004,TX,Foard,0,587,0,0,235,347,587,medsl,1
2008,TX,Foard,0,538,0,0,198,327,538,medsl,1
2012,TX,Foard,0,495,0,0,140,348,495,medsl,1
2016,TX,Foard,0,513,0,0,113,383,513,medsl,1
2020,TX,Foard,0,551,0,0,99,445,551,medsl,1
2024,TX,Foard,0,545,0,0,92,448,545,medsl,1
2004,TX,Fort Bend,0,163169,0,0,68722,93625,163169,medsl,1
2008,TX,Fort Bend,0,202822,0,0,98368,103206,202822,medsl,1
2012,TX,Fort Bend,0,219489,0,0,101144,116126,219489,medsl,1
2016,TX,Fort Bend,0,262066,0,0,134686,117291,262066,medsl,1
2020,TX,Fort Bend,0,357514,0,0,195552,157718,357514,medsl,1
2024,TX,Fort Bend,0,362524,0,0,179310,173592,362524,medsl,1
2004,TX,Franklin,0,4217,0,0,1011,3185,4217,medsl,0
2008,TX,Franklin,0,4491,0,0,1036,3392,4491,medsl,0
2012,TX,Franklin,0,4257,0,0,751,3446,4257,medsl,0
2016,TX,Franklin,0,4380,0,0,665,3585,4380,medsl,0
2020,TX,Franklin,0,5009,0,0,804,4161,5009,medsl,0
2024,TX,Franklin,0,5311,0,0,813,4473,5311,medsl,0
2004,TX,Freestone,0,7161,0,0,2070,5057,7161,medsl,1
2008,TX,Freestone,0,7288,0,0,2034,5205,7288,medsl,1
2012,TX,Freestone,0,7570,0,0,1850,5646,7570,medsl,1
2016,TX,Freestone,0,7684,0,0,1471,6026,7684,medsl,1
2020,TX,Freestone,0,8711,0,0,1635,6991,8711,medsl,1
2024,TX,Freestone,0,9045,0,0,1499,7500,9045,medsl,1
2004,TX,Frio,0,3930,0,0,1931,1991,3930,medsl,1
2008,TX,Frio,0,4062,0,0,2405,1644,4062,medsl,1
2012,TX,Frio,0,3968,0,0,2376,1559,3968,medsl,1
2016,TX,Frio,0,4400,0,0,2444,1856,4400,medsl,1
2020,TX,Frio,0,5279,0,0,2422,2823,5279,medsl,1
2024,TX,Frio,0,4945,0,0,1848,3060,4945,medsl,1
2004,TX,Gaines,0,4164,0,0,608,3540,4164,medsl,0
2008,TX,Gaines,0,4067,0,0,650,3385,4067,medsl,0
2012,TX,Gaines,0,4066,0,0,535,3484,4066,medsl,0
2016,TX,Gaines,0,4620,0,0,597,3907,4620,medsl,0
2020,TX,Gaines,0,5996,0,0,576,5355,5996,medsl,0
2024,TX,Gaines,0,6416,0,0,538,5840,6416,medsl,0
2004,TX,Galveston,0,105981,0,0,43919,61290,105981,medsl,1
2008,TX,Galveston,0,105004,0,0,41805,62258,105004,medsl,1
2012,TX,Galveston,0,110078,0,0,39511,69059,110078,medsl,1
2016,TX,Galveston,0,122903,0,0,43658,73757,122903,medsl,1
2020,TX,Galveston,0,155060,0,0,58842,93911,155060,medsl,1
2024,TX,Galveston,0,158996,0,0,56732,100295,158996,medsl,1
2004,TX,Garza,0,1812,0,0,326,1480,1812,medsl,1
2008,TX,Garza,0,1750,0,0,375,1356,1750,medsl,1
2012,TX,Garza,0,1560,0,0,279,1263,1560,medsl,1
2016,TX,Garza,0,1484,0,0,230,1225,1484,medsl,1
2020,TX,Garza,0,1653,0,0,231,1413,1653,medsl,1
2024,TX,Garza,0,1599,0,0,213,1374,1599,medsl,1
2004,TX,Gillespie,0,11553,0,0,2104,9297,11553,medsl,1
2008,TX,Gillespie,0,12338,0,0,2576,9563,12338,medsl,1
2012,TX,Gillespie,0,12550,0,0,2055,10306,12550,medsl,1
2016,TX,Gillespie,0,13214,0,0,2288,10446,13214,medsl,1
2020,TX,Gillespie,0,15850,0,0,3176,12514,15850,medsl,1
2024,TX,Gillespie,0,16492,0,0,3160,13202,16492,medsl,1
2004,TX,Glasscock,0,533,0,0,44,488,533,medsl,1
2008,TX,Glasscock,0,557,0,0,52,502,557,medsl,1
2012,TX,Glasscock,0,578,0,0,44,526,578,medsl,1
2016,TX,Glasscock,0,604,0,0,34,553,604,medsl,1
2020,TX,Glasscock,0,653,0,0,39,611,653,medsl,1
2024,TX,Glasscock,0,663,0,0,38,623,663,medsl,1
2004,TX,Goliad,0,3501,0,0,1219,2267,3501,medsl,1
2008,TX,Goliad,0,3655,0,0,1329,2298,3655,medsl,1
2012,TX,Goliad,0,3458,0,0,1127,2294,3458,medsl,1
2016,TX,Goliad,0,3708,0,0,973,2620,3708,medsl,1
2020,TX,Goliad,0,3995,0,0,877,3085,3995,medsl,1
2024,TX,Goliad,0,3987,0,0,778,3178,3987,medsl,1
2004,TX,Gonzales,0,6022,0,0,1709,4291,6022,medsl,1
2008,TX,Gonzales,0,6287,0,0,2167,4076,6287,medsl,1
2012,TX,Gonzales,0,6057,0,0,1777,4216,6057,medsl,1
2016,TX,Gonzales,0,6334,0,0,1571,4587,6334,medsl,1
2020,TX,Gonzales,0,7648,0,0,1948,5627,7648,medsl,1
2024,TX,Gonzales,0,7755,0,0,1729,5981,7755,medsl,1
2004,TX,Gray,0,8572,0,0,1289,7260,8572,medsl,1
2008,TX,Gray,0,8133,0,0,1153,6924,8133,medsl,1
2012,TX,Gray,0,7389,0,0,886,6443,7389,medsl,1
2016,TX,Gray,0,7405,0,0,701,6500,7405,medsl,1
2020,TX,Gray,0,7782,0,0,829,6840,7782,medsl,1
2024,TX,Gray,0,7580,0,0,845,6691,7580,medsl,1
2004,TX,Grayson,0,44423,0,0,13452,30777,44423,medsl,0
2008,TX,Grayson,0,45477,0,0,13900,31136,45477,medsl,0
2012,TX,Grayson,0,42264,0,0,10670,30936,42264,medsl,0
2016,TX,Grayson,0,47416,0,0,10301,35325,47416,medsl,0
2020,TX,Grayson,0,59474,0,0,14506,44163,59474,medsl,0
2024,TX,Grayson,0,65915,0,0,14800,50556,65915,medsl,0
2004,TX,Gregg,0,42398,0,0,12306,29939,42398,medsl,1
2008,TX,Gregg,0,42610,0,0,13166,29203,42610,medsl,1
2012,TX,Gregg,0,41507,0,0,12398,28742,41507,medsl,1
2016,TX,Gregg,0,41749,0,0,11677,28764,41749,medsl,1
2020,TX,Gregg,0,47982,0,0,14796,32493,47982,medsl,1
2024,TX,Gregg,0,46738,0,0,13294,33026,46738,medsl,1
2004,TX,Grimes,0,8030,0,0,2713,5263,8030,medsl,1
2008,TX,Grimes,0,8322,0,0,2704,5562,8322,medsl,1
2012,TX,Grimes,0,8601,0,0,2339,6141,8601,medsl,1
2016,TX,Grimes,0,9533,0,0,2194,7065,9533,medsl,1
2020,TX,Grimes,0,12414,0,0,2833,9432,12414,medsl,1
2024,TX,Grimes,0,14051,0,0,2734,11197,14051,medsl,1
2004,TX,Guadalupe,0,38752,0,0,10290,28208,38752,medsl,0
2008,TX,Guadalupe,0,47461,0,0,16156,30869,47461,medsl,0
2012,TX,Guadalupe,0,49514,0,0,15744,33117,49514,medsl,0
2016,TX,Guadalupe,0,57822,0,0,18391,36632,57822,medsl,0
2020,TX,Guadalupe,0,77619,0,0,28805,47553,77619,medsl,0
2024,TX,Guadalupe,0,85136,0,0,29573,54691,85136,medsl,0
2004,TX,Hale,0,10154,0,0,2078,8025,10154,medsl,1
2008,TX,Hale,0,9943,0,0,2708,7171,9943,medsl,1
2012,TX,Hale,0,8854,0,0,2243,6490,8854,medsl,1
2016,TX,Hale,0,8858,0,0,2101,6366,8858,medsl,1
2020,TX,Hale,0,9586,0,0,2279,7177,9586,medsl,1
2024,TX,Hale,0,9285,0,0,1903,7283,9285,medsl,1
2004,TX,Hall,0,1277,0,0,413,860,1277,medsl,1
2008,TX,Hall,0,1264,0,0,324,930,1264,medsl,1
2012,TX,Hall,0,1109,0,0,265,832,1109,medsl,1
2016,TX,Hall,0,1091,0,0,164,893,1091,medsl,1
2020,TX,Hall,0,1169,0,0,168,995,1169,medsl,1
2024,TX,Hall,0,1149,0,0,149,992,1149,medsl,1
2004,TX,Hamilton,0,3730,0,0,845,2856,3730,medsl,1
2008,TX,Hamilton,0,3778,0,0,863,2876,3778,medsl,1
2012,TX,Hamilton,0,3552,0,0,591,2918,3552,medsl,1
2016,TX,Hamilton,0,3620,0,0,479,3060,3620,medsl,1
2020,TX,Hamilton,0,4351,0,0,641,3616,4351,medsl,1
2024,TX,Hamilton,0,4465,0,0,625,3809,4465,medsl,1
2004,TX,Hansford,0,2147,0,0,240,1903,2147,medsl,1
2008,TX,Hansford,0,2102,0,0,240,1847,2102,medsl,1
2012,TX,Hansford,0,1962,0,0,159,1788,1962,medsl,1
2016,TX,Hansford,0,1947,0,0,171,1730,1947,medsl,1
2020,TX,Hansford,0,2047,0,0,166,1849,2047,medsl,1
2024,TX,Hansford,0,1999,0,0,146,1842,1999,medsl,1
2004,TX,Hardeman,0,1702,0,0,480,1214,1702,medsl,1
2008,TX,Hardeman,0,1595,0,0,373,1199,1595,medsl,1
2012,TX,Hardeman,0,1495,0,0,302,1176,1495,medsl,1
2016,TX,Hardeman,0,1513,0,0,249,1207,1513,medsl,1
2020,TX,Hardeman,0,1580,0,0,241,1330,1580,medsl,1
2024,TX,Hardeman,0,1405,0,0,188,1210,1405,medsl,1
2004,TX,Hardin,0,20710,0,0,5608,15030,20710,medsl,1
2008,TX,Hardin,0,20702,0,0,3939,16603,20702,medsl,1
2012,TX,Hardin,0,21297,0,0,3359,17746,21297,medsl,1
2016,TX,Hardin,0,22780,0,0,2780,19606,22780,medsl,1
2020,TX,Hardin,0,27635,0,0,3474,23858,27635,medsl,1
2024,TX,Hardin,0,28157,0,0,3347,24691,28157,medsl,1
2004,TX,Harris,0,1067968,0,0,475865,584723,1067968,medsl,1
2008,TX,Harris,0,1171472,0,0,590982,571883,1171472,medsl,1
2012,TX,Harris,0,1188585,0,0,587044,586073,1188585,medsl,1
2016,TX,Harris,0,1312112,0,0,707914,545955,1312112,medsl,1
2020,TX,Harris,0,1640818,0,0,918193,700630,1640818,medsl,1
2024,TX,Harris,0,1557484,0,0,808771,722695,1557484,medsl,1
2004,TX,Harris County,1818150,1452109,1007982,379928,751309,684607,1452109,manual,0
2008,TX,Harris County,2162217,1762632,1119756,456465,805440,917058,1762632,manual,0
2012,TX,Harris County,2334541,1384731,1047652,471446,718587,664206,1384731,manual,0
2016,TX,Harris County,2352315,1475292,1123678,476512,772423,700132,1475292,manual,0
2020,TX,Harris County,2581354,1742112,1249876,507368,940694,748651,1742112,manual,0
2024,TX,Harris County,2549422,1767123,1207653,502198,951435,709302,1767123,manual,0
2004,TX,Harrison,0,26223,0,0,9642,16473,26223,medsl,1
2008,TX,Harrison,0,26158,0,0,8887,17103,26158,medsl,1
2012,TX,Harrison,0,26170,0,0,8456,17512,26170,medsl,1
2016,TX,Harrison,0,26548,0,0,7151,18749,26548,medsl,1
2020,TX,Harrison,0,29717,0,0,7908,21466,29717,medsl,1
2024,TX,Harrison,0,30243,0,0,7369,22658,30243,medsl,1
2004,TX,Hartley,0,2059,0,0,315,1736,2059,medsl,1
2008,TX,Hartley,0,1985,0,0,250,1711,1985,medsl,1
2012,TX,Hartley,0,1913,0,0,184,1708,1913,medsl,1
2016,TX,Hartley,0,1952,0,0,173,1730,1952,medsl,1
2020,TX,Hartley,0,2078,0,0,195,1868,2078,medsl,1
2024,TX,Hartley,0,2016,0,0,163,1843,2016,medsl,1
2004,TX,Haskell,0,2416,0,0,867,1539,2416,medsl,1
2008,TX,Haskell,0,2116,0,0,699,1388,2116,medsl,1
2012,TX,Haskell,0,2013,0,0,553,1424,2013,medsl,1
2016,TX,Haskell,0,1770,0,0,314,1403,1770,medsl,1
2020,TX,Haskell,0,2214,0,0,353,1840,2214,medsl,1
2024,TX,Haskell,0,2247,0,0,313,1918,2247,medsl,1
2004,TX,Hays,0,47823,0,0,20110,27021,47823,medsl,0
2008,TX,Hays,0,59052,0,0,28431,29638,59052,medsl,0
2012,TX,Hays,0,59011,0,0,25537,31661,59011,medsl,0
2016,TX,Hays,0,72164,0,0,33224,33826,72164,medsl,0
2020,TX,Hays,0,109395,0,0,59524,47680,109395,medsl,0
2024,TX,Hays,0,125827,0,0,65528,58438,125827,medsl,0
2004,TX,Hemphill,0,1643,0,0,257,1380,1643,medsl,1
2008,TX,Hemphill,0,1570,0,0,216,1345,1570,medsl,1
2012,TX,Hemphill,0,1509,0,0,192,1298,1509,medsl,1
2016,TX,Hemphill,0,1695,0,0,181,1462,1695,medsl,1
2020,TX,Hemphill,0,1720,0,0,206,1486,1720,medsl,1
2024,TX,Hemphill,0,1612,0,0,190,1412,1612,medsl,1
2004,TX,Henderson,0,28849,0,0,8505,20210,28849,medsl,1
2008,TX,Henderson,0,28993,0,0,7913,20857,28993,medsl,1
2012,TX,Henderson,0,27627,0,0,6106,21231,27627,medsl,1
2016,TX,Henderson,0,30045,0,0,5669,23650,30045,medsl,1
2020,TX,Henderson,0,36317,0,0,7060,28911,36317,medsl,1
2024,TX,Henderson,0,38540,0,0,6919,31379,38540,medsl,1
2004,TX,Hidalgo,0,113683,0,0,62369,50931,113683,medsl,1
2008,TX,Hidalgo,0,130784,0,0,90261,39668,130784,medsl,1
2012,TX,Hidalgo,0,139159,0,0,97969,39865,139159,medsl,1
2016,TX,Hidalgo,0,173437,0,0,118809,48642,173437,medsl,1
2020,TX,Hidalgo,0,220884,0,0,128199,90527,220884,medsl,1
2024,TX,Hidalgo,0,217265,0,0,104517,110760,217265,medsl,1
2004,TX,Hill,0,13053,0,0,3751,9225,13053,medsl,0
2008,TX,Hill,0,13188,0,0,3811,9264,13188,medsl,0
2012,TX,Hill,0,12045,0,0,2752,9132,12045,medsl,0
2016,TX,Hill,0,12970,0,0,2547,10108,12970,medsl,0
2020,TX,Hill,0,14931,0,0,2860,11926,14931,medsl,0
2024,TX,Hill,0,16706,0,0,2919,13669,16706,medsl,0
2004,TX,Hockley,0,7577,0,0,1385,6160,7577,medsl,1
2008,TX,Hockley,0,7645,0,0,1797,5795,7645,medsl,1
2012,TX,Hockley,0,7134,0,0,1486,5546,7134,medsl,1
2016,TX,Hockley,0,7311,0,0,1260,5809,7311,medsl,1
2020,TX,Hockley,0,8100,0,0,1482,6536,8100,medsl,1
2024,TX,Hockley,0,7988,0,0,1323,6616,7988,medsl,1
2004,TX,Hood,0,21293,0,0,4865,16280,21293,medsl,0
2008,TX,Hood,0,22596,0,0,5087,17299,22596,medsl,0
2012,TX,Hood,0,22535,0,0,3843,18409,22535,medsl,0
2016,TX,Hood,0,26262,0,0,4008,21382,26262,medsl,0
2020,TX,Hood,0,32541,0,0,5648,26496,32541,medsl,0
2024,TX,Hood,0,36553,0,0,6070,30174,36553,medsl,0
2004,TX,Hopkins,0,12062,0,0,3443,8582,12062,medsl,1
2008,TX,Hopkins,0,12919,0,0,3530,9299,12919,medsl,1
2012,TX,Hopkins,0,12753,0,0,2777,9836,12753,medsl,1
2016,TX,Hopkins,0,13538,0,0,2510,10707,13538,medsl,1
2020,TX,Hopkins,0,15941,0,0,3046,12719,15941,medsl,1
2024,TX,Hopkins,0,16778,0,0,2917,13754,16778,medsl,1
2004,TX,Houston,0,8806,0,0,2921,5848,8806,medsl,1
2008,TX,Houston,0,8624,0,0,2656,5872,8624,medsl,1
2012,TX,Houston,0,8214,0,0,2265,5880,8214,medsl,1
2016,TX,Houston,0,8353,0,0,1978,6205,8353,medsl,1
2020,TX,Houston,0,9438,0,0,2314,7060,9438,medsl,1
2024,TX,Houston,0,9365,0,0,2065,7247,9365,medsl,1
2004,TX,Howard,0,10201,0,0,2663,7480,10201,medsl,1
2008,TX,Howard,0,9689,0,0,2545,7029,9689,medsl,1
2012,TX,Howard,0,8695,0,0,2110,6453,8695,medsl,1
2016,TX,Howard,0,8723,0,0,1770,6637,8723,medsl,1
2020,TX,Howard,0,10241,0,0,2069,8054,10241,medsl,1
2024,TX,Howard,0,9641,0,0,1759,7817,9641,medsl,1
2004,TX,Hudspeth,0,886,0,0,302,577,886,medsl,1
2008,TX,Hudspeth,0,898,0,0,430,458,898,medsl,1
2012,TX,Hudspeth,0,863,0,0,379,471,863,medsl,1
2016,TX,Hudspeth,0,871,0,0,324,503,871,medsl,1
2020,TX,Hudspeth,0,1165,0,0,371,779,1165,medsl,1
2024,TX,Hudspeth,0,1038,0,0,275,759,1038,medsl,1
2004,TX,Hunt,0,28194,0,0,7971,20065,28194,medsl,0
2008,TX,Hunt,0,29524,0,0,8594,20573,29524,medsl,0
2012,TX,Hunt,0,28049,0,0,6671,21011,28049,medsl,0
2016,TX,Hunt,0,31554,0,0,6396,23910,31554,medsl,0
2020,TX,Hunt,0,38597,0,0,8906,29163,38597,medsl,0
2024,TX,Hunt,0,46733,0,0,10212,36137,46733,medsl,0
2004,TX,Hutchinson,0,9369,0,0,1503,7839,9369,medsl,1
2008,TX,Hutchinson,0,8761,0,0,1322,7361,8761,medsl,1
2012,TX,Hutchinson,0,7928,0,0,1045,6804,7928,medsl,1
2016,TX,Hutchinson,0,8155,0,0,854,7042,8155,medsl,1
2020,TX,Hutchinson,0,8773,0,0,965,7681,8773,medsl,1
2024,TX,Hutchinson,0,8244,0,0,913,7273,8244,medsl,1
2004,TX,Irion,0,828,0,0,141,684,828,medsl,1
2008,TX,Irion,0,817,0,0,164,644,817,medsl,1
2012,TX,Irion,0,788,0,0,112,668,788,medsl,1
2016,TX,Irion,0,766,0,0,90,660,766,medsl,1
2020,TX,Irion,0,889,0,0,120,759,889,medsl,1
2024,TX,Irion,0,868,0,0,105,761,868,medsl,1
2004,TX,Jack,0,3126,0,0,643,2470,3126,medsl,0
2008,TX,Jack,0,3023,0,0,470,2528,3023,medsl,0
2012,TX,Jack,0,2908,0,0,303,2580,2908,medsl,0
2016,TX,Jack,0,3350,0,0,314,2973,3350,medsl,0
2020,TX,Jack,0,3782,0,0,331,3418,3782,medsl,0
2024,TX,Jack,0,4201,0,0,363,3819,4201,medsl,0
2004,TX,Jackson,0,5077,0,0,1296,3766,5077,medsl,1
2008,TX,Jackson,0,5057,0,0,1301,3723,5057,medsl,1
2012,TX,Jackson,0,5025,0,0,1070,3906,5025,medsl,1
2016,TX,Jackson,0,5302,0,0,904,4266,5302,medsl,1
2020,TX,Jackson,0,6353,0,0,1033,5231,6353,medsl,1
2024,TX,Jackson,0,6329,0,0,907,5386,6329,medsl,1
2004,TX,Jasper,0,12873,0,0,4471,8347,12873,medsl,1
2008,TX,Jasper,0,12776,0,0,3658,9022,12776,medsl,1
2012,TX,Jasper,0,13517,0,0,3423,9957,13517,medsl,1
2016,TX,Jasper,0,13419,0,0,2590,10609,13419,medsl,1
2020,TX,Jasper,0,15611,0,0,2954,12542,15611,medsl,1
2024,TX,Jasper,0,15841,0,0,2615,13162,15841,medsl,1
2004,TX,Jeff Davis,0,1167,0,0,378,764,1167,medsl,1
2008,TX,Jeff Davis,0,1236,0,0,468,749,1236,medsl,1
2012,TX,Jeff Davis,0,1192,0,0,440,719,1192,medsl,1
2016,TX,Jeff Davis,0,1191,0,0,422,695,1191,medsl,1
2020,TX,Jeff Davis,0,1305,0,0,501,784,1305,medsl,1
2024,TX,Jeff Davis,0,1169,0,0,450,699,1169,medsl,1
2004,TX,Jefferson,0,91866,0,0,47066,44423,91866,medsl,1
2008,TX,Jefferson,0,88296,0,0,44888,42905,88296,medsl,1
2012,TX,Jefferson,0,88627,0,0,44668,43242,88627,medsl,1
2016,TX,Jefferson,0,87618,0,0,42443,42862,87618,medsl,1
2020,TX,Jefferson,0,94759,0,0,46073,47570,94759,medsl,1
2024,TX,Jefferson,0,86314,0,0,38936,46596,86314,medsl,1
2004,TX,Jim Hogg,0,2065,0,0,1344,712,2065,medsl,1
2008,TX,Jim Hogg,0,1815,0,0,1336,472,1815,medsl,1
2012,TX,Jim Hogg,0,1667,0,0,1301,356,1667,medsl,1
2016,TX,Jim Hogg,0,2119,0,0,1635,430,2119,medsl,1
2020,TX,Jim Hogg,0,2036,0,0,1197,833,2036,medsl,1
2024,TX,Jim Hogg,0,1585,0,0,856,725,1585,medsl,1
2004,TX,Jim Wells,0,12691,0,0,6824,5817,12691,medsl,1
2008,TX,Jim Wells,0,11612,0,0,6706,4841,11612,medsl,1
2012,TX,Jim Wells,0,11166,0,0,6492,4598,11166,medsl,1
2016,TX,Jim Wells,0,12379,0,0,6694,5420,12379,medsl,1
2020,TX,Jim Wells,0,13669,0,0,6119,7453,13669,medsl,1
2024,TX,Jim Wells,0,13268,0,0,5577,7636,13268,medsl,1
2004,TX,Johnson,0,47422,0,0,12325,34818,47422,medsl,0
2008,TX,Johnson,0,50050,0,0,12912,36685,50050,medsl,0
2012,TX,Johnson,0,48838,0,0,10496,37661,48838,medsl,0
2016,TX,Johnson,0,57606,0,0,10988,44382,57606,medsl,0
2020,TX,Johnson,0,72020,0,0,16464,54628,72020,medsl,0
2024,TX,Johnson,0,80721,0,0,19247,60752,80721,medsl,0
2004,TX,Jones,0,5931,0,0,1658,4254,5931,medsl,1
2008,TX,Jones,0,5808,0,0,1528,4203,5808,medsl,1
2012,TX,Jones,0,5567,0,0,1226,4262,5567,medsl,1
2016,TX,Jones,0,5960,0,0,936,4819,5960,medsl,1
2020,TX,Jones,0,6741,0,0,999,5660,6741,medsl,1
2024,TX,Jones,0,6947,0,0,907,5988,6947,medsl,1
2004,TX,Karnes,0,4673,0,0,1543,3114,4673,medsl,1
2008,TX,Karnes,0,4527,0,0,1760,2736,4527,medsl,1
2012,TX,Karnes,0,4185,0,0,1325,2825,4185,medsl,1
2016,TX,Karnes,0,4198,0,0,1145,2965,4198,medsl,1
2020,TX,Karnes,0,5252,0,0,1234,3968,5252,medsl,1
2024,TX,Karnes,0,5075,0,0,1051,4001,5075,medsl,1
2004,TX,Kaufman,0,30366,0,0,8947,21304,30366,medsl,0
2008,TX,Kaufman,0,35145,0,0,11161,23735,35145,medsl,0
2012,TX,Kaufman,0,34670,0,0,9472,24846,34670,medsl,0
2016,TX,Kaufman,0,41265,0,0,10278,29587,41265,medsl,0
2020,TX,Kaufman,0,56718,0,0,18405,37624,56718,medsl,0
2024,TX,Kaufman,0,69406,0,0,24726,44063,69406,medsl,0
2004,TX,Kendall,0,14072,0,0,2532,11434,14072,medsl,0
2008,TX,Kendall,0,16746,0,0,3599,12971,16746,medsl,0
2012,TX,Kendall,0,17783,0,0,3043,14508,17783,medsl,0
2016,TX,Kendall,0,20120,0,0,3643,15700,20120,medsl,0
2020,TX,Kendall,0,26452,0,0,6020,20083,26452,medsl,0
2024,TX,Kendall,0,29315,0,0,6355,22668,29315,medsl,0
2004,TX,Kenedy,0,169,0,0,85,82,169,medsl,1
2008,TX,Kenedy,0,202,0,0,108,94,202,medsl,1
2012,TX,Kenedy,0,167,0,0,82,84,167,medsl,1
2016,TX,Kenedy,0,186,0,0,99,84,186,medsl,1
2020,TX,Kenedy,0,194,0,0,65,127,194,medsl,1
2024,TX,Kenedy,0,158,0,0,41,115,158,medsl,1
2004,TX,Kent,0,522,0,0,138,382,522,medsl,0
2008,TX,Kent,0,448,0,0,99,342,448,medsl,0
2012,TX,Kent,0,405,0,0,66,335,405,medsl,0
2016,TX,Kent,0,434,0,0,59,360,434,medsl,0
2020,TX,Kent,0,462,0,0,47,411,462,medsl,0
2024,TX,Kent,0,445,0,0,50,390,445,medsl,0
2004,TX,Kerr,0,21246,0,0,4557,16538,21246,medsl,1
2008,TX,Kerr,0,22556,0,0,5570,16752,22556,medsl,1
2012,TX,Kerr,0,21879,0,0,4338,17274,21879,medsl,1
2016,TX,Kerr,0,23297,0,0,4681,17727,23297,medsl,1
2020,TX,Kerr,0,27745,0,0,6524,20879,27745,medsl,1
2024,TX,Kerr,0,28170,0,0,6315,21615,28170,medsl,1
2004,TX,Kimble,0,1816,0,0,324,1482,1816,medsl,1
2008,TX,Kimble,0,1843,0,0,342,1487,1843,medsl,1
2012,TX,Kimble,0,1892,0,0,217,1667,1892,medsl,1
2016,TX,Kimble,0,1952,0,0,206,1697,1952,medsl,1
2020,TX,Kimble,0,2292,0,0,284,1987,2292,medsl,1
2024,TX,Kimble,0,2404,0,0,261,2126,2404,medsl,1
2004,TX,King,0,156,0,0,18,137,156,medsl,1
2008,TX,King,0,163,0,0,8,151,163,medsl,1
2012,TX,King,0,145,0,0,5,139,145,medsl,1
2016,TX,King,0,159,0,0,5,149,159,medsl,1
2020,TX,King,0,159,0,0,8,151,159,medsl,1
2024,TX,King,0,135,0,0,6,129,135,medsl,1
2004,TX,Kinney,0,1600,0,0,542,1051,1600,medsl,1
2008,TX,Kinney,0,1551,0,0,633,907,1551,medsl,1
2012,TX,Kinney,0,1425,0,0,522,880,1425,medsl,1
2016,TX,Kinney,0,1430,0,0,458,936,1430,medsl,1
2020,TX,Kinney,0,1603,0,0,446,1144,1603,medsl,1
2024,TX,Kinney,0,1419,0,0,346,1063,1419,medsl,1
2004,TX,Kleberg,0,9973,0,0,4550,5366,9973,medsl,1
2008,TX,Kleberg,0,9876,0,0,5256,4540,9876,medsl,1
2012,TX,Kleberg,0,8907,0,0,4754,4058,8907,medsl,1
2016,TX,Kleberg,0,9512,0,0,4716,4367,9512,medsl,1
2020,TX,Kleberg,0,10944,0,0,5314,5504,10944,medsl,1
2024,TX,Kleberg,0,10014,0,0,4338,5612,10014,medsl,1
2004,TX,Knox,0,1552,0,0,464,1081,1552,medsl,1
2008,TX,Knox,0,1368,0,0,367,986,1368,medsl,1
2012,TX,Knox,0,1510,0,0,332,1160,1510,medsl,1
2016,TX,Knox,0,1367,0,0,247,1078,1367,medsl,1
2020,TX,Knox,0,1456,0,0,265,1180,1456,medsl,1
2024,TX,Knox,0,1376,0,0,214,1156,1376,medsl,1
2004,TX,La Salle,0,2230,0,0,1229,989,2230,medsl,1
2008,TX,La Salle,0,1776,0,0,1052,714,1776,medsl,1
2012,TX,La Salle,0,1646,0,0,965,669,1646,medsl,1
2016,TX,La Salle,0,2059,0,0,1129,872,2059,medsl,1
2020,TX,La Salle,0,2406,0,0,1052,1335,2406,medsl,1
2024,TX,La Salle,0,2360,0,0,933,1417,2360,medsl,1
2004,TX,Lamar,0,17470,0,0,5338,12054,17470,medsl,1
2008,TX,Lamar,0,18362,0,0,5243,12952,18362,medsl,1
2012,TX,Lamar,0,17197,0,0,4181,12826,17197,medsl,1
2016,TX,Lamar,0,18611,0,0,3583,14561,18611,medsl,1
2020,TX,Lamar,0,21442,0,0,4458,16760,21442,medsl,1
2024,TX,Lamar,0,21285,0,0,4079,17044,21285,medsl,1
2004,TX,Lamb,0,4271,0,0,857,3410,4271,medsl,1
2008,TX,Lamb,0,4525,0,0,1156,3344,4525,medsl,1
2012,TX,Lamb,0,4091,0,0,998,3058,4091,medsl,1
2016,TX,Lamb,0,3995,0,0,771,3111,3995,medsl,1
2020,TX,Lamb,0,4410,0,0,840,3521,4410,medsl,1
2024,TX,Lamb,0,4151,0,0,729,3398,4151,medsl,1
2004,TX,Lampasas,0,7025,0,0,1593,5422,7025,medsl,0
2008,TX,Lampasas,0,7634,0,0,1903,5651,7634,medsl,0
2012,TX,Lampasas,0,7204,0,0,1479,5621,7204,medsl,0
2016,TX,Lampasas,0,8205,0,0,1483,6385,8205,medsl,0
2020,TX,Lampasas,0,10399,0,0,2144,8086,10399,medsl,0
2024,TX,Lampasas,0,11301,0,0,2232,8961,11301,medsl,0
2004,TX,Lavaca,0,8177,0,0,2152,5974,8177,medsl,1
2008,TX,Lavaca,0,8223,0,0,1869,6293,8223,medsl,1
2012,TX,Lavaca,0,8294,0,0,1428,6796,8294,medsl,1
2016,TX,Lavaca,0,8661,0,0,1170,7347,8661,medsl,1
2020,TX,Lavaca,0,10197,0,0,1333,8804,10197,medsl,1
2024,TX,Lavaca,0,10491,0,0,1235,9215,10491,medsl,1
2004,TX,Lee,0,6088,0,0,1899,4160,6088,medsl,1
2008,TX,Lee,0,6377,0,0,2000,4312,6377,medsl,1
2012,TX,Lee,0,6221,0,0,1632,4507,6221,medsl,1
2016,TX,Lee,0,6535,0,0,1372,4997,6535,medsl,1
2020,TX,Lee,0,8087,0,0,1750,6255,8087,medsl,1
2024,TX,Lee,0,8415,0,0,1640,6724,8415,medsl,1
2004,TX,Leon,0,6799,0,0,1754,5023,6799,medsl,1
2008,TX,Leon,0,7041,0,0,1418,5566,7041,medsl,1
2012,TX,Leon,0,6945,0,0,1062,5814,6945,medsl,1
2016,TX,Leon,0,7439,0,0,909,6391,7439,medsl,1
2020,TX,Leon,0,8674,0,0,1072,7523,8674,medsl,1
2024,TX,Leon,0,9064,0,0,1033,7982,9064,medsl,1
2004,TX,Liberty,0,21691,0,0,6780,14821,21691,medsl,0
2008,TX,Liberty,0,21626,0,0,5991,15448,21626,medsl,0
2012,TX,Liberty,0,22746,0,0,5202,17323,22746,medsl,0
2016,TX,Liberty,0,24267,0,0,4862,18892,24267,medsl,0
2020,TX,Liberty,0,29334,0,0,5785,23302,29334,medsl,0
2024,TX,Liberty,0,31323,0,0,5952,25241,31323,medsl,0
2004,TX,Limestone,0,7818,0,0,2752,5028,7818,medsl,1
2008,TX,Limestone,0,7652,0,0,2516,5079,7652,medsl,1
2012,TX,Limestone,0,7563,0,0,2208,5288,7563,medsl,1
2016,TX,Limestone,0,7739,0,0,1778,5796,7739,medsl,1
2020,TX,Limestone,0,9095,0,0,2213,6789,9095,medsl,1
2024,TX,Limestone,0,9075,0,0,1921,7081,9075,medsl,1
2004,TX,Lipscomb,0,1337,0,0,184,1147,1337,medsl,1
2008,TX,Lipscomb,0,1256,0,0,155,1093,1256,medsl,1
2012,TX,Lipscomb,0,1168,0,0,119,1044,1168,medsl,1
2016,TX,Lipscomb,0,1332,0,0,135,1159,1332,medsl,1
2020,TX,Lipscomb,0,1353,0,0,131,1205,1353,medsl,1
2024,TX,Lipscomb,0,1259,0,0,123,1125,1259,medsl,1
2004,TX,Live Oak,0,4201,0,0,1036,3147,4201,medsl,1
2008,TX,Live Oak,0,4176,0,0,1048,3095,4176,medsl,1
2012,TX,Live Oak,0,4113,0,0,919,3154,4113,medsl,1
2016,TX,Live Oak,0,4302,0,0,742,3464,4302,medsl,1
2020,TX,Live Oak,0,5054,0,0,819,4199,5054,medsl,1
2024,TX,Live Oak,0,5093,0,0,761,4307,5093,medsl,1
2004,TX,Llano,0,9563,0,0,2257,7241,9563,medsl,0
2008,TX,Llano,0,9629,0,0,2250,7281,9629,medsl,0
2012,TX,Llano,0,9558,0,0,1822,7610,9558,medsl,0
2016,TX,Llano,0,10447,0,0,1825,8299,10447,medsl,0
2020,TX,Llano,0,12660,0,0,2465,10079,12660,medsl,0
2024,TX,Llano,0,13629,0,0,2613,10902,13629,medsl,0
2004,TX,Loving,0,80,0,0,12,65,80,medsl,0
2008,TX,Loving,0,79,0,0,12,67,79,medsl,0
2012,TX,Loving,0,64,0,0,9,54,64,medsl,0
2016,TX,Loving,0,65,0,0,4,58,65,medsl,0
2020,TX,Loving,0,66,0,0,4,60,66,medsl,0
2024,TX,Loving,0,97,0,0,10,86,97,medsl,0
2004,TX,Lubbock,0,93151,0,0,22472,70135,93151,medsl,1
2008,TX,Lubbock,0,97534,0,0,30486,66304,97534,medsl,1
2012,TX,Lubbock,0,91184,0,0,26271,63469,91184,medsl,1
2016,TX,Lubbock,0,99013,0,0,28023,65651,99013,medsl,1
2020,TX,Lubbock,0,120817,0,0,40017,78861,120817,medsl,1
2024,TX,Lubbock,0,125038,0,0,37148,86547,125038,medsl,1
2004,TX,Lynn,0,2271,0,0,490,1776,2271,medsl,1
2008,TX,Lynn,0,2116,0,0,627,1473,2116,medsl,1
2012,TX,Lynn,0,1959,0,0,506,1439,1959,medsl,1
2016,TX,Lynn,0,2009,0,0,403,1546,2009,medsl,1
2020,TX,Lynn,0,2293,0,0,428,1853,2293,medsl,1
2024,TX,Lynn,0,2567,0,0,371,2175,2567,medsl,1
2004,TX,Madison,0,4101,0,0,1235,2837,4101,medsl,1
2008,TX,Madison,0,4074,0,0,1146,2891,4074,medsl,1
2012,TX,Madison,0,4028,0,0,967,3028,4028,medsl,1
2016,TX,Madison,0,4289,0,0,881,3351,4289,medsl,1
2020,TX,Madison,0,5298,0,0,1088,4169,5298,medsl,1
2024,TX,Madison,0,5489,0,0,964,4498,5489,medsl,1
2004,TX,Marion,0,4348,0,0,1884,2441,4348,medsl,1
2008,TX,Marion,0,4252,0,0,1644,2567,4252,medsl,1
2012,TX,Marion,0,4282,0,0,1495,2733,4282,medsl,1
2016,TX,Marion,0,4238,0,0,1165,2983,4238,medsl,1
2020,TX,Marion,0,4864,0,0,1339,3470,4864,medsl,1
2024,TX,Marion,0,4714,0,0,1101,3577,4714,medsl,1
2004,TX,Martin,0,1807,0,0,288,1514,1807,medsl,1
2008,TX,Martin,0,1715,0,0,314,1389,1715,medsl,1
2012,TX,Martin,0,1624,0,0,248,1368,1624,medsl,1
2016,TX,Martin,0,1762,0,0,266,1455,1762,medsl,1
2020,TX,Martin,0,2160,0,0,288,1857,2160,medsl,1
2024,TX,Martin,0,2083,0,0,247,1825,2083,medsl,1
2004,TX,Mason,0,2077,0,0,459,1600,2077,medsl,1
2008,TX,Mason,0,2121,0,0,546,1544,2121,medsl,1
2012,TX,Mason,0,1968,0,0,380,1565,1968,medsl,1
2016,TX,Mason,0,2057,0,0,354,1656,2057,medsl,1
2020,TX,Mason,0,2474,0,0,457,1991,2474,medsl,1
2024,TX,Mason,0,2527,0,0,434,2076,2527,medsl,1
2004,TX,Matagorda,0,12521,0,0,4355,8119,12521,medsl,1
2008,TX,Matagorda,0,12373,0,0,4440,7835,12373,medsl,1
2012,TX,Matagorda,0,12133,0,0,3980,8040,12133,medsl,1
2016,TX,Matagorda,0,12196,0,0,3500,8366,12196,medsl,1
2020,TX,Matagorda,0,13727,0,0,3733,9845,13727,medsl,1
2024,TX,Matagorda,0,13312,0,0,3231,9957,13312,medsl,1
2004,TX,Maverick,0,10034,0,0,5948,4025,10034,medsl,0
2008,TX,Maverick,0,10939,0,0,8554,2316,10939,medsl,0
2012,TX,Maverick,0,10563,0,0,8303,2171,10563,medsl,0
2016,TX,Maverick,0,13588,0,0,10397,2816,13588,medsl,0
2020,TX,Maverick,0,15346,0,0,8332,6881,15346,medsl,0
2024,TX,Maverick,0,15745,0,0,6373,9285,15745,medsl,0
2004,TX,Mcculloch,0,3220,0,0,745,2465,3220,medsl,1
2008,TX,Mcculloch,0,3010,0,0,728,2263,3010,medsl,1
2012,TX,Mcculloch,0,2993,0,0,537,2419,2993,medsl,1
2016,TX,Mcculloch,0,3103,0,0,482,2552,3103,medsl,1
2020,TX,Mcculloch,0,3436,0,0,490,2904,3436,medsl,1
2024,TX,Mcculloch,0,3513,0,0,455,3033,3513,medsl,1
2004,TX,Mclennan,0,79254,0,0,26760,52090,79254,medsl,1
2008,TX,Mclennan,0,79674,0,0,29998,49044,79674,medsl,1
2012,TX,Mclennan,0,74541,0,0,25694,47903,74541,medsl,1
2016,TX,Mclennan,0,79075,0,0,27063,48260,79075,medsl,1
2020,TX,Mclennan,0,97872,0,0,36688,59543,97872,medsl,1
2024,TX,Mclennan,0,99672,0,0,33863,64606,99672,medsl,1
2004,TX,Mcmullen,0,564,0,0,95,467,564,medsl,1
2008,TX,Mcmullen,0,537,0,0,132,400,537,medsl,1
2012,TX,Mcmullen,0,503,0,0,67,431,503,medsl,1
2016,TX,Mcmullen,0,499,0,0,40,454,499,medsl,1
2020,TX,Mcmullen,0,516,0,0,53,460,516,medsl,1
2024,TX,Mcmullen,0,487,0,0,37,448,487,medsl,1
2004,TX,Medina,0,14826,0,0,4322,10389,14826,medsl,0
2008,TX,Medina,0,15737,0,0,5147,10480,15737,medsl,0
2012,TX,Medina,0,16049,0,0,4784,11079,16049,medsl,0
2016,TX,Medina,0,17246,0,0,4634,12085,17246,medsl,0
2020,TX,Medina,0,22657,0,0,6773,15642,22657,medsl,0
2024,TX,Medina,0,24617,0,0,6950,17464,24617,medsl,0
2004,TX,Menard,0,1103,0,0,331,761,1103,medsl,1
2008,TX,Menard,0,1018,0,0,295,712,1018,medsl,1
2012,TX,Menard,0,849,0,0,171,665,849,medsl,1
2016,TX,Menard,0,864,0,0,154,682,864,medsl,1
2020,TX,Menard,0,1028,0,0,197,823,1028,medsl,1
2024,TX,Menard,0,1040,0,0,170,861,1040,medsl,1
2004,TX,Midland,0,44834,0,0,8005,36585,44834,medsl,1
2008,TX,Midland,0,46216,0,0,9691,36155,46216,medsl,1
2012,TX,Midland,0,44597,0,0,8286,35689,44597,medsl,1
2016,TX,Midland,0,49212,0,0,10025,36973,49212,medsl,1
2020,TX,Midland,0,58859,0,0,12329,45624,58859,medsl,1
2024,TX,Midland,0,58808,0,0,11351,46944,58808,medsl,1
2004,TX,Milam,0,8783,0,0,3445,5291,8783,medsl,1
2008,TX,Milam,0,8357,0,0,3044,5217,8357,medsl,1
2012,TX,Milam,0,8230,0,0,2636,5481,8230,medsl,1
2016,TX,Milam,0,8664,0,0,2051,6364,8664,medsl,1
2020,TX,Milam,0,10578,0,0,2496,7984,10578,medsl,1
2024,TX,Milam,0,11098,0,0,2331,8691,11098,medsl,1
2004,TX,Mills,0,2231,0,0,416,1794,2231,medsl,0
2008,TX,Mills,0,2177,0,0,398,1753,2177,medsl,0
2012,TX,Mills,0,2201,0,0,279,1882,2201,medsl,0
2016,TX,Mills,0,2245,0,0,243,1951,2245,medsl,0
2020,TX,Mills,0,2505,0,0,271,2217,2505,medsl,0
2024,TX,Mills,0,2742,0,0,310,2418,2742,medsl,0
2004,TX,Mitchell,0,2558,0,0,639,1912,2558,medsl,1
2008,TX,Mitchell,0,2431,0,0,586,1815,2431,medsl,1
2012,TX,Mitchell,0,2316,0,0,538,1756,2316,medsl,1
2016,TX,Mitchell,0,2196,0,0,354,1780,2196,medsl,1
2020,TX,Mitchell,0,2579,0,0,397,2170,2579,medsl,1
2024,TX,Mitchell,0,2513,0,0,352,2144,2513,medsl,1
2004,TX,Montague,0,7897,0,0,1946,5910,7897,medsl,0
2008,TX,Montague,0,7950,0,0,1597,6245,7950,medsl,0
2012,TX,Montague,0,7751,0,0,1116,6549,7751,medsl,0
2016,TX,Montague,0,8604,0,0,885,7526,8604,medsl,0
2020,TX,Montague,0,9819,0,0,1097,8615,9819,medsl,0
2024,TX,Montague,0,11101,0,0,1208,9825,11101,medsl,0
2004,TX,Montgomery,0,133988,0,0,28628,104654,133988,medsl,0
2008,TX,Montgomery,0,157847,0,0,36703,119884,157847,medsl,0
2012,TX,Montgomery,0,173113,0,0,32920,137969,173113,medsl,0
2016,TX,Montgomery,0,204632,0,0,45835,150314,204632,medsl,0
2020,TX,Montgomery,0,271543,0,0,74377,193382,271543,medsl,0
2024,TX,Montgomery,0,307258,0,0,82277,221964,307258,medsl,0
2004,TX,Moore,0,5628,0,0,1009,4601,5628,medsl,1
2008,TX,Moore,0,5437,0,0,1123,4282,5437,medsl,1
2012,TX,Moore,0,4985,0,0,964,3968,4985,medsl,1
2016,TX,Moore,0,5284,0,0,1098,3977,5284,medsl,1
2020,TX,Moore,0,5508,0,0,1062,4359,5508,medsl,1
2024,TX,Moore,0,5362,0,0,860,4458,5362,medsl,1
2004,TX,Morris,0,5278,0,0,2437,2818,5278,medsl,1
2008,TX,Morris,0,5248,0,0,2055,3158,5248,medsl,1
2012,TX,Morris,0,5139,0,0,1858,3232,5139,medsl,1
2016,TX,Morris,0,4973,0,0,1425,3446,4973,medsl,1
2020,TX,Morris,0,5587,0,0,1669,3872,5587,medsl,1
2024,TX,Morris,0,5434,0,0,1312,4092,5434,medsl,1
2004,TX,Motley,0,684,0,0,113,564,684,medsl,1
2008,TX,Motley,0,594,0,0,67,522,594,medsl,1
2012,TX,Motley,0,600,0,0,55,538,600,medsl,1
2016,TX,Motley,0,615,0,0,40,566,615,medsl,1
2020,TX,Motley,0,652,0,0,46,604,652,medsl,1
2024,TX,Motley,0,650,0,0,35,612,650,medsl,1
2004,TX,Nacogdoches,0,21466,0,0,7152,14160,21466,medsl,1
2008,TX,Nacogdoches,0,23391,0,0,8393,14828,23391,medsl,1
2012,TX,Nacogdoches,0,20653,0,0,6465,13925,20653,medsl,1
2016,TX,Nacogdoches,0,22622,0,0,6846,14771,22622,medsl,1
2020,TX,Nacogdoches,0,26785,0,0,9000,17378,26785,medsl,1
2024,TX,Nacogdoches,0,25486,0,0,7690,17575,25486,medsl,1
2004,TX,Navarro,0,16034,0,0,5259,10715,16034,medsl,1
2008,TX,Navarro,0,16321,0,0,5400,10810,16321,medsl,1
2012,TX,Navarro,0,15364,0,0,4350,10847,15364,medsl,1
2016,TX,Navarro,0,16433,0,0,4002,11994,16433,medsl,1
2020,TX,Navarro,0,19123,0,0,5101,13800,19123,medsl,1
2024,TX,Navarro,0,19831,0,0,4708,14983,19831,medsl,1
2004,TX,Newton,0,5700,0,0,2513,3159,5700,medsl,1
2008,TX,Newton,0,5260,0,0,1751,3446,5260,medsl,1
2012,TX,Newton,0,5869,0,0,1677,4112,5869,medsl,1
2016,TX,Newton,0,5534,0,0,1156,4288,5534,medsl,1
2020,TX,Newton,0,6094,0,0,1173,4882,6094,medsl,1
2024,TX,Newton,0,5749,0,0,952,4781,5749,medsl,1
2004,TX,Nolan,0,5289,0,0,1541,3722,5289,medsl,1
2008,TX,Nolan,0,5063,0,0,1521,3485,5063,medsl,1
2012,TX,Nolan,0,4575,0,0,1216,3282,4575,medsl,1
2016,TX,Nolan,0,4857,0,0,1029,3552,4857,medsl,1
2020,TX,Nolan,0,5357,0,0,1162,4131,5357,medsl,1
2024,TX,Nolan,0,5115,0,0,1020,4048,5115,medsl,1
2004,TX,Nueces,0,104560,0,0,44439,59359,104560,medsl,1
2008,TX,Nueces,0,101230,0,0,47912,52391,101230,medsl,1
2012,TX,Nueces,0,96104,0,0,45772,48966,96104,medsl,1
2016,TX,Nueces,0,104405,0,0,49198,50766,104405,medsl,1
2020,TX,Nueces,0,127322,0,0,60925,64617,127322,medsl,1
2024,TX,Nueces,0,121678,0,0,53248,67201,121678,medsl,1
2004,TX,Ochiltree,0,3177,0,0,251,2922,3177,medsl,1
2008,TX,Ochiltree,0,3109,0,0,243,2851,3109,medsl,1
2012,TX,Ochiltree,0,2993,0,0,253,2719,2993,medsl,1
2016,TX,Ochiltree,0,3002,0,0,274,2628,3002,medsl,1
2020,TX,Ochiltree,0,3156,0,0,302,2812,3156,medsl,1
2024,TX,Ochiltree,0,3010,0,0,269,2723,3010,medsl,1
2004,TX,Oldham,0,843,0,0,108,733,843,medsl,1
2008,TX,Oldham,0,920,0,0,102,813,920,medsl,1
2012,TX,Oldham,0,869,0,0,71,790,869,medsl,1
2016,TX,Oldham,0,948,0,0,78,850,948,medsl,1
2020,TX,Oldham,0,1009,0,0,81,917,1009,medsl,1
2024,TX,Oldham,0,974,0,0,74,895,974,medsl,1
2004,TX,Orange,0,31908,0,0,11476,20292,31908,medsl,1
2008,TX,Orange,0,29406,0,0,7646,21509,29406,medsl,1
2012,TX,Orange,0,30518,0,0,6800,23366,30518,medsl,1
2016,TX,Orange,0,32000,0,0,5735,25513,32000,medsl,1
2020,TX,Orange,0,35994,0,0,6357,29186,35994,medsl,1
2024,TX,Orange,0,36338,0,0,5945,30191,36338,medsl,1
2004,TX,Palo Pinto,0,10014,0,0,2816,7137,10014,medsl,1
2008,TX,Palo Pinto,0,9890,0,0,2499,7264,9890,medsl,1
2012,TX,Palo Pinto,0,9337,0,0,1811,7393,9337,medsl,1
2016,TX,Palo Pinto,0,10270,0,0,1708,8284,10270,medsl,1
2020,TX,Palo Pinto,0,12489,0,0,2178,10179,12489,medsl,1
2024,TX,Palo Pinto,0,13336,0,0,2143,11093,13336,medsl,1
2004,TX,Panola,0,10007,0,0,2958,7021,10007,medsl,1
2008,TX,Panola,0,10216,0,0,2586,7582,10216,medsl,1
2012,TX,Panola,0,10230,0,0,2211,7950,10230,medsl,1
2016,TX,Panola,0,10416,0,0,1835,8445,10416,medsl,1
2020,TX,Panola,0,11451,0,0,2057,9326,11451,medsl,1
2024,TX,Panola,0,11439,0,0,1905,9500,11439,medsl,1
2004,TX,Parker,0,40957,0,0,8966,31795,40957,medsl,0
2008,TX,Parker,0,47951,0,0,10502,36974,47951,medsl,0
2012,TX,Parker,0,47694,0,0,7853,39243,47694,medsl,0
2016,TX,Parker,0,56817,0,0,8344,46473,56817,medsl,0
2020,TX,Parker,0,76128,0,0,13017,62045,76128,medsl,0
2024,TX,Parker,0,90840,0,0,14872,75168,90840,medsl,0
2004,TX,Parmer,0,2773,0,0,389,2375,2773,medsl,1
2008,TX,Parmer,0,3713,0,0,719,2969,3713,medsl,1
2012,TX,Parmer,0,2554,0,0,529,2011,2554,medsl,1
2016,TX,Parmer,0,2466,0,0,485,1915,2466,medsl,1
2020,TX,Parmer,0,2650,0,0,488,2135,2650,medsl,1
2024,TX,Parmer,0,2504,0,0,368,2123,2504,medsl,1
2004,TX,Pecos,0,4428,0,0,1242,3167,4428,medsl,1
2008,TX,Pecos,0,4010,0,0,1476,2480,4010,medsl,1
2012,TX,Pecos,0,4150,0,0,1591,2512,4150,medsl,1
2016,TX,Pecos,0,4185,0,0,1554,2468,4185,medsl,1
2020,TX,Pecos,0,4668,0,0,1382,3215,4668,medsl,1
2024,TX,Pecos,0,4233,0,0,1144,3042,4233,medsl,1
2004,TX,Polk,0,20846,0,0,6964,13778,20846,medsl,1
2008,TX,Polk,0,20149,0,0,6230,13731,20149,medsl,1
2012,TX,Polk,0,19134,0,0,4859,14071,19134,medsl,1
2016,TX,Polk,0,19852,0,0,4187,15176,19852,medsl,1
2020,TX,Polk,0,24186,0,0,5387,18573,24186,medsl,1
2024,TX,Polk,0,24292,0,0,4910,19216,24292,medsl,1
2004,TX,Potter,0,29056,0,0,7489,21401,29056,medsl,1
2008,TX,Potter,0,30013,0,0,8939,20761,30013,medsl,1
2012,TX,Potter,0,26450,0,0,7126,18918,26450,medsl,1
2016,TX,Potter,0,28651,0,0,7657,19630,28651,medsl,1
2020,TX,Potter,0,33337,0,0,9921,22820,33337,medsl,1
2024,TX,Potter,0,32121,0,0,8748,23007,32121,medsl,1
2004,TX,Presidio,0,1890,0,0,1159,715,1890,medsl,1
2008,TX,Presidio,0,1757,0,0,1252,489,1757,medsl,1
2012,TX,Presidio,0,1817,0,0,1282,504,1817,medsl,1
2016,TX,Presidio,0,2208,0,0,1458,652,2208,medsl,1
2020,TX,Presidio,0,2217,0,0,1463,721,2217,medsl,1
2024,TX,Presidio,0,1994,0,0,1289,686,1994,medsl,1
2004,TX,Rains,0,4229,0,0,1213,2998,4229,medsl,0
2008,TX,Rains,0,4236,0,0,1048,3146,4236,medsl,0
2012,TX,Rains,0,4087,0,0,761,3279,4087,medsl,0
2016,TX,Rains,0,4701,0,0,628,3968,4701,medsl,0
2020,TX,Rains,0,6053,0,0,842,5155,6053,medsl,0
2024,TX,Rains,0,6556,0,0,869,5649,6556,medsl,0
2004,TX,Randall,0,48587,0,0,7849,40520,48587,medsl,0
2008,TX,Randall,0,51832,0,0,9468,41948,51832,medsl,0
2012,TX,Randall,0,49696,0,0,7574,41447,49696,medsl,0
2016,TX,Randall,0,54305,0,0,8367,43462,54305,medsl,0
2020,TX,Randall,0,64674,0,0,12802,50796,64674,medsl,0
2024,TX,Randall,0,66901,0,0,12935,53314,66901,medsl,0
2004,TX,Reagan,0,1143,0,0,184,956,1143,medsl,1
2008,TX,Reagan,0,994,0,0,197,795,994,medsl,1
2012,TX,Reagan,0,843,0,0,158,676,843,medsl,1
2016,TX,Reagan,0,904,0,0,167,709,904,medsl,1
2020,TX,Reagan,0,1124,0,0,172,942,1124,medsl,1
2024,TX,Reagan,0,949,0,0,141,800,949,medsl,1
2004,TX,Real,0,1645,0,0,325,1314,1645,medsl,1
2008,TX,Real,0,1628,0,0,375,1238,1628,medsl,1
2012,TX,Real,0,1535,0,0,277,1236,1535,medsl,1
2016,TX,Real,0,1681,0,0,262,1382,1681,medsl,1
2020,TX,Real,0,1982,0,0,320,1643,1982,medsl,1
2024,TX,Real,0,1958,0,0,315,1625,1958,medsl,1
2004,TX,Red River,0,5490,0,0,2097,3379,5490,medsl,1
2008,TX,Red River,0,5052,0,0,1539,3461,5052,medsl,1
2012,TX,Red River,0,5074,0,0,1482,3549,5074,medsl,1
2016,TX,Red River,0,5161,0,0,1149,3926,5161,medsl,1
2020,TX,Red River,0,5806,0,0,1246,4517,5806,medsl,1
2024,TX,Red River,0,5796,0,0,1103,4682,5796,medsl,1
2004,TX,Reeves,0,3395,0,0,1600,1777,3395,medsl,1
2008,TX,Reeves,0,3077,0,0,1606,1445,3077,medsl,1
2012,TX,Reeves,0,2877,0,0,1655,1188,2877,medsl,1
2016,TX,Reeves,0,3184,0,0,1659,1417,3184,medsl,1
2020,TX,Reeves,0,3689,0,0,1395,2254,3689,medsl,1
2024,TX,Reeves,0,3439,0,0,1070,2340,3439,medsl,1
2004,TX,Refugio,0,3455,0,0,1232,2212,3455,medsl,1
2008,TX,Refugio,0,3261,0,0,1382,1855,3261,medsl,1
2012,TX,Refugio,0,2677,0,0,998,1663,2677,medsl,1
2016,TX,Refugio,0,2948,0,0,1034,1830,2948,medsl,1
2020,TX,Refugio,0,3366,0,0,1108,2210,3366,medsl,1
2024,TX,Refugio,0,3075,0,0,919,2134,3075,medsl,1
2004,TX,Roberts,0,507,0,0,46,461,507,medsl,0
2008,TX,Roberts,0,518,0,0,41,477,518,medsl,0
2012,TX,Roberts,0,508,0,0,33,468,508,medsl,0
2016,TX,Roberts,0,554,0,0,20,524,554,medsl,0
2020,TX,Roberts,0,550,0,0,17,529,550,medsl,0
2024,TX,Roberts,0,572,0,0,20,547,572,medsl,0
2004,TX,Robertson,0,6795,0,0,2979,3792,6795,medsl,1
2008,TX,Robertson,0,6710,0,0,2675,3980,6710,medsl,1
2012,TX,Robertson,0,7287,0,0,2798,4419,7287,medsl,1
2016,TX,Robertson,0,7035,0,0,2203,4668,7035,medsl,1
2020,TX,Robertson,0,8099,0,0,2374,5646,8099,medsl,1
2024,TX,Robertson,0,8158,0,0,1926,6177,8158,medsl,1
2004,TX,Rockwall,0,25581,0,0,5320,20120,25581,medsl,0
2008,TX,Rockwall,0,32066,0,0,8492,23300,32066,medsl,0
2012,TX,Rockwall,0,35678,0,0,8120,27113,35678,medsl,0
2016,TX,Rockwall,0,39948,0,0,9655,28451,39948,medsl,0
2020,TX,Rockwall,0,53891,0,0,16412,36726,53891,medsl,0
2024,TX,Rockwall,0,62269,0,0,18092,43542,62269,medsl,0
2004,TX,Runnels,0,4049,0,0,792,3239,4049,medsl,1
2008,TX,Runnels,0,3867,0,0,720,3118,3867,medsl,1
2012,TX,Runnels,0,3668,0,0,519,3104,3668,medsl,1
2016,TX,Runnels,0,3782,0,0,453,3250,3782,medsl,1
2020,TX,Runnels,0,4409,0,0,552,3807,4409,medsl,1
2024,TX,Runnels,0,4056,0,0,452,3580,4056,medsl,1
2004,TX,Rusk,0,18344,0,0,4899,13390,18344,medsl,1
2008,TX,Rusk,0,18722,0,0,4983,13646,18722,medsl,1
2012,TX,Rusk,0,18546,0,0,4451,13924,18546,medsl,1
2016,TX,Rusk,0,18994,0,0,3935,14675,18994,medsl,1
2020,TX,Rusk,0,21377,0,0,4629,16534,21377,medsl,1
2024,TX,Rusk,0,21706,0,0,4337,17234,21706,medsl,1
2004,TX,Sabine,0,4639,0,0,1476,3138,4639,medsl,1
2008,TX,Sabine,0,4874,0,0,1077,3749,4874,medsl,1
2012,TX,Sabine,0,4578,0,0,807,3727,4578,medsl,1
2016,TX,Sabine,0,4651,0,0,614,3998,4651,medsl,1
2020,TX,Sabine,0,5491,0,0,669,4784,5491,medsl,1
2024,TX,Sabine,0,5581,0,0,590,4972,5581,medsl,1
2004,TX,San Augustine,0,3757,0,0,1506,2235,3757,medsl,1
2008,TX,San Augustine,0,3715,0,0,1328,2342,3715,medsl,1
2012,TX,San Augustine,0,3690,0,0,1193,2469,3690,medsl,1
2016,TX,San Augustine,0,3569,0,0,910,2622,3569,medsl,1
2020,TX,San Augustine,0,4002,0,0,980,3007,4002,medsl,1
2024,TX,San Augustine,0,3747,0,0,809,2917,3747,medsl,1
2004,TX,San Jacinto,0,8125,0,0,2688,5394,8125,medsl,1
2008,TX,San Jacinto,0,8958,0,0,2721,6151,8958,medsl,1
2012,TX,San Jacinto,0,9616,0,0,2410,7107,9616,medsl,1
2016,TX,San Jacinto,0,10343,0,0,2038,8059,10343,medsl,1
2020,TX,San Jacinto,0,12640,0,0,2337,10161,12640,medsl,1
2024,TX,San Jacinto,0,12789,0,0,2175,10524,12789,medsl,1
2004,TX,San Patricio,0,21320,0,0,7764,13474,21320,medsl,1
2008,TX,San Patricio,0,21396,0,0,8854,12404,21396,medsl,1
2012,TX,San Patricio,0,20078,0,0,7856,12005,20078,medsl,1
2016,TX,San Patricio,0,21656,0,0,7871,13030,21656,medsl,1
2020,TX,San Patricio,0,25891,0,0,8988,16516,25891,medsl,1
2024,TX,San Patricio,0,25579,0,0,8025,17337,25579,medsl,1
2004,TX,San Saba,0,2431,0,0,529,1894,2431,medsl,0
2008,TX,San Saba,0,2457,0,0,487,1941,2457,medsl,0
2012,TX,San Saba,0,2259,0,0,323,1905,2259,medsl,0
2016,TX,San Saba,0,2357,0,0,293,2025,2357,medsl,0
2020,TX,San Saba,0,2602,0,0,287,2308,2602,medsl,0
2024,TX,San Saba,0,2709,0,0,276,2412,2709,medsl,0
2004,TX,Schleicher,0,1329,0,0,312,1012,1329,medsl,1
2008,TX,Schleicher,0,1304,0,0,324,970,1304,medsl,1
2012,TX,Schleicher,0,1017,0,0,221,787,1017,medsl,1
2016,TX,Schleicher,0,1059,0,0,208,821,1059,medsl,1
2020,TX,Schleicher,0,1159,0,0,211,940,1159,medsl,1
2024,TX,Schleicher,0,1108,0,0,192,906,1108,medsl,1
2004,TX,Scurry,0,5572,0,0,981,4576,5572,medsl,1
2008,TX,Scurry,0,5569,0,0,1088,4414,5569,medsl,1
2012,TX,Scurry,0,5027,0,0,838,4124,5027,medsl,1
2016,TX,Scurry,0,5289,0,0,733,4410,5289,medsl,1
2020,TX,Scurry,0,5870,0,0,818,4983,5870,medsl,1
2024,TX,Scurry,0,5721,0,0,734,4945,5721,medsl,1
2004,TX,Shackelford,0,1527,0,0,229,1292,1527,medsl,0
2008,TX,Shackelford,0,1505,0,0,208,1284,1505,medsl,0
2012,TX,Shackelford,0,1363,0,0,131,1218,1363,medsl,0
2016,TX,Shackelford,0,1504,0,0,103,1378,1504,medsl,0
2020,TX,Shackelford,0,1628,0,0,130,1484,1628,medsl,0
2024,TX,Shackelford,0,1728,0,0,146,1565,1728,medsl,0
2004,TX,Shelby,0,9279,0,0,2951,6295,9279,medsl,1
2008,TX,Shelby,0,9220,0,0,2548,6630,9220,medsl,1
2012,TX,Shelby,0,9284,0,0,2322,6879,9284,medsl,1
2016,TX,Shelby,0,9086,0,0,1758,7179,9086,medsl,1
2020,TX,Shelby,0,10087,0,0,2068,7975,10087,medsl,1
2024,TX,Shelby,0,9948,0,0,1741,8164,9948,medsl,1
2004,TX,Sherman,0,1066,0,0,124,942,1066,medsl,1
2008,TX,Sherman,0,1020,0,0,127,884,1020,medsl,1
2012,TX,Sherman,0,1038,0,0,121,908,1038,medsl,1
2016,TX,Sherman,0,935,0,0,96,807,935,medsl,1
2020,TX,Sherman,0,992,0,0,91,886,992,medsl,1
2024,TX,Sherman,0,873,0,0,48,817,873,medsl,1
2004,TX,Smith,0,73664,0,0,19970,53392,73664,medsl,1
2008,TX,Smith,0,79561,0,0,23726,55187,79561,medsl,1
2012,TX,Smith,0,79601,0,0,21456,57331,79601,medsl,1
2016,TX,Smith,0,84768,0,0,22300,58930,84768,medsl,1
2020,TX,Smith,0,100089,0,0,29615,69080,100089,medsl,1
2024,TX,Smith,0,103879,0,0,28041,74862,103879,medsl,1
2004,TX,Somervell,0,3551,0,0,831,2701,3551,medsl,1
2008,TX,Somervell,0,3533,0,0,799,2677,3533,medsl,1
2012,TX,Somervell,0,3538,0,0,613,2871,3538,medsl,1
2016,TX,Somervell,0,3897,0,0,541,3206,3897,medsl,1
2020,TX,Somervell,0,4947,0,0,768,4105,4947,medsl,1
2024,TX,Somervell,0,5294,0,0,751,4493,5294,medsl,1
2004,TX,Starr,0,9781,0,0,7199,2552,9781,medsl,1
2008,TX,Starr,0,9792,0,0,8274,1492,9792,medsl,1
2012,TX,Starr,0,11883,0,0,10260,1547,11883,medsl,1
2016,TX,Starr,0,11740,0,0,9289,2224,11740,medsl,1
2020,TX,Starr,0,17525,0,0,9123,8247,17525,medsl,1
2024,TX,Starr,0,16421,0,0,6862,9487,16421,medsl,1
2004,TX,Stephens,0,3519,0,0,703,2803,3519,medsl,1
2008,TX,Stephens,0,3526,0,0,626,2869,3526,medsl,1
2012,TX,Stephens,0,3412,0,0,475,2892,3412,medsl,1
2016,TX,Stephens,0,3461,0,0,348,3034,3461,medsl,1
2020,TX,Stephens,0,3800,0,0,397,3385,3800,medsl,1
2024,TX,Stephens,0,3761,0,0,384,3368,3761,medsl,1
2004,TX,Sterling,0,615,0,0,71,544,615,medsl,1
2008,TX,Sterling,0,619,0,0,97,520,619,medsl,1
2012,TX,Sterling,0,494,0,0,31,459,494,medsl,1
2016,TX,Sterling,0,633,0,0,70,549,633,medsl,1
2020,TX,Sterling,0,639,0,0,51,584,639,medsl,1
2024,TX,Sterling,0,629,0,0,43,583,629,medsl,1
2004,TX,Stonewall,0,752,0,0,250,499,752,medsl,1
2008,TX,Stonewall,0,735,0,0,206,524,735,medsl,1
2012,TX,Stonewall,0,675,0,0,160,507,675,medsl,1
2016,TX,Stonewall,0,701,0,0,135,555,701,medsl,1
2020,TX,Stonewall,0,736,0,0,116,615,736,medsl,1
2024,TX,Stonewall,0,716,0,0,110,604,716,medsl,1
2004,TX,Sutton,0,1453,0,0,280,1173,1453,medsl,1
2008,TX,Sutton,0,1578,0,0,381,1189,1578,medsl,1
2012,TX,Sutton,0,1489,0,0,369,1110,1489,medsl,1
2016,TX,Sutton,0,1416,0,0,313,1075,1416,medsl,1
2020,TX,Sutton,0,1557,0,0,322,1222,1557,medsl,1
2024,TX,Sutton,0,1400,0,0,228,1167,1400,medsl,1
2004,TX,Swisher,0,2120,0,0,626,1487,2120,medsl,1
2008,TX,Swisher,0,2535,0,0,813,1683,2535,medsl,1
2012,TX,Swisher,0,2270,0,0,579,1655,2270,medsl,1
2016,TX,Swisher,0,2204,0,0,462,1671,2204,medsl,1
2020,TX,Swisher,0,2355,0,0,478,1845,2355,medsl,1
2024,TX,Swisher,0,2265,0,0,403,1840,2265,medsl,1
2004,TX,Tarrant,0,560141,0,0,207286,349462,560141,medsl,1
2008,TX,Tarrant,0,628553,0,0,274880,348420,628553,medsl,1
2012,TX,Tarrant,0,610890,0,0,253071,348920,610890,medsl,1
2016,TX,Tarrant,0,668514,0,0,288392,345921,668514,medsl,1
2020,TX,Tarrant,0,834697,0,0,411567,409741,834697,medsl,1
2024,TX,Tarrant,0,823312,0,0,384501,426626,823312,medsl,1
2004,TX,Taylor,0,48099,0,0,10648,37197,48099,medsl,1
2008,TX,Taylor,0,47439,0,0,12690,34317,47439,medsl,1
2012,TX,Taylor,0,43263,0,0,9750,32904,43263,medsl,1
2016,TX,Taylor,0,45759,0,0,10085,33250,45759,medsl,1
2020,TX,Taylor,0,55135,0,0,14588,39547,55135,medsl,1
2024,TX,Taylor,0,55417,0,0,13624,41198,55417,medsl,1
2004,TX,Terrell,0,469,0,0,159,306,469,medsl,1
2008,TX,Terrell,0,519,0,0,186,323,519,medsl,1
2012,TX,Terrell,0,555,0,0,184,358,555,medsl,1
2016,TX,Terrell,0,438,0,0,140,288,438,medsl,1
2020,TX,Terrell,0,458,0,0,119,334,458,medsl,1
2024,TX,Terrell,0,405,0,0,91,314,405,medsl,1
2004,TX,Terry,0,3970,0,0,794,3166,3970,medsl,1
2008,TX,Terry,0,4280,0,0,1379,2879,4280,medsl,1
2012,TX,Terry,0,3709,0,0,1059,2602,3709,medsl,1
2016,TX,Terry,0,3355,0,0,753,2459,3355,medsl,1
2020,TX,Terry,0,3612,0,0,757,2812,3612,medsl,1
2024,TX,Terry,0,3420,0,0,587,2815,3420,medsl,1
2004,TX,Throckmorton,0,863,0,0,202,656,863,medsl,0
2008,TX,Throckmorton,0,838,0,0,166,671,838,medsl,0
2012,TX,Throckmorton,0,813,0,0,109,700,813,medsl,0
2016,TX,Throckmorton,0,808,0,0,84,715,808,medsl,0
2020,TX,Throckmorton,0,894,0,0,82,806,894,medsl,0
2024,TX,Throckmorton,0,900,0,0,73,823,900,medsl,0
2004,TX,Titus,0,8907,0,0,3173,5709,8907,medsl,1
2008,TX,Titus,0,9245,0,0,3145,6028,9245,medsl,1
2012,TX,Titus,0,8854,0,0,2648,6084,8854,medsl,1
2016,TX,Titus,0,9419,0,0,2597,6511,9419,medsl,1
2020,TX,Titus,0,10541,0,0,2856,7570,10541,medsl,1
2024,TX,Titus,0,10214,0,0,2275,7861,10214,medsl,1
2004,TX,Tom Green,0,37417,0,0,9007,28185,37417,medsl,1
2008,TX,Tom Green,0,38861,0,0,11158,27362,38861,medsl,1
2012,TX,Tom Green,0,36720,0,0,9294,26878,36720,medsl,1
2016,TX,Tom Green,0,38479,0,0,9173,27494,38479,medsl,1
2020,TX,Tom Green,0,45210,0,0,12239,32313,45210,medsl,1
2024,TX,Tom Green,0,45460,0,0,11585,33399,45460,medsl,1
2004,TX,Travis,0,352113,0,0,197235,147885,352113,medsl,1
2008,TX,Travis,0,397714,0,0,254017,136981,397714,medsl,1
2012,TX,Travis,0,387057,0,0,232788,140152,387057,medsl,1
2016,TX,Travis,0,468720,0,0,308260,127209,468720,medsl,1
2020,TX,Travis,0,608575,0,0,435860,161337,608575,medsl,1
2024,TX,Travis,0,581276,0,0,398981,170787,581276,medsl,1
2004,TX,Trinity,0,6213,0,0,2204,3985,6213,medsl,1
2008,TX,Trinity,0,6077,0,0,1925,4095,6077,medsl,1
2012,TX,Trinity,0,6235,0,0,1614,4537,6235,medsl,1
2016,TX,Trinity,0,5985,0,0,1154,4737,5985,medsl,1
2020,TX,Trinity,0,6938,0,0,1323,5579,6938,medsl,1
2024,TX,Trinity,0,7374,0,0,1195,6136,7374,medsl,1
2004,TX,Tyler,0,7745,0,0,2659,5043,7745,medsl,1
2008,TX,Tyler,0,7910,0,0,2166,5644,7910,medsl,1
2012,TX,Tyler,0,7654,0,0,1668,5910,7654,medsl,1
2016,TX,Tyler,0,8016,0,0,1248,6624,8016,medsl,1
2020,TX,Tyler,0,9660,0,0,1403,8194,9660,medsl,1
2024,TX,Tyler,0,9578,0,0,1249,8286,9578,medsl,1
2004,TX,Upshur,0,14526,0,0,4225,10232,14526,medsl,1
2008,TX,Upshur,0,15164,0,0,3790,11222,15164,medsl,1
2012,TX,Upshur,0,15138,0,0,2971,12015,15138,medsl,1
2016,TX,Upshur,0,16013,0,0,2380,13209,16013,medsl,1
2020,TX,Upshur,0,18892,0,0,2877,15809,18892,medsl,1
2024,TX,Upshur,0,19887,0,0,2820,16939,19887,medsl,1
2004,TX,Upton,0,1197,0,0,185,1009,1197,medsl,1
2008,TX,Upton,0,1197,0,0,288,898,1197,medsl,1
2012,TX,Upton,0,1300,0,0,333,953,1300,medsl,1
2016,TX,Upton,0,1347,0,0,286,1007,1347,medsl,1
2020,TX,Upton,0,1368,0,0,170,1178,1368,medsl,1
2024,TX,Upton,0,1303,0,0,146,1149,1303,medsl,1
2004,TX,Uvalde,0,8483,0,0,3298,5148,8483,medsl,1
2008,TX,Uvalde,0,8766,0,0,4126,4590,8766,medsl,1
2012,TX,Uvalde,0,8435,0,0,3825,4529,8435,medsl,1
2016,TX,Uvalde,0,8964,0,0,3867,4835,8964,medsl,1
2020,TX,Uvalde,0,10344,0,0,4073,6174,10344,medsl,1
2024,TX,Uvalde,0,9772,0,0,3218,6482,9772,medsl,1
2004,TX,Val Verde,0,11795,0,0,4757,6968,11795,medsl,1
2008,TX,Val Verde,0,12820,0,0,6982,5752,12820,medsl,1
2012,TX,Val Verde,0,12081,0,0,6285,5635,12081,medsl,1
2016,TX,Val Verde,0,13617,0,0,6964,5890,13617,medsl,1
2020,TX,Val Verde,0,15280,0,0,6771,8284,15280,medsl,1
2024,TX,Val Verde,0,14588,0,0,5282,9162,14588,medsl,1
2004,TX,Van Zandt,0,19856,0,0,4822,14976,19856,medsl,1
2008,TX,Van Zandt,0,20395,0,0,4505,15734,20395,medsl,1
2012,TX,Van Zandt,0,19100,0,0,3084,15794,19100,medsl,1
2016,TX,Van Zandt,0,21890,0,0,2799,18473,21890,medsl,1
2020,TX,Van Zandt,0,26029,0,0,3516,22270,26029,medsl,1
2024,TX,Van Zandt,0,27950,0,0,3450,24351,27950,medsl,1
2004,TX,Victoria,0,29602,0,0,8553,20875,29602,medsl,1
2008,TX,Victoria,0,29931,0,0,9832,19878,29931,medsl,1
2012,TX,Victoria,0,28853,0,0,8802,19692,28853,medsl,1
2016,TX,Victoria,0,31123,0,0,8866,21275,31123,medsl,1
2020,TX,Victoria,0,34188,0,0,10380,23358,34188,medsl,1
2024,TX,Victoria,0,35315,0,0,9998,25010,35315,medsl,1
2004,TX,Walker,0,17822,0,0,5977,11710,17822,medsl,1
2008,TX,Walker,0,19146,0,0,7334,11623,19146,medsl,1
2012,TX,Walker,0,18685,0,0,6252,12140,18685,medsl,1
2016,TX,Walker,0,19796,0,0,6091,12884,19796,medsl,1
2020,TX,Walker,0,23612,0,0,7884,15375,23612,medsl,1
2024,TX,Walker,0,25175,0,0,7461,17515,25175,medsl,1
2004,TX,Waller,0,13881,0,0,6145,7679,13881,medsl,0
2008,TX,Waller,0,15508,0,0,7153,8265,15508,medsl,0
2012,TX,Waller,0,15902,0,0,6514,9244,15902,medsl,0
2016,TX,Waller,0,16784,0,0,5748,10531,16784,medsl,0
2020,TX,Waller,0,22734,0,0,8191,14260,22734,medsl,0
2024,TX,Waller,0,27561,0,0,10183,17077,27561,medsl,0
2004,TX,Ward,0,3768,0,0,901,2856,3768,medsl,1
2008,TX,Ward,0,3602,0,0,899,2667,3602,medsl,1
2012,TX,Ward,0,3245,0,0,841,2366,3245,medsl,1
2016,TX,Ward,0,3445,0,0,783,2547,3445,medsl,1
2020,TX,Ward,0,4060,0,0,764,3241,4060,medsl,1
2024,TX,Ward,0,3765,0,0,627,3115,3765,medsl,1
2004,TX,Washington,0,13063,0,0,3389,9597,13063,medsl,1
2008,TX,Washington,0,14377,0,0,4034,10176,14377,medsl,1
2012,TX,Washington,0,14397,0,0,3381,10857,14397,medsl,1
2016,TX,Washington,0,14828,0,0,3382,10945,14828,medsl,1
2020,TX,Washington,0,17427,0,0,4261,12959,17427,medsl,1
2024,TX,Washington,0,18217,0,0,4058,14020,18217,medsl,1
2004,TX,Webb,0,41556,0,0,23654,17753,41556,medsl,1
2008,TX,Webb,0,46821,0,0,33452,13119,46821,medsl,1
2012,TX,Webb,0,49110,0,0,37597,11078,49110,medsl,1
2016,TX,Webb,0,56905,0,0,42307,12947,56905,medsl,1
2020,TX,Webb,0,68397,0,0,41820,25898,68397,medsl,1
2024,TX,Webb,0,65865,0,0,31952,33384,65865,medsl,1
2004,TX,Wharton,0,14039,0,0,4702,9288,14039,medsl,1
2008,TX,Wharton,0,14418,0,0,4937,9431,14418,medsl,1
2012,TX,Wharton,0,14087,0,0,4235,9750,14087,medsl,1
2016,TX,Wharton,0,14732,0,0,4238,10149,14732,medsl,1
2020,TX,Wharton,0,16761,0,0,4694,11926,16761,medsl,1
2024,TX,Wharton,0,16453,0,0,3910,12439,16453,medsl,1
2004,TX,Wheeler,0,2394,0,0,420,1960,2394,medsl,0
2008,TX,Wheeler,0,2245,0,0,314,1918,2245,medsl,0
2012,TX,Wheeler,0,2128,0,0,232,1878,2128,medsl,0
2016,TX,Wheeler,0,2306,0,0,194,2087,2306,medsl,0
2020,TX,Wheeler,0,2337,0,0,168,2159,2337,medsl,0
2024,TX,Wheeler,0,2274,0,0,169,2093,2274,medsl,0
2004,TX,Wichita,0,45545,0,0,12819,32472,45545,medsl,1
2008,TX,Wichita,0,45982,0,0,13868,31731,45982,medsl,1
2012,TX,Wichita,0,41018,0,0,10525,29812,41018,medsl,1
2016,TX,Wichita,0,38119,0,0,8770,27631,38119,medsl,1
2020,TX,Wichita,0,46040,0,0,13161,32069,46040,medsl,1
2024,TX,Wichita,0,44530,0,0,12237,31818,44530,medsl,1
2004,TX,Wilbarger,0,4990,0,0,1284,3685,4990,medsl,1
2008,TX,Wilbarger,0,4509,0,0,1196,3283,4509,medsl,1
2012,TX,Wilbarger,0,3980,0,0,971,2956,3980,medsl,1
2016,TX,Wilbarger,0,4105,0,0,809,3166,4105,medsl,1
2020,TX,Wilbarger,0,4524,0,0,956,3524,4524,medsl,1
2024,TX,Wilbarger,0,4467,0,0,860,3566,4467,medsl,1
2004,TX,Willacy,0,4962,0,0,2734,2209,4962,medsl,0
2008,TX,Willacy,0,4903,0,0,3409,1456,4903,medsl,0
2012,TX,Willacy,0,5064,0,0,3600,1416,5064,medsl,0
2016,TX,Willacy,0,5095,0,0,3422,1547,5095,medsl,0
2020,TX,Willacy,0,5549,0,0,3108,2441,5549,medsl,0
2024,TX,Willacy,0,5563,0,0,2673,2856,5563,medsl,0
2004,TX,Williamson,0,128198,0,0,43117,83284,128198,medsl,0
2008,TX,Williamson,0,158403,0,0,67691,88323,158403,medsl,0
2012,TX,Williamson,0,163271,0,0,61875,97006,163271,medsl,0
2016,TX,Williamson,0,203081,0,0,84468,104175,203081,medsl,0
2020,TX,Williamson,0,289555,0,0,143795,139729,289555,medsl,0
2024,TX,Williamson,0,308469,0,0,147766,155310,308469,medsl,0
2004,TX,Wilson,0,14885,0,0,4409,10400,14885,medsl,1
2008,TX,Wilson,0,16366,0,0,5362,10904,16366,medsl,1
2012,TX,Wilson,0,17205,0,0,4821,12218,17205,medsl,1
2016,TX,Wilson,0,19432,0,0,4790,13998,19432,medsl,1
2020,TX,Wilson,0,25013,0,0,6350,18463,25013,medsl,1
2024,TX,Wilson,0,27275,0,0,6247,20894,27275,medsl,1
2004,TX,Winkler,0,2002,0,0,391,1604,2002,medsl,1
2008,TX,Winkler,0,2032,0,0,477,1529,2032,medsl,1
2012,TX,Winkler,0,1725,0,0,398,1311,1725,medsl,1
2016,TX,Winkler,0,1876,0,0,420,1403,1876,medsl,1
2020,TX,Winkler,0,2126,0,0,358,1753,2126,medsl,1
2024,TX,Winkler,0,1933,0,0,283,1646,1933,medsl,1
2004,TX,Wise,0,20031,0,0,4783,15177,20031,medsl,0
2008,TX,Wise,0,20639,0,0,4471,15973,20639,medsl,0
2012,TX,Wise,0,20745,0,0,3221,17207,20745,medsl,0
2016,TX,Wise,0,24776,0,0,3412,20670,24776,medsl,0
2020,TX,Wise,0,32365,0,0,4973,27032,32365,medsl,0
2024,TX,Wise,0,38243,0,0,5605,32385,38243,medsl,0
2004,TX,Wood,0,16929,0,0,4034,12831,16929,medsl,0
2008,TX,Wood,0,17784,0,0,4010,13658,17784,medsl,0
2012,TX,Wood,0,17581,0,0,3056,14351,17581,medsl,0
2016,TX,Wood,0,18727,0,0,2630,15700,18727,medsl,0
2020,TX,Wood,0,22779,0,0,3509,19049,22779,medsl,0
2024,TX,Wood,0,24386,0,0,3618,20621,24386,medsl,0
2004,TX,Yoakum,0,2613,0,0,376,2228,2613,medsl,1
2008,TX,Yoakum,0,2458,0,0,450,1989,2458,medsl,1
2012,TX,Yoakum,0,2128,0,0,409,1698,2128,medsl,1
2016,TX,Yoakum,0,2303,0,0,426,1797,2303,medsl,1
2020,TX,Yoakum,0,2631,0,0,420,2174,2631,medsl,1
2024,TX,Yoakum,0,2393,0,0,342,2039,2393,medsl,1
2004,TX,Young,0,7409,0,0,1511,5874,7409,medsl,1
2008,TX,Young,0,7305,0,0,1303,5942,7305,medsl,1
2012,TX,Young,0,7316,0,0,992,6225,7316,medsl,1
2016,TX,Young,0,7707,0,0,876,6601,7707,medsl,1
2020,TX,Young,0,8239,0,0,1034,7110,8239,medsl,1
2024,TX,Young,0,8314,0,0,962,7298,8314,medsl,1
2004,TX,Zapata,0,2898,0,0,1662,1228,2898,medsl,0
2008,TX,Zapata,0,2866,0,0,1939,919,2866,medsl,0
2012,TX,Zapata,0,3543,0,0,2527,997,3543,medsl,0
2016,TX,Zapata,0,3142,0,0,2063,1029,3142,medsl,0
2020,TX,Zapata,0,3874,0,0,1826,2033,3874,medsl,0
2024,TX,Zapata,0,4871,0,0,1877,2970,4871,medsl,0
2004,TX,Zavala,0,3118,0,0,2332,777,3118,medsl,1
2008,TX,Zavala,0,3876,0,0,3263,596,3876,medsl,1
2012,TX,Zavala,0,3653,0,0,3042,574,3653,medsl,1
2016,TX,Zavala,0,3396,0,0,2636,694,3396,medsl,1
2020,TX,Zavala,0,4379,0,0,2864,1490,4379,medsl,1
2024,TX,Zavala,0,3492,0,0,1984,1482,3492,medsl,1
2004,UT,Beaver,0,2544,0,0,493,2023,2544,medsl,0
2008,UT,Beaver,0,2509,0,0,542,1902,2509,medsl,0
2012,UT,Beaver,0,2560,0,0,346,2174,2560,medsl,0
2016,UT,Beaver,0,2491,0,0,264,1838,2491,medsl,0
2020,UT,Beaver,0,3100,0,0,357,2695,3100,medsl,0
2024,UT,Beaver,0,3212,0,0,394,2781,3212,medsl,0
2004,UT,Box Elder,0,18368,0,0,2244,15751,18368,medsl,0
2008,UT,Box Elder,0,19058,0,0,3311,15228,19058,medsl,0
2012,UT,Box Elder,0,19408,0,0,1984,17101,19408,medsl,0
2016,UT,Box Elder,0,19735,0,0,2282,12230,19735,medsl,0
2020,UT,Box Elder,0,27023,0,0,4473,21548,27023,medsl,0
2024,UT,Box Elder,0,28920,0,0,5274,22853,28920,medsl,0
2004,UT,Cache,0,39731,0,0,6375,32486,39731,medsl,0
2008,UT,Cache,0,41332,0,0,10294,29127,41332,medsl,0
2012,UT,Cache,0,42293,0,0,6244,35039,42293,medsl,0
2016,UT,Cache,0,46157,0,0,8563,21139,46157,medsl,0
2020,UT,Cache,0,58358,0,0,16650,38032,58358,medsl,0
2024,UT,Cache,0,60258,0,0,18718,39457,60258,medsl,0
2004,UT,Carbon,0,8508,0,0,3415,4950,8508,medsl,0
2008,UT,Carbon,0,7777,0,0,3468,4091,7777,medsl,0
2012,UT,Carbon,0,7567,0,0,2275,5090,7567,medsl,0
2016,UT,Carbon,0,7952,0,0,1717,5275,7952,medsl,0
2020,UT,Carbon,0,9369,0,0,2392,6693,9369,medsl,0
2024,UT,Carbon,0,9445,0,0,2525,6719,9445,medsl,0
2004,UT,Daggett,0,499,0,0,108,380,499,medsl,1
2008,UT,Daggett,0,439,0,0,131,297,439,medsl,1
2012,UT,Daggett,0,520,0,0,94,406,520,medsl,1
2016,UT,Daggett,0,474,0,0,77,331,474,medsl,1
2020,UT,Daggett,0,619,0,0,111,496,619,medsl,1
2024,UT,Daggett,0,550,0,0,101,443,550,medsl,1
2004,UT,Davis,0,109268,0,0,20893,86187,109268,medsl,1
2008,UT,Davis,0,110902,0,0,30477,77341,110902,medsl,1
2012,UT,Davis,0,121069,0,0,21889,96861,121069,medsl,1
2016,UT,Davis,0,138411,0,0,28776,62219,138411,medsl,1
2020,UT,Davis,0,169814,0,0,57411,104135,169814,medsl,1
2024,UT,Davis,0,166570,0,0,59895,101293,166570,medsl,1
2004,UT,Duchesne,0,5556,0,0,738,4742,5556,medsl,0
2008,UT,Duchesne,0,5744,0,0,911,4689,5744,medsl,0
2012,UT,Duchesne,0,6379,0,0,581,5698,6379,medsl,0
2016,UT,Duchesne,0,6942,0,0,500,5508,6942,medsl,0
2020,UT,Duchesne,0,8561,0,0,843,7512,8561,medsl,0
2024,UT,Duchesne,0,8968,0,0,1009,7815,8968,medsl,0
2004,UT,Emery,0,4678,0,0,831,3781,4678,medsl,0
2008,UT,Emery,0,4448,0,0,973,3358,4448,medsl,0
2012,UT,Emery,0,4449,0,0,569,3777,4449,medsl,0
2016,UT,Emery,0,4289,0,0,380,3425,4289,medsl,0
2020,UT,Emery,0,4898,0,0,572,4207,4898,medsl,0
2024,UT,Emery,0,5011,0,0,603,4341,5011,medsl,0
2004,UT,Garfield,0,2162,0,0,264,1848,2162,medsl,0
2008,UT,Garfield,0,2159,0,0,405,1710,2159,medsl,0
2012,UT,Garfield,0,2182,0,0,308,1832,2182,medsl,0
2016,UT,Garfield,0,2344,0,0,358,1606,2344,medsl,0
2020,UT,Garfield,0,2732,0,0,514,2158,2732,medsl,0
2024,UT,Garfield,0,2811,0,0,541,2211,2811,medsl,0
2004,UT,Grand,0,4165,0,0,1858,2130,4165,medsl,0
2008,UT,Grand,0,4077,0,0,2067,1871,4077,medsl,0
2012,UT,Grand,0,3950,0,0,1727,1996,3950,medsl,0
2016,UT,Grand,0,4533,0,0,1960,1975,4533,medsl,0
2020,UT,Grand,0,5185,0,0,2806,2248,5185,medsl,0
2024,UT,Grand,0,5300,0,0,2828,2327,5300,medsl,0
2004,UT,Iron,0,15446,0,0,2267,12815,15446,medsl,0
2008,UT,Iron,0,16450,0,0,3258,12518,16450,medsl,0
2012,UT,Iron,0,16701,0,0,2148,14200,16701,medsl,0
2016,UT,Iron,0,17654,0,0,2450,11561,17654,medsl,0
2020,UT,Iron,0,25104,0,0,4892,18989,25104,medsl,0
2024,UT,Iron,0,27878,0,0,5683,21571,27878,medsl,0
2004,UT,Juab,0,3417,0,0,605,2681,3417,medsl,0
2008,UT,Juab,0,3616,0,0,741,2683,3616,medsl,0
2012,UT,Juab,0,3972,0,0,451,3448,3972,medsl,0
2016,UT,Juab,0,4177,0,0,442,2827,4177,medsl,0
2020,UT,Juab,0,5865,0,0,645,5087,5865,medsl,0
2024,UT,Juab,0,6518,0,0,734,5671,6518,medsl,0
2004,UT,Kane,0,3051,0,0,576,2414,3051,medsl,0
2008,UT,Kane,0,3154,0,0,856,2212,3154,medsl,0
2012,UT,Kane,0,3371,0,0,744,2522,3371,medsl,0
2016,UT,Kane,0,3505,0,0,741,2265,3505,medsl,0
2020,UT,Kane,0,4180,0,0,1083,2998,4180,medsl,0
2024,UT,Kane,0,4488,0,0,1137,3277,4488,medsl,0
2004,UT,Millard,0,4877,0,0,626,4084,4877,medsl,0
2008,UT,Millard,0,4739,0,0,758,3653,4739,medsl,0
2012,UT,Millard,0,5026,0,0,431,4478,5026,medsl,0
2016,UT,Millard,0,5242,0,0,431,3860,5242,medsl,0
2020,UT,Millard,0,6190,0,0,624,5404,6190,medsl,0
2024,UT,Millard,0,6387,0,0,713,5558,6387,medsl,0
2004,UT,Morgan,0,3841,0,0,472,3301,3841,medsl,0
2008,UT,Morgan,0,4161,0,0,689,3311,4161,medsl,0
2012,UT,Morgan,0,4597,0,0,403,4114,4597,medsl,0
2016,UT,Morgan,0,5192,0,0,577,3188,5192,medsl,0
2020,UT,Morgan,0,6606,0,0,1086,5181,6606,medsl,0
2024,UT,Morgan,0,6760,0,0,1256,5300,6760,medsl,0
2004,UT,Piute,0,773,0,0,123,646,773,medsl,0
2008,UT,Piute,0,798,0,0,141,635,798,medsl,0
2012,UT,Piute,0,782,0,0,74,697,782,medsl,0
2016,UT,Piute,0,729,0,0,47,626,729,medsl,0
2020,UT,Piute,0,871,0,0,86,773,871,medsl,0
2024,UT,Piute,0,963,0,0,94,854,963,medsl,0
2004,UT,Rich,0,1037,0,0,109,922,1037,medsl,0
2008,UT,Rich,0,1006,0,0,154,831,1006,medsl,0
2012,UT,Rich,0,1007,0,0,83,915,1007,medsl,0
2016,UT,Rich,0,1109,0,0,104,797,1109,medsl,0
2020,UT,Rich,0,1369,0,0,180,1157,1369,medsl,0
2024,UT,Rich,0,1447,0,0,214,1211,1447,medsl,0
2004,UT,Salt Lake,0,362138,0,0,135949,215728,362138,medsl,1
2008,UT,Salt Lake,0,363749,0,0,176988,176692,363749,medsl,1
2012,UT,Salt Lake,0,381799,0,0,146147,223811,381799,medsl,1
2016,UT,Salt Lake,0,418868,0,0,175863,138043,418868,medsl,1
2020,UT,Salt Lake,0,546581,0,0,289906,230174,546581,medsl,1
2024,UT,Salt Lake,0,509637,0,0,273658,221555,509637,medsl,1
2004,UT,San Juan,0,4950,0,0,1906,2971,4950,medsl,1
2008,UT,San Juan,0,5130,0,0,2406,2638,5130,medsl,1
2012,UT,San Juan,0,5307,0,0,2139,3074,5307,medsl,1
2016,UT,San Juan,0,5447,0,0,2042,2645,5447,medsl,1
2020,UT,San Juan,0,6877,0,0,3113,3535,6877,medsl,1
2024,UT,San Juan,0,6329,0,0,2581,3613,6329,medsl,1
2004,UT,Sanpete,0,8507,0,0,1189,7004,8507,medsl,0
2008,UT,Sanpete,0,8771,0,0,1631,6664,8771,medsl,0
2012,UT,Sanpete,0,9547,0,0,980,8406,9547,medsl,0
2016,UT,Sanpete,0,10164,0,0,1061,6673,10164,medsl,0
2020,UT,Sanpete,0,12625,0,0,1794,10459,12625,medsl,0
2024,UT,Sanpete,0,12944,0,0,1906,10653,12944,medsl,0
2004,UT,Sevier,0,7641,0,0,920,6597,7641,medsl,0
2008,UT,Sevier,0,8007,0,0,1359,6394,8007,medsl,0
2012,UT,Sevier,0,8069,0,0,738,7207,8069,medsl,0
2016,UT,Sevier,0,8654,0,0,695,6740,8654,medsl,0
2020,UT,Sevier,0,10362,0,0,1084,9052,10362,medsl,0
2024,UT,Sevier,0,10926,0,0,1236,9526,10926,medsl,0
2004,UT,Summit,0,15312,0,0,6977,7936,15312,medsl,1
2008,UT,Summit,0,16809,0,0,9532,6956,16809,medsl,1
2012,UT,Summit,0,17488,0,0,8072,8884,17488,medsl,1
2016,UT,Summit,0,20641,0,0,10503,7333,20641,medsl,1
2020,UT,Summit,0,26086,0,0,15244,10252,26086,medsl,1
2024,UT,Summit,0,25876,0,0,14612,10783,25876,medsl,1
2004,UT,Tooele,0,16664,0,0,4130,12181,16664,medsl,0
2008,UT,Tooele,0,17337,0,0,5830,10998,17337,medsl,0
2012,UT,Tooele,0,19261,0,0,4524,14268,19261,medsl,0
2016,UT,Tooele,0,21829,0,0,4573,11169,21829,medsl,0
2020,UT,Tooele,0,31506,0,0,8943,21014,31506,medsl,0
2024,UT,Tooele,0,34006,0,0,9560,23484,34006,medsl,0
2004,UT,Uintah,0,9957,0,0,1266,8518,9957,medsl,0
2008,UT,Uintah,0,10151,0,0,1462,8441,10151,medsl,0
2012,UT,Uintah,0,11583,0,0,997,10421,11583,medsl,0
2016,UT,Uintah,0,12797,0,0,995,9810,12797,medsl,0
2020,UT,Uintah,0,15303,0,0,1663,13261,15303,medsl,0
2024,UT,Uintah,0,15832,0,0,1952,13599,15832,medsl,0
2004,UT,Utah,0,149173,0,0,17357,128269,149173,medsl,0
2008,UT,Utah,0,157279,0,0,29567,122224,157279,medsl,0
2012,UT,Utah,0,177713,0,0,17281,156950,177713,medsl,0
2016,UT,Utah,0,201551,0,0,28522,102182,201551,medsl,0
2020,UT,Utah,0,284286,0,0,76033,192812,284286,medsl,0
2024,UT,Utah,0,298143,0,0,84937,203476,298143,medsl,0
2004,UT,Wasatch,0,7512,0,0,1854,5503,7512,medsl,0
2008,UT,Wasatch,0,8531,0,0,2892,5430,8531,medsl,0
2012,UT,Wasatch,0,9589,0,0,2191,7220,9589,medsl,0
2016,UT,Wasatch,0,12120,0,0,3063,6115,12120,medsl,0
2020,UT,Wasatch,0,17790,0,0,6187,10795,17790,medsl,0
2024,UT,Wasatch,0,18354,0,0,6459,11495,18354,medsl,0
2004,UT,Washington,0,44018,0,0,7513,35633,44018,medsl,0
2008,UT,Washington,0,49529,0,0,10826,37311,49529,medsl,0
2012,UT,Washington,0,54012,0,0,8337,44698,54012,medsl,0
2016,UT,Washington,0,61963,0,0,10288,42650,61963,medsl,0
2020,UT,Washington,0,91070,0,0,20530,67294,91070,medsl,0
2024,UT,Washington,0,97256,0,0,22327,73165,97256,medsl,0
2004,UT,Wayne,0,1360,0,0,279,1062,1360,medsl,0
2008,UT,Wayne,0,1314,0,0,335,940,1314,medsl,0
2012,UT,Wayne,0,1327,0,0,215,1089,1327,medsl,0
2016,UT,Wayne,0,1421,0,0,271,966,1421,medsl,0
2020,UT,Wayne,0,1621,0,0,365,1229,1621,medsl,0
2024,UT,Wayne,0,1651,0,0,381,1238,1651,medsl,0
2004,UT,Weber,0,72691,0,0,19862,51199,72691,medsl,0
2008,UT,Weber,0,73394,0,0,25666,45885,73394,medsl,0
2012,UT,Weber,0,75912,0,0,19841,54224,75912,medsl,0
2016,UT,Weber,0,85039,0,0,23131,40235,85039,medsl,0
2020,UT,Weber,0,111403,0,0,40695,65949,111403,medsl,0
2024,UT,Weber,0,112054,0,0,41238,67549,112054,medsl,0
2004,VA,Accomack,0,13356,0,0,5518,7726,13356,medsl,1
2008,VA,Accomack,0,15623,0,0,7607,7833,15623,medsl,1
2012,VA,Accomack,0,16051,0,0,7655,8213,16051,medsl,1
2016,VA,Accomack,0,15818,0,0,6740,8583,15818,medsl,1
2020,VA,Accomack,0,16962,0,0,7578,9172,16962,medsl,1
2024,VA,Accomack,0,17144,0,0,7374,9659,17144,medsl,1
2004,VA,Albemarle,0,43726,0,0,22088,21189,43726,medsl,0
2008,VA,Albemarle,0,50984,0,0,29792,20576,50984,medsl,0
2012,VA,Albemarle,0,53907,0,0,29757,23297,53907,medsl,0
2016,VA,Albemarle,0,56726,0,0,33345,19259,56726,medsl,0
2020,VA,Albemarle,0,64657,0,0,42466,20804,64657,medsl,0
2024,VA,Albemarle,0,66740,0,0,44279,21513,66740,medsl,0
2004,VA,Alexandria,0,61515,0,0,41116,19844,61515,medsl,0
2008,VA,Alexandria,0,70364,0,0,50473,19181,70364,medsl,0
2012,VA,Alexandria,0,73411,0,0,52199,20249,73411,medsl,0
2016,VA,Alexandria,0,75770,0,0,57242,13285,75770,medsl,0
2020,VA,Alexandria City,0,82521,0,0,66240,14544,82521,medsl,1
2024,VA,Alexandria City,0,80062,0,0,62326,16112,80062,medsl,1
2004,VA,Alleghany,0,7195,0,0,3203,3962,7195,medsl,1
2008,VA,Alleghany,0,7369,0,0,3553,3715,7369,medsl,1
2012,VA,Alleghany,0,7173,0,0,3403,3595,7173,medsl,1
2016,VA,Alleghany,0,7325,0,0,2166,4874,7325,medsl,1
2020,VA,Alleghany,0,8203,0,0,2243,5859,8203,medsl,1
2024,VA,Alleghany,0,8277,0,0,2114,6093,8277,medsl,1
2004,VA,Amelia,0,5397,0,0,1862,3499,5397,medsl,1
2008,VA,Amelia,0,6529,0,0,2488,3970,6529,medsl,1
2012,VA,Amelia,0,6915,0,0,2490,4331,6915,medsl,1
2016,VA,Amelia,0,7040,0,0,2128,4708,7040,medsl,1
2020,VA,Amelia,0,7894,0,0,2411,5390,7894,medsl,1
2024,VA,Amelia,0,8032,0,0,2214,5776,8032,medsl,1
2004,VA,Amherst,0,12695,0,0,4866,7758,12695,medsl,1
2008,VA,Amherst,0,14700,0,0,6094,8470,14700,medsl,1
2012,VA,Amherst,0,14970,0,0,5900,8876,14970,medsl,1
2016,VA,Amherst,0,15396,0,0,5057,9719,15396,medsl,1
2020,VA,Amherst,0,17005,0,0,5672,11041,17005,medsl,1
2024,VA,Amherst,0,17303,0,0,5429,11742,17303,medsl,1
2004,VA,Appomattox,0,6655,0,0,2191,4366,6655,medsl,1
2008,VA,Appomattox,0,7630,0,0,2641,4903,7630,medsl,1
2012,VA,Appomattox,0,7935,0,0,2453,5340,7935,medsl,1
2016,VA,Appomattox,0,8011,0,0,2023,5715,8011,medsl,1
2020,VA,Appomattox,0,9268,0,0,2418,6702,9268,medsl,1
2024,VA,Appomattox,0,9642,0,0,2324,7243,9642,medsl,1
2004,VA,Arlington,0,94650,0,0,63987,29635,94650,medsl,1
2008,VA,Arlington,0,110153,0,0,78994,29876,110153,medsl,1
2012,VA,Arlington,0,117608,0,0,81269,34474,117608,medsl,1
2016,VA,Arlington,0,121356,0,0,92016,20186,121356,medsl,1
2020,VA,Arlington,0,130739,0,0,105344,22318,130739,medsl,1
2024,VA,Arlington,0,128362,0,0,100446,25223,128362,medsl,1
2004,VA,Augusta,0,29704,0,0,7019,22100,29704,medsl,0
2008,VA,Augusta,0,33338,0,0,9825,23120,33338,medsl,0
2012,VA,Augusta,0,33672,0,0,9451,23624,33672,medsl,0
2016,VA,Augusta,0,36343,0,0,8177,26163,36343,medsl,0
2020,VA,Augusta,0,42278,0,0,10840,30714,42278,medsl,0
2024,VA,Augusta,0,44223,0,0,11403,32429,44223,medsl,0
2004,VA,Bath,0,2282,0,0,828,1432,2282,medsl,1
2008,VA,Bath,0,2432,0,0,1043,1349,2432,medsl,1
2012,VA,Bath,0,2223,0,0,894,1274,2223,medsl,1
2016,VA,Bath,0,2253,0,0,603,1548,2253,medsl,1
2020,VA,Bath,0,2501,0,0,646,1834,2501,medsl,1
2024,VA,Bath,0,2582,0,0,588,1976,2582,medsl,1
2004,VA,Bedford,0,31404,0,0,9102,21925,31404,medsl,0
2004,VA,Bedford,0,2542,0,0,1042,1472,2542,medsl,0
2008,VA,Bedford,0,35830,0,0,11017,24420,35830,medsl,0
2008,VA,Bedford,0,2734,0,0,1208,1497,2734,medsl,0
2012,VA,Bedford,0,37425,0,0,10209,26679,37425,medsl,0
2012,VA,Bedford,0,2805,0,0,1225,1527,2805,medsl,0
2016,VA,Bedford,0,42525,0,0,9768,30659,42525,medsl,0
2016,VA,Bedford,0,0,0,0,0,0,0,medsl,0
2020,VA,Bedford,0,48669,0,0,12176,35600,48669,medsl,0
2024,VA,Bedford,0,50830,0,0,12414,38017,50830,medsl,0
2004,VA,Bland,0,2865,0,0,846,1962,2865,medsl,1
2008,VA,Bland,0,2959,0,0,864,2031,2959,medsl,1
2012,VA,Bland,0,2948,0,0,735,2144,2948,medsl,1
2016,VA,Bland,0,3139,0,0,453,2573,3139,medsl,1
2020,VA,Bland,0,3479,0,0,532,2903,3479,medsl,1
2024,VA,Bland,0,3548,0,0,524,2998,3548,medsl,1
2004,VA,Botetourt,0,15797,0,0,4801,10865,15797,medsl,0
2008,VA,Botetourt,0,17406,0,0,5693,11471,17406,medsl,0
2012,VA,Botetourt,0,18241,0,0,5452,12479,18241,medsl,0
2016,VA,Botetourt,0,18739,0,0,4494,13375,18739,medsl,0
2020,VA,Botetourt,0,21123,0,0,5700,15099,21123,medsl,0
2024,VA,Botetourt,0,21893,0,0,5915,15796,21893,medsl,0
2004,VA,Bristol,0,6724,0,0,2400,4275,6724,medsl,0
2008,VA,Bristol,0,7359,0,0,2665,4579,7359,medsl,0
2012,VA,Bristol,0,7387,0,0,2492,4780,7387,medsl,0
2016,VA,Bristol,0,7032,0,0,1835,4892,7032,medsl,0
2020,VA,Bristol City,0,7814,0,0,2313,5347,7814,medsl,1
2024,VA,Bristol City,0,7479,0,0,2231,5197,7479,medsl,1
2004,VA,Brunswick,0,6926,0,0,4062,2852,6926,medsl,1
2008,VA,Brunswick,0,7914,0,0,4973,2877,7914,medsl,1
2012,VA,Brunswick,0,8037,0,0,4994,2968,8037,medsl,1
2016,VA,Brunswick,0,7669,0,0,4481,3046,7669,medsl,1
2020,VA,Brunswick,0,7948,0,0,4552,3357,7948,medsl,1
2024,VA,Brunswick,0,7738,0,0,4184,3523,7738,medsl,1
2004,VA,Buchanan,0,9829,0,0,5275,4507,9829,medsl,1
2008,VA,Buchanan,0,8734,0,0,4063,4541,8734,medsl,1
2012,VA,Buchanan,0,9646,0,0,3094,6436,9646,medsl,1
2016,VA,Buchanan,0,9247,0,0,1721,7296,9247,medsl,1
2020,VA,Buchanan,0,9957,0,0,1587,8311,9957,medsl,1
2024,VA,Buchanan,0,9327,0,0,1355,7939,9327,medsl,1
2004,VA,Buckingham,0,6027,0,0,2789,3185,6027,medsl,1
2008,VA,Buckingham,0,6994,0,0,3489,3428,6994,medsl,1
2012,VA,Buckingham,0,7457,0,0,3750,3569,7457,medsl,1
2016,VA,Buckingham,0,7295,0,0,3128,3950,7295,medsl,1
2020,VA,Buckingham,0,8129,0,0,3471,4544,8129,medsl,1
2024,VA,Buckingham,0,7915,0,0,2988,4847,7915,medsl,1
2004,VA,Buena Vista,0,2389,0,0,936,1417,2389,medsl,0
2008,VA,Buena Vista,0,2423,0,0,1108,1282,2423,medsl,0
2012,VA,Buena Vista,0,2526,0,0,919,1564,2526,medsl,0
2016,VA,Buena Vista,0,2407,0,0,693,1430,2407,medsl,0
2020,VA,Buena Vista City,0,2776,0,0,825,1863,2776,medsl,0
2024,VA,Buena Vista City,0,2853,0,0,767,2035,2853,medsl,0
2004,VA,Campbell,0,22997,0,0,6862,15891,22997,medsl,1
2008,VA,Campbell,0,25814,0,0,8091,17444,25814,medsl,1
2012,VA,Campbell,0,25696,0,0,7595,17695,25696,medsl,1
2016,VA,Campbell,0,27535,0,0,6664,19551,27535,medsl,1
2020,VA,Campbell,0,29901,0,0,8070,21245,29901,medsl,1
2024,VA,Campbell,0,31171,0,0,7890,23032,31171,medsl,1
2004,VA,Caroline,0,9954,0,0,4878,4999,9954,medsl,0
2008,VA,Caroline,0,12919,0,0,7163,5617,12919,medsl,0
2012,VA,Caroline,0,13652,0,0,7276,6151,13652,medsl,0
2016,VA,Caroline,0,14863,0,0,6432,7147,14863,medsl,0
2020,VA,Caroline,0,16288,0,0,7657,8336,16288,medsl,0
2024,VA,Caroline,0,17653,0,0,7957,9511,17653,medsl,0
2004,VA,Carroll,0,12128,0,0,3888,8173,12128,medsl,0
2008,VA,Carroll,0,12579,0,0,4109,8187,12579,medsl,0
2012,VA,Carroll,0,12918,0,0,3685,8736,12918,medsl,0
2016,VA,Carroll,0,13668,0,0,2559,10663,13668,medsl,0
2020,VA,Carroll,0,15657,0,0,2842,12659,15657,medsl,0
2024,VA,Carroll,0,16160,0,0,2925,13152,16160,medsl,0
2004,VA,Charles City,0,3439,0,0,2155,1254,3439,medsl,1
2008,VA,Charles City,0,4153,0,0,2838,1288,4153,medsl,1
2012,VA,Charles City,0,4232,0,0,2772,1396,4232,medsl,1
2016,VA,Charles City,0,4107,0,0,2496,1476,4107,medsl,1
2020,VA,Charles City,0,4441,0,0,2624,1761,4441,medsl,1
2024,VA,Charles City,0,4341,0,0,2384,1917,4341,medsl,1
2004,VA,Charlotte,0,5438,0,0,2223,3166,5438,medsl,1
2008,VA,Charlotte,0,6157,0,0,2705,3372,6157,medsl,1
2012,VA,Charlotte,0,5898,0,0,2503,3311,5898,medsl,1
2016,VA,Charlotte,0,5808,0,0,2155,3479,5808,medsl,1
2020,VA,Charlotte,0,6191,0,0,2317,3815,6191,medsl,1
2024,VA,Charlotte,0,6006,0,0,2008,3963,6006,medsl,1
2004,VA,Charlottesville,0,15450,0,0,11088,4172,15450,medsl,0
2008,VA,Charlottesville,0,20044,0,0,15705,4078,20044,medsl,0
2012,VA,Charlottesville,0,21797,0,0,16510,4844,21797,medsl,0
2016,VA,Charlottesville,0,22472,0,0,17901,2960,22472,medsl,0
2020,VA,Charlottesville City,0,24213,0,0,20696,3094,24213,medsl,1
2024,VA,Charlottesville City,0,23303,0,0,19435,3428,23303,medsl,1
2004,VA,Chesapeake,0,91541,0,0,38744,52283,91541,medsl,0
2008,VA,Chesapeake,0,107521,0,0,53994,52625,107521,medsl,0
2012,VA,Chesapeake,0,110425,0,0,55052,53900,110425,medsl,0
2016,VA,Chesapeake,0,112705,0,0,52627,54047,112705,medsl,0
2020,VA,Chesapeake City,0,127246,0,0,66377,58180,127246,medsl,0
2024,VA,Chesapeake City,0,127493,0,0,65399,60550,127493,medsl,0
2004,VA,Chesterfield,0,133814,0,0,49346,83745,133814,medsl,0
2008,VA,Chesterfield,0,162088,0,0,74310,86413,162088,medsl,0
2012,VA,Chesterfield,0,170988,0,0,77694,90934,170988,medsl,0
2016,VA,Chesterfield,0,176461,0,0,81074,85045,176461,medsl,0
2020,VA,Chesterfield,0,203955,0,0,106935,93326,203955,medsl,0
2024,VA,Chesterfield,0,209730,0,0,112869,94030,209730,medsl,0
2004,VA,Clarke,0,6505,0,0,2699,3741,6505,medsl,0
2008,VA,Clarke,0,7431,0,0,3457,3840,7431,medsl,0
2012,VA,Clarke,0,7762,0,0,3239,4296,7762,medsl,0
2016,VA,Clarke,0,8213,0,0,3051,4661,8213,medsl,0
2020,VA,Clarke,0,9337,0,0,3920,5192,9337,medsl,0
2024,VA,Clarke,0,9782,0,0,3993,5641,9782,medsl,0
2004,VA,Colonial Heights,0,8231,0,0,2061,6129,8231,medsl,0
2008,VA,Colonial Heights,0,8849,0,0,2562,6161,8849,medsl,0
2012,VA,Colonial Heights,0,8624,0,0,2544,5941,8624,medsl,0
2016,VA,Colonial Heights,0,8457,0,0,2367,5681,8457,medsl,0
2020,VA,Colonial Heights City,0,9160,0,0,2972,6007,9160,medsl,0
2024,VA,Colonial Heights City,0,8941,0,0,2982,5883,8941,medsl,0
2004,VA,Covington,0,2301,0,0,1179,1104,2301,medsl,0
2008,VA,Covington,0,2354,0,0,1304,1020,2354,medsl,0
2012,VA,Covington,0,2330,0,0,1319,975,2330,medsl,0
2016,VA,Covington,0,2382,0,0,914,1349,2382,medsl,0
2020,VA,Covington City,0,2603,0,0,964,1580,2603,medsl,1
2024,VA,Covington City,0,2475,0,0,818,1642,2475,medsl,1
2004,VA,Craig,0,2621,0,0,901,1706,2621,medsl,1
2008,VA,Craig,0,2621,0,0,877,1695,2621,medsl,1
2012,VA,Craig,0,2667,0,0,830,1757,2667,medsl,1
2016,VA,Craig,0,2794,0,0,541,2140,2794,medsl,1
2020,VA,Craig,0,3170,0,0,587,2536,3170,medsl,1
2024,VA,Craig,0,3121,0,0,542,2562,3121,medsl,1
2004,VA,Culpeper,0,15605,0,0,5476,10026,15605,medsl,1
2008,VA,Culpeper,0,19741,0,0,8802,10711,19741,medsl,1
2012,VA,Culpeper,0,20211,0,0,8285,11580,20211,medsl,1
2016,VA,Culpeper,0,22218,0,0,7759,13349,22218,medsl,1
2020,VA,Culpeper,0,27116,0,0,10617,16012,27116,medsl,1
2024,VA,Culpeper,0,28553,0,0,10557,17685,28553,medsl,1
2004,VA,Cumberland,0,4126,0,0,1721,2377,4126,medsl,1
2008,VA,Cumberland,0,4724,0,0,2255,2418,4724,medsl,1
2012,VA,Cumberland,0,5048,0,0,2422,2538,5048,medsl,1
2016,VA,Cumberland,0,4906,0,0,2036,2697,4906,medsl,1
2020,VA,Cumberland,0,5313,0,0,2227,3019,5313,medsl,1
2024,VA,Cumberland,0,5486,0,0,2117,3335,5486,medsl,1
2004,VA,Danville,0,19112,0,0,9436,9399,19112,medsl,0
2008,VA,Danville,0,20890,0,0,12352,8361,20890,medsl,0
2012,VA,Danville,0,20204,0,0,12218,7763,20204,medsl,0
2016,VA,Danville,0,18952,0,0,11059,7303,18952,medsl,0
2020,VA,Danville City,0,19456,0,0,11710,7428,19456,medsl,1
2024,VA,Danville City,0,17667,0,0,10615,6894,17667,medsl,1
2004,VA,Dickenson,0,7406,0,0,3761,3591,7406,medsl,1
2008,VA,Dickenson,0,6753,0,0,3278,3324,6753,medsl,1
2012,VA,Dickenson,0,6904,0,0,2473,4274,6904,medsl,1
2016,VA,Dickenson,0,6440,0,0,1335,4932,6440,medsl,1
2020,VA,Dickenson,0,7307,0,0,1503,5748,7307,medsl,1
2024,VA,Dickenson,0,7047,0,0,1316,5701,7047,medsl,1
2004,VA,Dinwiddie,0,10839,0,0,4569,6193,10839,medsl,1
2008,VA,Dinwiddie,0,12892,0,0,6246,6526,12892,medsl,1
2012,VA,Dinwiddie,0,13589,0,0,6550,6875,13589,medsl,1
2016,VA,Dinwiddie,0,13575,0,0,5765,7447,13575,medsl,1
2020,VA,Dinwiddie,0,15092,0,0,6224,8695,15092,medsl,1
2024,VA,Dinwiddie,0,15589,0,0,5942,9549,15589,medsl,1
2004,VA,Emporia,0,2221,0,0,1247,970,2221,medsl,0
2008,VA,Emporia,0,2617,0,0,1702,897,2617,medsl,0
2012,VA,Emporia,0,2696,0,0,1793,886,2696,medsl,0
2016,VA,Emporia,0,2367,0,0,1530,789,2367,medsl,0
2020,VA,Emporia City,0,2384,0,0,1612,754,2384,medsl,1
2024,VA,Emporia City,0,2178,0,0,1419,744,2178,medsl,1
2004,VA,Essex,0,4344,0,0,2007,2304,4344,medsl,1
2008,VA,Essex,0,5364,0,0,2934,2379,5364,medsl,1
2012,VA,Essex,0,5675,0,0,3016,2602,5675,medsl,1
2016,VA,Essex,0,5408,0,0,2542,2657,5408,medsl,1
2020,VA,Essex,0,6178,0,0,3038,3075,6178,medsl,1
2024,VA,Essex,0,6064,0,0,2775,3245,6064,medsl,1
2004,VA,Fairfax,0,461379,0,0,245671,211980,461379,medsl,1
2004,VA,Fairfax,0,10546,0,0,5395,5045,10546,medsl,1
2008,VA,Fairfax,0,516254,0,0,310359,200994,516254,medsl,1
2008,VA,Fairfax,0,11398,0,0,6575,4691,11398,medsl,1
2012,VA,Fairfax,0,529287,0,0,315273,206773,529287,medsl,1
2012,VA,Fairfax,0,11629,0,0,6651,4775,11629,medsl,1
2016,VA,Fairfax,0,551183,0,0,355133,157710,551183,medsl,1
2016,VA,Fairfax,0,12030,0,0,7367,3702,12030,medsl,1
2020,VA,Fairfax,0,601243,0,0,419943,168401,601243,medsl,1
2024,VA,Fairfax,0,584387,0,0,386438,181895,584387,medsl,1
2020,VA,Fairfax City,0,13487,0,0,9174,4007,13487,medsl,1
2024,VA,Fairfax City,0,13445,0,0,8797,4302,13445,medsl,1
2004,VA,Falls Church,0,6098,0,0,3944,2074,6098,medsl,0
2008,VA,Falls Church,0,6750,0,0,4695,1970,6750,medsl,0
2012,VA,Falls Church,0,7276,0,0,5015,2147,7276,medsl,0
2016,VA,Falls Church,0,7757,0,0,5819,1324,7757,medsl,0
2020,VA,Falls Church City,0,8819,0,0,7146,1490,8819,medsl,0
2024,VA,Falls Church City,0,8969,0,0,7200,1620,8969,medsl,0
2004,VA,Fauquier,0,29915,0,0,10712,19011,29915,medsl,1
2008,VA,Fauquier,0,34219,0,0,14616,19227,34219,medsl,1
2012,VA,Fauquier,0,35555,0,0,13965,21034,35555,medsl,1
2016,VA,Fauquier,0,37467,0,0,12971,22127,37467,medsl,1
2020,VA,Fauquier,0,43671,0,0,17565,25106,43671,medsl,1
2024,VA,Fauquier,0,44537,0,0,17180,26825,44537,medsl,1
2004,VA,Floyd,0,6734,0,0,2488,4162,6734,medsl,1
2008,VA,Floyd,0,7516,0,0,2937,4441,7516,medsl,1
2012,VA,Floyd,0,7644,0,0,2732,4673,7644,medsl,1
2016,VA,Floyd,0,8051,0,0,2300,5293,8051,medsl,1
2020,VA,Floyd,0,9412,0,0,3004,6225,9412,medsl,1
2024,VA,Floyd,0,9625,0,0,2968,6551,9625,medsl,1
2004,VA,Fluvanna,0,10957,0,0,4415,6458,10957,medsl,0
2008,VA,Fluvanna,0,12735,0,0,6185,6420,12735,medsl,0
2012,VA,Fluvanna,0,12749,0,0,5893,6678,12749,medsl,0
2016,VA,Fluvanna,0,13597,0,0,5760,7025,13597,medsl,0
2020,VA,Fluvanna,0,15846,0,0,7414,8155,15846,medsl,0
2024,VA,Fluvanna,0,16678,0,0,7731,8777,16678,medsl,0
2004,VA,Franklin,0,22223,0,0,8002,14048,22223,medsl,0
2004,VA,Franklin,0,3536,0,0,1910,1613,3536,medsl,0
2008,VA,Franklin,0,25401,0,0,9618,15414,25401,medsl,0
2008,VA,Franklin,0,4427,0,0,2819,1576,4427,medsl,0
2012,VA,Franklin,0,26707,0,0,9090,16718,26707,medsl,0
2012,VA,Franklin,0,4360,0,0,2833,1496,4360,medsl,0
2016,VA,Franklin,0,26971,0,0,7257,18569,26971,medsl,0
2016,VA,Franklin,0,4070,0,0,2519,1421,4070,medsl,0
2020,VA,Franklin,0,29704,0,0,8381,20895,29704,medsl,0
2024,VA,Franklin,0,30912,0,0,8321,22319,30912,medsl,0
2020,VA,Franklin City,0,4064,0,0,2525,1487,4064,medsl,1
2024,VA,Franklin City,0,3876,0,0,2359,1476,3876,medsl,1
2004,VA,Frederick,0,28540,0,0,8853,19386,28540,medsl,0
2008,VA,Frederick,0,33612,0,0,12961,20149,33612,medsl,0
2012,VA,Frederick,0,36394,0,0,12690,22858,36394,medsl,0
2016,VA,Frederick,0,40440,0,0,11932,26083,40440,medsl,0
2020,VA,Frederick,0,48718,0,0,17207,30558,48718,medsl,0
2024,VA,Frederick,0,52040,0,0,18331,33117,52040,medsl,0
2004,VA,Fredericksburg,0,7542,0,0,4085,3390,7542,medsl,0
2008,VA,Fredericksburg,0,9677,0,0,6155,3413,9677,medsl,0
2012,VA,Fredericksburg,0,11437,0,0,7131,4060,11437,medsl,0
2016,VA,Fredericksburg,0,11264,0,0,6707,3744,11264,medsl,0
2020,VA,Fredericksburg City,0,12877,0,0,8517,4037,12877,medsl,0
2024,VA,Fredericksburg City,0,13495,0,0,8760,4480,13495,medsl,0
2004,VA,Galax,0,2335,0,0,987,1336,2335,medsl,0
2008,VA,Galax,0,2402,0,0,1052,1317,2402,medsl,0
2012,VA,Galax,0,2277,0,0,900,1332,2277,medsl,0
2016,VA,Galax,0,2376,0,0,681,1603,2376,medsl,0
2020,VA,Galax City,0,2639,0,0,777,1838,2639,medsl,0
2024,VA,Galax City,0,2717,0,0,753,1946,2717,medsl,0
2004,VA,Giles,0,7498,0,0,3047,4320,7498,medsl,1
2008,VA,Giles,0,7795,0,0,3192,4462,7795,medsl,1
2012,VA,Giles,0,7558,0,0,2730,4660,7558,medsl,1
2016,VA,Giles,0,8212,0,0,1950,5910,8212,medsl,1
2020,VA,Giles,0,9178,0,0,2156,6876,9178,medsl,1
2024,VA,Giles,0,9234,0,0,2069,7102,9234,medsl,1
2004,VA,Gloucester,0,16333,0,0,5105,11084,16333,medsl,0
2008,VA,Gloucester,0,19222,0,0,6916,12089,19222,medsl,0
2012,VA,Gloucester,0,19283,0,0,6764,12137,19283,medsl,0
2016,VA,Gloucester,0,19619,0,0,5404,13096,19619,medsl,0
2020,VA,Gloucester,0,22284,0,0,6964,14875,22284,medsl,0
2024,VA,Gloucester,0,23149,0,0,7034,15918,23149,medsl,0
2004,VA,Goochland,0,10338,0,0,3583,6668,10338,medsl,0
2008,VA,Goochland,0,12562,0,0,4813,7643,12562,medsl,0
2012,VA,Goochland,0,13315,0,0,4676,8448,13315,medsl,0
2016,VA,Goochland,0,14037,0,0,4889,8384,14037,medsl,0
2020,VA,Goochland,0,16952,0,0,6685,9966,16952,medsl,0
2024,VA,Goochland,0,19616,0,0,7875,11521,19616,medsl,0
2004,VA,Grayson,0,7137,0,0,2430,4655,7137,medsl,1
2008,VA,Grayson,0,7220,0,0,2480,4540,7220,medsl,1
2012,VA,Grayson,0,7121,0,0,2068,4801,7121,medsl,1
2016,VA,Grayson,0,7285,0,0,1407,5592,7285,medsl,1
2020,VA,Grayson,0,8131,0,0,1535,6529,8131,medsl,1
2024,VA,Grayson,0,8104,0,0,1503,6544,8104,medsl,1
2004,VA,Greene,0,6939,0,0,2240,4570,6939,medsl,0
2008,VA,Greene,0,8260,0,0,3174,4980,8260,medsl,0
2012,VA,Greene,0,9023,0,0,3290,5569,9023,medsl,0
2016,VA,Greene,0,9608,0,0,2924,5945,9608,medsl,0
2020,VA,Greene,0,11313,0,0,4163,6866,11313,medsl,0
2024,VA,Greene,0,12038,0,0,4456,7432,12038,medsl,0
2004,VA,Greensville,0,4258,0,0,2514,1732,4258,medsl,1
2008,VA,Greensville,0,4887,0,0,3122,1729,4887,medsl,1
2012,VA,Greensville,0,4926,0,0,3135,1766,4926,medsl,1
2016,VA,Greensville,0,4363,0,0,2558,1737,4363,medsl,1
2020,VA,Greensville,0,4574,0,0,2627,1914,4574,medsl,1
2024,VA,Greensville,0,4296,0,0,2334,1936,4296,medsl,1
2004,VA,Halifax,0,14656,0,0,6220,8363,14656,medsl,1
2008,VA,Halifax,0,16850,0,0,8126,8600,16850,medsl,1
2012,VA,Halifax,0,16692,0,0,7766,8694,16692,medsl,1
2016,VA,Halifax,0,17001,0,0,6897,9704,17001,medsl,1
2020,VA,Halifax,0,18248,0,0,7666,10418,18248,medsl,1
2024,VA,Halifax,0,17844,0,0,6984,10741,17844,medsl,1
2004,VA,Hampton,0,55741,0,0,32016,23399,55741,medsl,0
2008,VA,Hampton,0,67943,0,0,46917,20476,67943,medsl,0
2012,VA,Hampton,0,66490,0,0,46966,18640,66490,medsl,0
2016,VA,Hampton,0,62356,0,0,41312,17902,62356,medsl,0
2020,VA,Hampton City,0,65957,0,0,46220,18430,65957,medsl,1
2024,VA,Hampton City,0,62632,0,0,43357,18383,62632,medsl,1
2004,VA,Hanover,0,49611,0,0,13941,35404,49611,medsl,0
2008,VA,Hanover,0,56248,0,0,18447,37344,56248,medsl,0
2012,VA,Hanover,0,59058,0,0,18294,39940,59058,medsl,0
2016,VA,Hanover,0,62753,0,0,19382,39630,62753,medsl,0
2020,VA,Hanover,0,70988,0,0,25307,44318,70988,medsl,0
2024,VA,Hanover,0,73087,0,0,26733,45569,73087,medsl,0
2004,VA,Harrisonburg,0,11030,0,0,4726,6165,11030,medsl,0
2008,VA,Harrisonburg,0,14675,0,0,8444,6048,14675,medsl,0
2012,VA,Harrisonburg,0,15593,0,0,8654,6565,15593,medsl,0
2016,VA,Harrisonburg,0,17993,0,0,10212,6262,17993,medsl,0
2020,VA,Harrisonburg City,0,17093,0,0,11022,5591,17093,medsl,0
2024,VA,Harrisonburg City,0,17245,0,0,10641,6266,17245,medsl,0
2004,VA,Henrico,0,133418,0,0,60864,71809,133418,medsl,1
2008,VA,Henrico,0,154966,0,0,86323,67381,154966,medsl,1
2012,VA,Henrico,0,162241,0,0,89594,70449,162241,medsl,1
2016,VA,Henrico,0,163654,0,0,93935,59857,163654,medsl,1
2020,VA,Henrico,0,183299,0,0,116572,63440,183299,medsl,1
2024,VA,Henrico,0,180642,0,0,115040,62882,180642,medsl,1
2004,VA,Henry,0,23458,0,0,9851,13358,23458,medsl,1
2008,VA,Henry,0,25215,0,0,11118,13758,25215,medsl,1
2012,VA,Henry,0,24963,0,0,10317,13984,24963,medsl,1
2016,VA,Henry,0,24106,0,0,8198,15208,24106,medsl,1
2020,VA,Henry,0,26105,0,0,9127,16725,26105,medsl,1
2024,VA,Henry,0,25413,0,0,8457,16800,25413,medsl,1
2004,VA,Highland,0,1520,0,0,522,982,1520,medsl,1
2008,VA,Highland,0,1554,0,0,590,930,1554,medsl,1
2012,VA,Highland,0,1413,0,0,459,924,1413,medsl,1
2016,VA,Highland,0,1391,0,0,371,958,1391,medsl,1
2020,VA,Highland,0,1533,0,0,417,1092,1533,medsl,1
2024,VA,Highland,0,1529,0,0,416,1095,1529,medsl,1
2004,VA,Hopewell,0,7936,0,0,3573,4251,7936,medsl,0
2008,VA,Hopewell,0,9524,0,0,5285,4149,9524,medsl,0
2012,VA,Hopewell,0,9031,0,0,5179,3739,9031,medsl,0
2016,VA,Hopewell,0,9008,0,0,4724,3885,9008,medsl,0
2020,VA,Hopewell City,0,9628,0,0,5430,4020,9628,medsl,1
2024,VA,Hopewell City,0,9006,0,0,5078,3838,9006,medsl,1
2004,VA,Isle Of Wight,0,15871,0,0,5871,9929,15871,medsl,0
2008,VA,Isle Of Wight,0,19997,0,0,8573,11258,19997,medsl,0
2012,VA,Isle Of Wight,0,20827,0,0,8761,11802,20827,medsl,0
2016,VA,Isle Of Wight,0,21075,0,0,7881,12204,21075,medsl,0
2020,VA,Isle Of Wight,0,23456,0,0,9399,13707,23456,medsl,0
2024,VA,Isle Of Wight,0,24672,0,0,9779,14659,24672,medsl,0
2004,VA,James City,0,31090,0,0,11934,18949,31090,medsl,0
2008,VA,James City,0,38603,0,0,17352,20912,38603,medsl,0
2012,VA,James City,0,41240,0,0,17879,22843,41240,medsl,0
2016,VA,James City,0,43173,0,0,19105,21306,43173,medsl,0
2020,VA,James City,0,49639,0,0,25553,23153,49639,medsl,0
2024,VA,James City,0,50892,0,0,26742,23575,50892,medsl,0
2004,VA,King And Queen,0,3286,0,0,1506,1737,3286,medsl,1
2008,VA,King And Queen,0,3705,0,0,1918,1763,3705,medsl,1
2012,VA,King And Queen,0,3655,0,0,1745,1865,3655,medsl,1
2016,VA,King And Queen,0,3697,0,0,1468,2099,3697,medsl,1
2020,VA,King And Queen,0,4115,0,0,1590,2450,4115,medsl,1
2024,VA,King And Queen,0,4173,0,0,1536,2608,4173,medsl,1
2004,VA,King George,0,7921,0,0,2739,5124,7921,medsl,0
2008,VA,King George,0,10474,0,0,4473,5888,10474,medsl,0
2012,VA,King George,0,11325,0,0,4477,6604,11325,medsl,0
2016,VA,King George,0,12059,0,0,4007,7341,12059,medsl,0
2020,VA,King George,0,14227,0,0,5404,8446,14227,medsl,0
2024,VA,King George,0,15362,0,0,5657,9500,15362,medsl,0
2004,VA,King William,0,6872,0,0,2436,4397,6872,medsl,0
2008,VA,King William,0,8388,0,0,3344,4966,8388,medsl,0
2012,VA,King William,0,8923,0,0,3344,5466,8923,medsl,0
2016,VA,King William,0,9161,0,0,2760,5975,9161,medsl,0
2020,VA,King William,0,10737,0,0,3260,7320,10737,medsl,0
2024,VA,King William,0,11561,0,0,3388,8080,11561,medsl,0
2004,VA,Lancaster,0,6230,0,0,2477,3724,6230,medsl,1
2008,VA,Lancaster,0,6938,0,0,3235,3647,6938,medsl,1
2012,VA,Lancaster,0,6961,0,0,3149,3753,6961,medsl,1
2016,VA,Lancaster,0,6645,0,0,2869,3523,6645,medsl,1
2020,VA,Lancaster,0,7152,0,0,3368,3697,7152,medsl,1
2024,VA,Lancaster,0,7279,0,0,3355,3866,7279,medsl,1
2004,VA,Lee,0,9770,0,0,4005,5664,9770,medsl,0
2008,VA,Lee,0,9227,0,0,3219,5825,9227,medsl,0
2012,VA,Lee,0,9598,0,0,2583,6847,9598,medsl,0
2016,VA,Lee,0,9399,0,0,1627,7543,9399,medsl,0
2020,VA,Lee,0,9947,0,0,1489,8365,9947,medsl,0
2024,VA,Lee,0,10108,0,0,1391,8674,10108,medsl,0
2004,VA,Lexington,0,2349,0,0,1340,982,2349,medsl,0
2008,VA,Lexington,0,2479,0,0,1543,914,2479,medsl,0
2012,VA,Lexington,0,2687,0,0,1486,1146,2687,medsl,0
2016,VA,Lexington,0,2465,0,0,1514,766,2465,medsl,0
2020,VA,Lexington City,0,2764,0,0,1791,906,2764,medsl,0
2024,VA,Lexington City,0,2863,0,0,1795,1030,2863,medsl,0
2004,VA,Loudoun,0,108430,0,0,47271,60382,108430,medsl,1
2008,VA,Loudoun,0,139459,0,0,74845,63336,139459,medsl,1
2012,VA,Loudoun,0,160060,0,0,82479,75292,160060,medsl,1
2016,VA,Loudoun,0,183097,0,0,100795,69949,183097,medsl,1
2020,VA,Loudoun,0,224976,0,0,138372,82088,224976,medsl,1
2024,VA,Loudoun,0,228208,0,0,129280,92107,228208,medsl,1
2004,VA,Louisa,0,12035,0,0,4844,7083,12035,medsl,0
2008,VA,Louisa,0,15353,0,0,6978,8182,15353,medsl,0
2012,VA,Louisa,0,16452,0,0,6953,9215,16452,medsl,0
2016,VA,Louisa,0,17631,0,0,6212,10528,17631,medsl,0
2020,VA,Louisa,0,21916,0,0,8269,13294,21916,medsl,0
2024,VA,Louisa,0,24067,0,0,8779,15084,24067,medsl,0
2004,VA,Lunenburg,0,5245,0,0,2362,2858,5245,medsl,1
2008,VA,Lunenburg,0,5650,0,0,2703,2900,5650,medsl,1
2012,VA,Lunenburg,0,5734,0,0,2684,2969,5734,medsl,1
2016,VA,Lunenburg,0,5586,0,0,2227,3204,5586,medsl,1
2020,VA,Lunenburg,0,6002,0,0,2418,3537,6002,medsl,1
2024,VA,Lunenburg,0,5879,0,0,2253,3594,5879,medsl,1
2004,VA,Lynchburg,0,26340,0,0,11727,14400,26340,medsl,0
2008,VA,Lynchburg,0,34341,0,0,16269,17638,34341,medsl,0
2012,VA,Lynchburg,0,36448,0,0,15948,19806,36448,medsl,0
2016,VA,Lynchburg,0,35671,0,0,14792,17982,35671,medsl,0
2020,VA,Lynchburg City,0,36364,0,0,18048,17097,36364,medsl,0
2024,VA,Lynchburg City,0,36715,0,0,16664,19574,36715,medsl,0
2004,VA,Madison,0,5772,0,0,2176,3556,5772,medsl,0
2008,VA,Madison,0,6699,0,0,2862,3758,6699,medsl,0
2012,VA,Madison,0,6614,0,0,2639,3869,6614,medsl,0
2016,VA,Madison,0,6979,0,0,2203,4419,6979,medsl,0
2020,VA,Madison,0,8133,0,0,2698,5300,8133,medsl,0
2024,VA,Madison,0,8439,0,0,2700,5671,8439,medsl,0
2004,VA,Manassas,0,12903,0,0,5562,7257,12903,medsl,0
2008,VA,Manassas,0,13627,0,0,7518,5975,13627,medsl,0
2012,VA,Manassas,0,15200,0,0,8478,6463,15200,medsl,0
2016,VA,Manassas,0,15411,0,0,8423,5953,15411,medsl,0
2020,VA,Manassas City,0,16978,0,0,10356,6256,16978,medsl,1
2024,VA,Manassas City,0,16021,0,0,9048,6670,16021,medsl,1
2004,VA,Manassas Park,0,3332,0,0,1498,1807,3332,medsl,0
2008,VA,Manassas Park,0,4140,0,0,2463,1634,4140,medsl,0
2012,VA,Manassas Park,0,4656,0,0,2879,1699,4656,medsl,0
2016,VA,Manassas Park,0,5232,0,0,3204,1733,5232,medsl,0
2020,VA,Manassas Park City,0,6088,0,0,3992,1979,6088,medsl,1
2024,VA,Manassas Park City,0,5967,0,0,3506,2314,5967,medsl,1
2004,VA,Martinsville,0,5603,0,0,3036,2538,5603,medsl,0
2008,VA,Martinsville,0,6520,0,0,4139,2311,6520,medsl,0
2012,VA,Martinsville,0,6284,0,0,3855,2312,6284,medsl,0
2016,VA,Martinsville,0,5907,0,0,3533,2149,5907,medsl,0
2020,VA,Martinsville City,0,6024,0,0,3766,2165,6024,medsl,1
2024,VA,Martinsville City,0,5658,0,0,3435,2155,5658,medsl,1
2004,VA,Mathews,0,5129,0,0,1589,3497,5129,medsl,1
2008,VA,Mathews,0,5440,0,0,1934,3456,5440,medsl,1
2012,VA,Mathews,0,5374,0,0,1807,3488,5374,medsl,1
2016,VA,Mathews,0,5311,0,0,1563,3517,5311,medsl,1
2020,VA,Mathews,0,5829,0,0,1825,3901,5829,medsl,1
2024,VA,Mathews,0,5929,0,0,1774,4106,5929,medsl,1
2004,VA,Mecklenburg,0,12780,0,0,5293,7319,12780,medsl,1
2008,VA,Mecklenburg,0,15082,0,0,7127,7817,15082,medsl,1
2012,VA,Mecklenburg,0,15077,0,0,6921,7973,15077,medsl,1
2016,VA,Mecklenburg,0,14945,0,0,6285,8288,14945,medsl,1
2020,VA,Mecklenburg,0,16207,0,0,6803,9266,16207,medsl,1
2024,VA,Mecklenburg,0,16266,0,0,6404,9791,16266,medsl,1
2004,VA,Middlesex,0,5377,0,0,1914,3336,5377,medsl,1
2008,VA,Middlesex,0,6006,0,0,2391,3545,6006,medsl,1
2012,VA,Middlesex,0,6080,0,0,2370,3619,6080,medsl,1
2016,VA,Middlesex,0,6017,0,0,2108,3670,6017,medsl,1
2020,VA,Middlesex,0,6785,0,0,2491,4196,6785,medsl,1
2024,VA,Middlesex,0,6882,0,0,2473,4357,6882,medsl,1
2004,VA,Montgomery,0,31515,0,0,14128,17070,31515,medsl,0
2008,VA,Montgomery,0,40653,0,0,21031,19028,40653,medsl,0
2012,VA,Montgomery,0,41009,0,0,19903,20006,41009,medsl,0
2016,VA,Montgomery,0,43031,0,0,20021,19459,43031,medsl,0
2020,VA,Montgomery,0,45037,0,0,23218,20629,45037,medsl,0
2024,VA,Montgomery,0,46767,0,0,23811,22179,46767,medsl,0
2004,VA,Nelson,0,7139,0,0,3543,3539,7139,medsl,1
2008,VA,Nelson,0,8133,0,0,4391,3647,8133,medsl,1
2012,VA,Nelson,0,8250,0,0,4171,3947,8250,medsl,1
2016,VA,Nelson,0,8318,0,0,3689,4154,8318,medsl,1
2020,VA,Nelson,0,9318,0,0,4327,4812,9318,medsl,1
2024,VA,Nelson,0,9388,0,0,4298,5004,9388,medsl,1
2004,VA,New Kent,0,7946,0,0,2443,5414,7946,medsl,0
2008,VA,New Kent,0,9991,0,0,3493,6385,9991,medsl,0
2012,VA,New Kent,0,10953,0,0,3555,7246,10953,medsl,0
2016,VA,New Kent,0,12242,0,0,3546,8118,12242,medsl,0
2020,VA,New Kent,0,14471,0,0,4621,9631,14471,medsl,0
2024,VA,New Kent,0,16744,0,0,5641,10974,16744,medsl,0
2004,VA,Newport News,0,67952,0,0,35319,32208,67952,medsl,0
2008,VA,Newport News,0,81295,0,0,51972,28667,81295,medsl,0
2012,VA,Newport News,0,79444,0,0,51100,27230,79444,medsl,0
2016,VA,Newport News,0,75715,0,0,45618,25468,75715,medsl,0
2020,VA,Newport News City,0,81270,0,0,53099,26377,81270,medsl,1
2024,VA,Newport News City,0,75629,0,0,48169,26385,75629,medsl,1
2004,VA,Norfolk,0,70570,0,0,43518,26401,70570,medsl,0
2008,VA,Norfolk,0,88446,0,0,62819,24814,88446,medsl,0
2012,VA,Norfolk,0,87043,0,0,62687,23147,87043,medsl,0
2016,VA,Norfolk,0,83388,0,0,57023,21552,83388,medsl,0
2020,VA,Norfolk City,0,89988,0,0,64440,23443,89988,medsl,1
2024,VA,Norfolk City,0,85643,0,0,59941,24377,85643,medsl,1
2004,VA,Northampton,0,5499,0,0,2775,2669,5499,medsl,1
2008,VA,Northampton,0,6586,0,0,3800,2713,6586,medsl,1
2012,VA,Northampton,0,6491,0,0,3741,2676,6491,medsl,1
2016,VA,Northampton,0,6172,0,0,3255,2686,6172,medsl,1
2020,VA,Northampton,0,6732,0,0,3667,2955,6732,medsl,1
2024,VA,Northampton,0,6832,0,0,3603,3183,6832,medsl,1
2004,VA,Northumberland,0,6409,0,0,2548,3832,6409,medsl,1
2008,VA,Northumberland,0,7406,0,0,3312,4041,7406,medsl,1
2012,VA,Northumberland,0,7558,0,0,3191,4310,7558,medsl,1
2016,VA,Northumberland,0,7398,0,0,2852,4302,7398,medsl,1
2020,VA,Northumberland,0,7815,0,0,3252,4485,7815,medsl,1
2024,VA,Northumberland,0,8205,0,0,3202,4938,8205,medsl,1
2004,VA,Norton,0,1504,0,0,725,768,1504,medsl,0
2008,VA,Norton,0,1512,0,0,743,744,1512,medsl,0
2012,VA,Norton,0,1492,0,0,566,895,1492,medsl,0
2016,VA,Norton,0,1460,0,0,383,1021,1460,medsl,0
2020,VA,Norton City,0,1601,0,0,464,1109,1601,medsl,0
2024,VA,Norton City,0,1643,0,0,458,1174,1643,medsl,0
2004,VA,Nottoway,0,6030,0,0,2635,3303,6030,medsl,1
2008,VA,Nottoway,0,6988,0,0,3413,3499,6988,medsl,1
2012,VA,Nottoway,0,6846,0,0,3344,3409,6846,medsl,1
2016,VA,Nottoway,0,6744,0,0,2829,3712,6744,medsl,1
2020,VA,Nottoway,0,7078,0,0,2971,4027,7078,medsl,1
2024,VA,Nottoway,0,6853,0,0,2636,4168,6853,medsl,1
2004,VA,Orange,0,12928,0,0,5015,7749,12928,medsl,0
2008,VA,Orange,0,15801,0,0,7107,8506,15801,medsl,0
2012,VA,Orange,0,16354,0,0,6870,9244,16354,medsl,0
2016,VA,Orange,0,17270,0,0,5957,10521,17270,medsl,0
2020,VA,Orange,0,20754,0,0,7995,12426,20754,medsl,0
2024,VA,Orange,0,22247,0,0,8274,13764,22247,medsl,0
2004,VA,Page,0,9603,0,0,3324,6221,9603,medsl,1
2008,VA,Page,0,10389,0,0,4235,6041,10389,medsl,1
2012,VA,Page,0,10228,0,0,3724,6344,10228,medsl,1
2016,VA,Page,0,10740,0,0,2514,7831,10740,medsl,1
2020,VA,Page,0,12514,0,0,3007,9345,12514,medsl,1
2024,VA,Page,0,13211,0,0,2976,10123,13211,medsl,1
2004,VA,Patrick,0,8215,0,0,2572,5507,8215,medsl,1
2008,VA,Patrick,0,8531,0,0,2879,5491,8531,medsl,1
2012,VA,Patrick,0,8259,0,0,2417,5622,8259,medsl,1
2016,VA,Patrick,0,8525,0,0,1768,6454,8525,medsl,1
2020,VA,Patrick,0,9535,0,0,1954,7485,9535,medsl,1
2024,VA,Patrick,0,9698,0,0,1886,7746,9698,medsl,1
2004,VA,Petersburg,0,11949,0,0,9682,2238,11949,medsl,0
2008,VA,Petersburg,0,15540,0,0,13774,1583,15540,medsl,0
2012,VA,Petersburg,0,15908,0,0,14283,1527,15908,medsl,0
2016,VA,Petersburg,0,13786,0,0,12021,1451,13786,medsl,0
2020,VA,Petersburg City,0,14133,0,0,12389,1584,14133,medsl,1
2024,VA,Petersburg City,0,13077,0,0,11219,1702,13077,medsl,1
2004,VA,Pittsylvania,0,27417,0,0,9274,17673,27417,medsl,1
2008,VA,Pittsylvania,0,30433,0,0,11415,18730,30433,medsl,1
2012,VA,Pittsylvania,0,30681,0,0,10858,19263,30681,medsl,1
2016,VA,Pittsylvania,0,31598,0,0,9199,21554,31598,medsl,1
2020,VA,Pittsylvania,0,34227,0,0,10115,23751,34227,medsl,1
2024,VA,Pittsylvania,0,34100,0,0,9599,24310,34100,medsl,1
2004,VA,Poquoson,0,6480,0,0,1424,5004,6480,medsl,0
2008,VA,Poquoson,0,7065,0,0,1748,5229,7065,medsl,0
2012,VA,Poquoson,0,7106,0,0,1679,5312,7106,medsl,0
2016,VA,Poquoson,0,7177,0,0,1601,5092,7177,medsl,0
2020,VA,Poquoson City,0,7857,0,0,2054,5605,7857,medsl,0
2024,VA,Poquoson City,0,8024,0,0,2119,5800,8024,medsl,0
2004,VA,Portsmouth,0,39534,0,0,24112,15212,39534,medsl,0
2008,VA,Portsmouth,0,46665,0,0,32327,13984,46665,medsl,0
2012,VA,Portsmouth,0,45922,0,0,32501,12858,45922,medsl,0
2016,VA,Portsmouth,0,43265,0,0,28497,12795,43265,medsl,0
2020,VA,Portsmouth City,0,44601,0,0,30948,12755,44601,medsl,1
2024,VA,Portsmouth City,0,41252,0,0,28306,12370,41252,medsl,1
2004,VA,Powhatan,0,12163,0,0,3112,8955,12163,medsl,0
2008,VA,Powhatan,0,14456,0,0,4237,10088,14456,medsl,0
2012,VA,Powhatan,0,15525,0,0,4088,11200,15525,medsl,0
2016,VA,Powhatan,0,16900,0,0,4060,11885,16900,medsl,0
2020,VA,Powhatan,0,19733,0,0,5320,14055,19733,medsl,0
2024,VA,Powhatan,0,20841,0,0,5734,14918,20841,medsl,0
2004,VA,Prince Edward,0,7316,0,0,3632,3571,7316,medsl,1
2008,VA,Prince Edward,0,9388,0,0,5101,4174,9388,medsl,1
2012,VA,Prince Edward,0,9239,0,0,5132,3952,9239,medsl,1
2016,VA,Prince Edward,0,9143,0,0,4591,4101,9143,medsl,1
2020,VA,Prince Edward,0,9575,0,0,4973,4434,9575,medsl,1
2024,VA,Prince Edward,0,9424,0,0,4539,4782,9424,medsl,1
2004,VA,Prince George,0,13254,0,0,5066,8131,13254,medsl,1
2008,VA,Prince George,0,16006,0,0,7130,8752,16006,medsl,1
2012,VA,Prince George,0,16046,0,0,6991,8879,16046,medsl,1
2016,VA,Prince George,0,16184,0,0,6419,9157,16184,medsl,1
2020,VA,Prince George,0,17439,0,0,7103,10103,17439,medsl,1
2024,VA,Prince George,0,17596,0,0,6842,10590,17596,medsl,1
2004,VA,Prince William,0,132063,0,0,61271,69776,132063,medsl,1
2008,VA,Prince William,0,162446,0,0,93435,67621,162446,medsl,1
2012,VA,Prince William,0,180195,0,0,103331,74458,180195,medsl,1
2016,VA,Prince William,0,196538,0,0,113144,71721,196538,medsl,1
2020,VA,Prince William,0,228267,0,0,142863,81222,228267,medsl,1
2024,VA,Prince William,0,227591,0,0,131128,90203,227591,medsl,1
2004,VA,Pulaski,0,14251,0,0,5310,8769,14251,medsl,1
2008,VA,Pulaski,0,15050,0,0,5918,8857,15050,medsl,1
2012,VA,Pulaski,0,14680,0,0,5292,8920,14680,medsl,1
2016,VA,Pulaski,0,15167,0,0,4172,10322,15167,medsl,1
2020,VA,Pulaski,0,17386,0,0,4925,12127,17386,medsl,1
2024,VA,Pulaski,0,17690,0,0,4830,12732,17690,medsl,1
2004,VA,Radford,0,4845,0,0,2244,2564,4845,medsl,0
2008,VA,Radford,0,5429,0,0,2930,2418,5429,medsl,0
2012,VA,Radford,0,5399,0,0,2732,2520,5399,medsl,0
2016,VA,Radford,0,6085,0,0,2925,2638,6085,medsl,0
2020,VA,Radford City,0,6320,0,0,3358,2786,6320,medsl,0
2024,VA,Radford City,0,6550,0,0,3231,3197,6550,medsl,0
2004,VA,Rappahannock,0,4050,0,0,1837,2172,4050,medsl,1
2008,VA,Rappahannock,0,4405,0,0,2105,2227,4405,medsl,1
2012,VA,Rappahannock,0,4357,0,0,1980,2311,4357,medsl,1
2016,VA,Rappahannock,0,4483,0,0,1747,2539,4483,medsl,1
2020,VA,Rappahannock,0,4979,0,0,2096,2812,4979,medsl,1
2024,VA,Rappahannock,0,5038,0,0,2041,2943,5038,medsl,1
2004,VA,Richmond,0,3361,0,0,1243,2082,3361,medsl,0
2004,VA,Richmond,0,74325,0,0,52167,21637,74325,medsl,0
2008,VA,Richmond,0,3745,0,0,1618,2092,3745,medsl,0
2008,VA,Richmond,0,93085,0,0,73623,18649,93085,medsl,0
2012,VA,Richmond,0,3770,0,0,1574,2160,3770,medsl,0
2012,VA,Richmond,0,97569,0,0,75921,20050,97569,medsl,0
2016,VA,Richmond,0,3661,0,0,1347,2213,3661,medsl,0
2016,VA,Richmond,0,103484,0,0,81259,15581,103484,medsl,0
2020,VA,Richmond,0,4102,0,0,1513,2547,4102,medsl,0
2024,VA,Richmond,0,4161,0,0,1439,2697,4161,medsl,0
2020,VA,Richmond City,0,111181,0,0,92175,16603,111181,medsl,1
2024,VA,Richmond City,0,108143,0,0,88710,17041,108143,medsl,1
2004,VA,Roanoke,0,46973,0,0,16082,30596,46973,medsl,1
2004,VA,Roanoke,0,36000,0,0,18862,16661,36000,medsl,1
2008,VA,Roanoke,0,50975,0,0,19812,30571,50975,medsl,1
2008,VA,Roanoke,0,40772,0,0,24934,15394,40772,medsl,1
2012,VA,Roanoke,0,51217,0,0,18711,31624,51217,medsl,1
2012,VA,Roanoke,0,40155,0,0,24134,14991,40155,medsl,1
2016,VA,Roanoke,0,51489,0,0,17200,31408,51489,medsl,1
2016,VA,Roanoke,0,39466,0,0,22286,14789,39466,medsl,1
2020,VA,Roanoke,0,57226,0,0,21801,34268,57226,medsl,1
2024,VA,Roanoke,0,56789,0,0,21693,34453,56789,medsl,1
2020,VA,Roanoke City,0,43323,0,0,26773,15607,43323,medsl,1
2024,VA,Roanoke City,0,42128,0,0,25737,15787,42128,medsl,1
2004,VA,Rockbridge,0,9181,0,0,3627,5412,9181,medsl,0
2008,VA,Rockbridge,0,10195,0,0,4347,5732,10195,medsl,0
2012,VA,Rockbridge,0,10177,0,0,4088,5898,10177,medsl,0
2016,VA,Rockbridge,0,10795,0,0,3508,6680,10795,medsl,0
2020,VA,Rockbridge,0,12377,0,0,4086,8088,12377,medsl,0
2024,VA,Rockbridge,0,12752,0,0,4160,8468,12752,medsl,0
2004,VA,Rockingham,0,29216,0,0,7273,21737,29216,medsl,0
2008,VA,Rockingham,0,33334,0,0,10453,22468,33334,medsl,0
2012,VA,Rockingham,0,34866,0,0,10065,24186,34866,medsl,0
2016,VA,Rockingham,0,37487,0,0,9366,25990,37487,medsl,0
2020,VA,Rockingham,0,43821,0,0,12644,30349,43821,medsl,0
2024,VA,Rockingham,0,48581,0,0,15035,33033,48581,medsl,0
2004,VA,Russell,0,11423,0,0,5167,6077,11423,medsl,1
2008,VA,Russell,0,11494,0,0,4932,6389,11494,medsl,1
2012,VA,Russell,0,12088,0,0,3718,8180,12088,medsl,1
2016,VA,Russell,0,12246,0,0,2330,9521,12246,medsl,1
2020,VA,Russell,0,13386,0,0,2373,10879,13386,medsl,1
2024,VA,Russell,0,13525,0,0,2172,11303,13525,medsl,1
2004,VA,Salem,0,11484,0,0,4254,7115,11484,medsl,0
2008,VA,Salem,0,12406,0,0,5164,7088,12406,medsl,0
2012,VA,Salem,0,12318,0,0,4760,7299,12318,medsl,0
2016,VA,Salem,0,12225,0,0,4202,7226,12225,medsl,0
2020,VA,Salem City,0,13051,0,0,5148,7683,13051,medsl,0
2024,VA,Salem City,0,13148,0,0,5237,7769,13148,medsl,0
2004,VA,Scott,0,9967,0,0,3324,6479,9967,medsl,1
2008,VA,Scott,0,9875,0,0,2725,6980,9875,medsl,1
2012,VA,Scott,0,9992,0,0,2395,7439,9992,medsl,1
2016,VA,Scott,0,10100,0,0,1581,8247,10100,medsl,1
2020,VA,Scott,0,10869,0,0,1692,9063,10869,medsl,1
2024,VA,Scott,0,11057,0,0,1607,9392,11057,medsl,1
2004,VA,Shenandoah,0,17146,0,0,5186,11820,17146,medsl,0
2008,VA,Shenandoah,0,19223,0,0,6912,12005,19223,medsl,0
2012,VA,Shenandoah,0,19373,0,0,6469,12538,19373,medsl,0
2016,VA,Shenandoah,0,20513,0,0,5273,14094,20513,medsl,0
2020,VA,Shenandoah,0,23684,0,0,6836,16463,23684,medsl,0
2024,VA,Shenandoah,0,24380,0,0,6914,17215,24380,medsl,0
2004,VA,Smyth,0,12319,0,0,4143,7906,12319,medsl,1
2008,VA,Smyth,0,12302,0,0,4239,7817,12302,medsl,1
2012,VA,Smyth,0,12777,0,0,4171,8379,12777,medsl,1
2016,VA,Smyth,0,12890,0,0,2665,9750,12890,medsl,1
2020,VA,Smyth,0,14136,0,0,3008,10963,14136,medsl,1
2024,VA,Smyth,0,14420,0,0,2805,11521,14420,medsl,1
2004,VA,Southampton,0,7492,0,0,3431,4018,7492,medsl,1
2008,VA,Southampton,0,9067,0,0,4402,4583,9067,medsl,1
2012,VA,Southampton,0,9264,0,0,4437,4733,9264,medsl,1
2016,VA,Southampton,0,8878,0,0,3595,5035,8878,medsl,1
2020,VA,Southampton,0,9786,0,0,3969,5730,9786,medsl,1
2024,VA,Southampton,0,9831,0,0,3626,6133,9831,medsl,1
2004,VA,Spotsylvania,0,45445,0,0,16623,28527,45445,medsl,0
2008,VA,Spotsylvania,0,54069,0,0,24897,28610,54069,medsl,0
2012,VA,Spotsylvania,0,57974,0,0,25165,31844,57974,medsl,0
2016,VA,Spotsylvania,0,62562,0,0,24207,34623,62562,medsl,0
2020,VA,Spotsylvania,0,75317,0,0,34307,39411,75317,medsl,0
2024,VA,Spotsylvania,0,79209,0,0,35747,42531,79209,medsl,0
2004,VA,Stafford,0,45986,0,0,17208,28500,45986,medsl,0
2008,VA,Stafford,0,55455,0,0,25716,29221,55455,medsl,0
2012,VA,Stafford,0,60583,0,0,27182,32480,60583,medsl,0
2016,VA,Stafford,0,65934,0,0,27908,33868,65934,medsl,0
2020,VA,Stafford,0,79629,0,0,40245,37636,79629,medsl,0
2024,VA,Stafford,0,83123,0,0,41252,40590,83123,medsl,0
2004,VA,Staunton,0,9629,0,0,3756,5805,9629,medsl,0
2008,VA,Staunton,0,11015,0,0,5569,5330,11015,medsl,0
2012,VA,Staunton,0,11210,0,0,5728,5272,11210,medsl,0
2016,VA,Staunton,0,11255,0,0,5333,5133,11255,medsl,0
2020,VA,Staunton City,0,12992,0,0,6981,5695,12992,medsl,0
2024,VA,Staunton City,0,13562,0,0,7592,5778,13562,medsl,0
2004,VA,Suffolk,0,32189,0,0,15233,16763,32189,medsl,0
2008,VA,Suffolk,0,39908,0,0,22446,17165,39908,medsl,0
2012,VA,Suffolk,0,42566,0,0,24267,17820,42566,medsl,0
2016,VA,Suffolk,0,43240,0,0,23280,18006,43240,medsl,0
2020,VA,Suffolk City,0,49642,0,0,28676,20082,49642,medsl,0
2024,VA,Suffolk City,0,53352,0,0,30597,22112,53352,medsl,0
2004,VA,Surry,0,3522,0,0,1954,1543,3522,medsl,1
2008,VA,Surry,0,4325,0,0,2626,1663,4325,medsl,1
2012,VA,Surry,0,4308,0,0,2576,1671,4308,medsl,1
2016,VA,Surry,0,4228,0,0,2272,1819,4228,medsl,1
2020,VA,Surry,0,4471,0,0,2397,2025,4471,medsl,1
2024,VA,Surry,0,4429,0,0,2176,2205,4429,medsl,1
2004,VA,Sussex,0,4345,0,0,2420,1890,4345,medsl,1
2008,VA,Sussex,0,5363,0,0,3301,2026,5363,medsl,1
2012,VA,Sussex,0,5440,0,0,3358,2021,5440,medsl,1
2016,VA,Sussex,0,5044,0,0,2879,2055,5044,medsl,1
2020,VA,Sussex,0,5088,0,0,2827,2219,5088,medsl,1
2024,VA,Sussex,0,4892,0,0,2539,2322,4892,medsl,1
2004,VA,Tazewell,0,17480,0,0,7184,10039,17480,medsl,1
2008,VA,Tazewell,0,17061,0,0,5596,11201,17061,medsl,1
2012,VA,Tazewell,0,17732,0,0,3661,13843,17732,medsl,1
2016,VA,Tazewell,0,18566,0,0,2895,15168,18566,medsl,1
2020,VA,Tazewell,0,20152,0,0,3205,16731,20152,medsl,1
2024,VA,Tazewell,0,19858,0,0,3030,16711,19858,medsl,1
2004,VA,Virginia Beach,0,175687,0,0,70666,103752,175687,medsl,0
2008,VA,Virginia Beach,0,201249,0,0,98885,100319,201249,medsl,0
2012,VA,Virginia Beach,0,196641,0,0,94299,99291,196641,medsl,0
2016,VA,Virginia Beach,0,203262,0,0,91032,98224,203262,medsl,0
2020,VA,Virginia Beach City,0,227717,0,0,117393,105087,227717,medsl,0
2024,VA,Virginia Beach City,0,227770,0,0,115412,109375,227770,medsl,0
2004,VA,Warren,0,14068,0,0,5241,8600,14068,medsl,0
2008,VA,Warren,0,16126,0,0,6997,8879,16126,medsl,0
2012,VA,Warren,0,16698,0,0,6452,9869,16698,medsl,0
2016,VA,Warren,0,17960,0,0,5169,11773,17960,medsl,0
2020,VA,Warren,0,21147,0,0,6603,14069,21147,medsl,0
2024,VA,Warren,0,22561,0,0,6910,15400,22561,medsl,0
2004,VA,Washington,0,22514,0,0,7339,14749,22514,medsl,0
2008,VA,Washington,0,24500,0,0,8063,16077,24500,medsl,0
2012,VA,Washington,0,25632,0,0,7076,18141,25632,medsl,0
2016,VA,Washington,0,25847,0,0,5553,19320,25847,medsl,0
2020,VA,Washington,0,28693,0,0,6617,21679,28693,medsl,0
2024,VA,Washington,0,29412,0,0,6772,22455,29412,medsl,0
2004,VA,Waynesboro,0,7963,0,0,2792,5092,7963,medsl,0
2008,VA,Waynesboro,0,8860,0,0,3906,4815,8860,medsl,0
2012,VA,Waynesboro,0,8791,0,0,3840,4790,8791,medsl,0
2016,VA,Waynesboro,0,9204,0,0,3764,4801,9204,medsl,0
2020,VA,Waynesboro City,0,10717,0,0,4961,5507,10717,medsl,0
2024,VA,Waynesboro City,0,11274,0,0,5240,5882,11274,medsl,0
2004,VA,Westmoreland,0,6848,0,0,3370,3433,6848,medsl,1
2008,VA,Westmoreland,0,8377,0,0,4577,3719,8377,medsl,1
2012,VA,Westmoreland,0,8120,0,0,4295,3731,8120,medsl,1
2016,VA,Westmoreland,0,8574,0,0,3836,4448,8574,medsl,1
2020,VA,Westmoreland,0,9948,0,0,4501,5318,9948,medsl,1
2024,VA,Westmoreland,0,10581,0,0,4491,6003,10581,medsl,1
2004,VA,Williamsburg,0,4320,0,0,2216,2064,4320,medsl,0
2008,VA,Williamsburg,0,6787,0,0,4328,2353,6787,medsl,0
2012,VA,Williamsburg,0,7748,0,0,4903,2682,7748,medsl,0
2016,VA,Williamsburg,0,7626,0,0,5206,1925,7626,medsl,0
2020,VA,Williamsburg City,0,6890,0,0,4790,1963,6890,medsl,0
2024,VA,Williamsburg City,0,7851,0,0,5613,2119,7851,medsl,0
2004,VA,Winchester,0,9343,0,0,3967,5283,9343,medsl,0
2008,VA,Winchester,0,10126,0,0,5268,4725,10126,medsl,0
2012,VA,Winchester,0,10296,0,0,5094,4946,10296,medsl,0
2016,VA,Winchester,0,10667,0,0,5164,4790,10667,medsl,0
2020,VA,Winchester City,0,12113,0,0,6610,5221,12113,medsl,1
2024,VA,Winchester City,0,11822,0,0,6407,5252,11822,medsl,1
2004,VA,Wise,0,14312,0,0,5802,8330,14312,medsl,1
2008,VA,Wise,0,14138,0,0,4995,8914,14138,medsl,1
2012,VA,Wise,0,15018,0,0,3760,11076,15018,medsl,1
2016,VA,Wise,0,15163,0,0,2701,12086,15163,medsl,1
2020,VA,Wise,0,16615,0,0,3110,13366,16615,medsl,1
2024,VA,Wise,0,16776,0,0,3036,13655,16776,medsl,1
2004,VA,Wythe,0,11554,0,0,3581,7911,11554,medsl,1
2008,VA,Wythe,0,12491,0,0,4107,8207,12491,medsl,1
2012,VA,Wythe,0,12358,0,0,3783,8324,12358,medsl,1
2016,VA,Wythe,0,13343,0,0,2770,10046,13343,medsl,1
2020,VA,Wythe,0,15073,0,0,3143,11733,15073,medsl,1
2024,VA,Wythe,0,15439,0,0,3075,12267,15439,medsl,1
2004,VA,York,0,29880,0,0,10276,19396,29880,medsl,0
2008,VA,York,0,33897,0,0,13700,19833,33897,medsl,0
2012,VA,York,0,33953,0,0,13183,20204,33953,medsl,0
2016,VA,York,0,34118,0,0,12999,18837,34118,medsl,0
2020,VA,York,0,38791,0,0,17683,20241,38791,medsl,0
2024,VA,York,0,39540,0,0,18296,20722,39540,medsl,0
2004,VT,Addison,0,18579,0,0,11147,7077,18579,medsl,1
2008,VT,Addison,0,19238,0,0,13202,5667,19238,medsl,1
2012,VT,Addison,0,17910,0,0,12257,5203,17910,medsl,1
2016,VT,Addison,0,19031,0,0,11219,5297,19031,medsl,1
2020,VT,Addison,0,22611,0,0,15089,6567,22611,medsl,1
2024,VT,Addison,0,22832,0,0,14879,6841,22832,medsl,1
2004,VT,Bennington,0,19065,0,0,11069,7616,19065,medsl,0
2008,VT,Bennington,0,19129,0,0,12524,6133,19129,medsl,0
2012,VT,Bennington,0,17593,0,0,11514,5687,17593,medsl,0
2016,VT,Bennington,0,17381,0,0,9539,5925,17381,medsl,0
2020,VT,Bennington,0,19357,0,0,11858,6724,19357,medsl,0
2024,VT,Bennington,0,20926,0,0,12326,7697,20926,medsl,0
2004,VT,Caledonia,0,14211,0,0,7106,6765,14211,medsl,0
2008,VT,Caledonia,0,14728,0,0,8900,5472,14728,medsl,0
2012,VT,Caledonia,0,13661,0,0,8192,5088,13661,medsl,0
2016,VT,Caledonia,0,14075,0,0,6445,5534,14075,medsl,0
2020,VT,Caledonia,0,15158,0,0,8529,5924,15158,medsl,0
2024,VT,Caledonia,0,16812,0,0,8977,6927,16812,medsl,0
2004,VT,Chittenden,0,77696,0,0,49369,26422,77696,medsl,1
2008,VT,Chittenden,0,83440,0,0,59611,22237,83440,medsl,1
2012,VT,Chittenden,0,77080,0,0,53626,21571,77080,medsl,1
2016,VT,Chittenden,0,83418,0,0,54814,18601,83418,medsl,1
2020,VT,Chittenden,0,96755,0,0,72938,20104,96755,medsl,1
2024,VT,Chittenden,0,98300,0,0,72656,20937,98300,medsl,1
2004,VT,Essex,0,2937,0,0,1276,1591,2937,medsl,1
2008,VT,Essex,0,3101,0,0,1733,1284,3101,medsl,1
2012,VT,Essex,0,2798,0,0,1539,1164,2798,medsl,1
2016,VT,Essex,0,2925,0,0,1019,1506,2925,medsl,1
2020,VT,Essex,0,4237,0,0,1890,2164,4237,medsl,1
2024,VT,Essex,0,3456,0,0,1344,1890,3456,medsl,1
2004,VT,Franklin,0,19920,0,0,10598,8936,19920,medsl,1
2008,VT,Franklin,0,21460,0,0,13179,7853,21460,medsl,1
2012,VT,Franklin,0,19888,0,0,12057,7405,19888,medsl,1
2016,VT,Franklin,0,21411,0,0,9351,8752,21411,medsl,1
2020,VT,Franklin,0,26072,0,0,13612,11274,26072,medsl,1
2024,VT,Franklin,0,26998,0,0,13280,12490,26998,medsl,1
2004,VT,Grand Isle,0,4077,0,0,2246,1754,4077,medsl,1
2008,VT,Grand Isle,0,4269,0,0,2694,1490,4269,medsl,1
2012,VT,Grand Isle,0,4075,0,0,2531,1471,4075,medsl,1
2016,VT,Grand Isle,0,4110,0,0,2094,1487,4110,medsl,1
2020,VT,Grand Isle,0,5782,0,0,3346,2194,5782,medsl,1
2024,VT,Grand Isle,0,5042,0,0,2940,1893,5042,medsl,1
2004,VT,Lamoille,0,12181,0,0,7636,4260,12181,medsl,1
2008,VT,Lamoille,0,12668,0,0,8914,3515,12668,medsl,1
2012,VT,Lamoille,0,11988,0,0,8371,3342,11988,medsl,1
2016,VT,Lamoille,0,12762,0,0,7241,3570,12762,medsl,1
2020,VT,Lamoille,0,15679,0,0,10773,4171,15679,medsl,1
2024,VT,Lamoille,0,15006,0,0,9788,4505,15006,medsl,1
2004,VT,Orange,0,14895,0,0,8159,6421,14895,medsl,0
2008,VT,Orange,0,15179,0,0,9799,5047,15179,medsl,0
2012,VT,Orange,0,14053,0,0,9076,4588,14053,medsl,0
2016,VT,Orange,0,14649,0,0,7541,5007,14649,medsl,0
2020,VT,Orange,0,14876,0,0,8351,5782,14876,medsl,0
2024,VT,Orange,0,17852,0,0,10220,6683,17852,medsl,0
2004,VT,Orleans,0,12242,0,0,6330,5666,12242,medsl,1
2008,VT,Orleans,0,12771,0,0,7998,4482,12771,medsl,1
2012,VT,Orleans,0,11692,0,0,7117,4306,11692,medsl,1
2016,VT,Orleans,0,12047,0,0,5185,5159,12047,medsl,1
2020,VT,Orleans,0,15442,0,0,7757,7086,15442,medsl,1
2024,VT,Orleans,0,14894,0,0,7006,7233,14894,medsl,1
2004,VT,Rutland,0,30975,0,0,15904,14440,30975,medsl,1
2008,VT,Rutland,0,31617,0,0,19355,11584,31617,medsl,1
2012,VT,Rutland,0,28609,0,0,17088,10835,28609,medsl,1
2016,VT,Rutland,0,29619,0,0,13635,12479,29619,medsl,1
2020,VT,Rutland,0,34772,0,0,18746,14625,34772,medsl,1
2024,VT,Rutland,0,34392,0,0,17375,15586,34392,medsl,1
2004,VT,Washington,0,31448,0,0,19177,11461,31448,medsl,1
2008,VT,Washington,0,32200,0,0,22324,9129,32200,medsl,1
2012,VT,Washington,0,29307,0,0,20351,8093,29307,medsl,1
2016,VT,Washington,0,31086,0,0,18594,7993,31086,medsl,1
2020,VT,Washington,0,35325,0,0,25101,8707,35325,medsl,1
2024,VT,Washington,0,35711,0,0,24527,9327,35711,medsl,1
2004,VT,Windham,0,23316,0,0,15489,7280,23316,medsl,1
2008,VT,Windham,0,24081,0,0,17585,5997,24081,medsl,1
2012,VT,Windham,0,21937,0,0,16026,5347,21937,medsl,1
2016,VT,Windham,0,22635,0,0,14340,5454,22635,medsl,1
2020,VT,Windham,0,28452,0,0,20057,7251,28452,medsl,1
2024,VT,Windham,0,26085,0,0,17904,6928,26085,medsl,1
2004,VT,Windsor,0,30767,0,0,18561,11491,30767,medsl,1
2008,VT,Windsor,0,31165,0,0,21444,9084,31165,medsl,1
2012,VT,Windsor,0,28699,0,0,19494,8598,28699,medsl,1
2016,VT,Windsor,0,29928,0,0,17556,8605,29928,medsl,1
2020,VT,Windsor,0,36308,0,0,24779,10135,36308,medsl,1
2024,VT,Windsor,0,34579,0,0,22569,10458,34579,medsl,1
2004,WA,Adams,0,5127,0,0,1315,3751,5127,medsl,1
2008,WA,Adams,0,4858,0,0,1552,3222,4858,medsl,1
2012,WA,Adams,0,4793,0,0,1540,3171,4793,medsl,1
2016,WA,Adams,0,4644,0,0,1299,3083,4644,medsl,1
2020,WA,Adams,0,5862,0,0,1814,3907,5862,medsl,1
2024,WA,Adams,0,5365,0,0,1455,3767,5365,medsl,1
2004,WA,Asotin,0,8786,0,0,3319,5320,8786,medsl,1
2008,WA,Asotin,0,9780,0,0,4139,5451,9780,medsl,1
2012,WA,Asotin,0,9901,0,0,4003,5654,9901,medsl,1
2016,WA,Asotin,0,9736,0,0,3134,5741,9736,medsl,1
2020,WA,Asotin,0,11951,0,0,4250,7319,11951,medsl,1
2024,WA,Asotin,0,11468,0,0,4082,7004,11468,medsl,1
2004,WA,Benton,0,66886,0,0,21549,44350,66886,medsl,1
2008,WA,Benton,0,72911,0,0,26288,45345,72911,medsl,1
2012,WA,Benton,0,79559,0,0,28145,49461,79559,medsl,1
2016,WA,Benton,0,80027,0,0,26360,47194,80027,medsl,1
2020,WA,Benton,0,103033,0,0,38706,60365,103033,medsl,1
2024,WA,Benton,0,100693,0,0,37662,59555,100693,medsl,1
2004,WA,Chelan,0,29396,0,0,10471,18482,29396,medsl,1
2008,WA,Chelan,0,31958,0,0,13781,17605,31958,medsl,1
2012,WA,Chelan,0,32250,0,0,13112,18402,32250,medsl,1
2016,WA,Chelan,0,33380,0,0,13032,18114,33380,medsl,1
2020,WA,Chelan,0,43306,0,0,19349,22746,43306,medsl,1
2024,WA,Chelan,0,42191,0,0,18397,22363,42191,medsl,1
2004,WA,Clallam,0,36766,0,0,17049,18871,36766,medsl,1
2008,WA,Clallam,0,38519,0,0,19470,18199,38519,medsl,1
2012,WA,Clallam,0,38066,0,0,18580,18437,38066,medsl,1
2016,WA,Clallam,0,39457,0,0,17677,18794,39457,medsl,1
2020,WA,Clallam,0,49264,0,0,24721,23062,49264,medsl,1
2024,WA,Clallam,0,48663,0,0,25440,21632,48663,medsl,1
2004,WA,Clark,0,170439,0,0,79538,88646,170439,medsl,0
2008,WA,Clark,0,182764,0,0,95356,84212,182764,medsl,0
2012,WA,Clark,0,190805,0,0,93382,92951,190805,medsl,0
2016,WA,Clark,0,200160,0,0,92757,92441,200160,medsl,0
2020,WA,Clark,0,275403,0,0,140324,126303,275403,medsl,0
2024,WA,Clark,0,276578,0,0,143206,123998,276578,medsl,0
2004,WA,Columbia,0,2107,0,0,605,1470,2107,medsl,1
2008,WA,Columbia,0,2228,0,0,686,1499,2228,medsl,1
2012,WA,Columbia,0,2259,0,0,645,1568,2259,medsl,1
2016,WA,Columbia,0,2182,0,0,526,1497,2182,medsl,1
2020,WA,Columbia,0,2495,0,0,668,1754,2495,medsl,1
2024,WA,Columbia,0,2485,0,0,661,1737,2485,medsl,1
2004,WA,Cowlitz,0,42473,0,0,21589,20217,42473,medsl,1
2008,WA,Cowlitz,0,45229,0,0,24597,19554,45229,medsl,1
2012,WA,Cowlitz,0,44620,0,0,22726,20746,44620,medsl,1
2016,WA,Cowlitz,0,45692,0,0,17908,24185,45692,medsl,1
2020,WA,Cowlitz,0,60280,0,0,23938,34424,60280,medsl,1
2024,WA,Cowlitz,0,59325,0,0,22825,34580,59325,medsl,1
2004,WA,Douglas,0,13372,0,0,4306,8900,13372,medsl,1
2008,WA,Douglas,0,15209,0,0,5848,9098,15209,medsl,1
2012,WA,Douglas,0,14942,0,0,5166,9425,14942,medsl,1
2016,WA,Douglas,0,15543,0,0,4918,9603,15543,medsl,1
2020,WA,Douglas,0,21308,0,0,7811,12955,21308,medsl,1
2024,WA,Douglas,0,21182,0,0,7410,13095,21182,medsl,1
2004,WA,Ferry,0,3341,0,0,1201,2019,3341,medsl,1
2008,WA,Ferry,0,3501,0,0,1467,1916,3501,medsl,1
2012,WA,Ferry,0,3440,0,0,1294,1995,3440,medsl,1
2016,WA,Ferry,0,3601,0,0,1098,2202,3601,medsl,1
2020,WA,Ferry,0,4367,0,0,1486,2771,4367,medsl,1
2024,WA,Ferry,0,4119,0,0,1315,2667,4119,medsl,1
2004,WA,Franklin,0,16159,0,0,5188,10757,16159,medsl,1
2008,WA,Franklin,0,19696,0,0,7361,12037,19696,medsl,1
2012,WA,Franklin,0,22643,0,0,8398,13748,22643,medsl,1
2016,WA,Franklin,0,23720,0,0,8886,13206,23720,medsl,1
2020,WA,Franklin,0,32404,0,0,13340,18039,32404,medsl,1
2024,WA,Franklin,0,31897,0,0,11884,19086,31897,medsl,1
2004,WA,Garfield,0,1320,0,0,365,935,1320,medsl,1
2008,WA,Garfield,0,1373,0,0,385,968,1373,medsl,1
2012,WA,Garfield,0,1278,0,0,336,913,1278,medsl,1
2016,WA,Garfield,0,1246,0,0,279,851,1246,medsl,1
2020,WA,Garfield,0,1489,0,0,366,1069,1489,medsl,1
2024,WA,Garfield,0,1352,0,0,330,973,1352,medsl,1
2004,WA,Grant,0,25995,0,0,7779,17799,25995,medsl,1
2008,WA,Grant,0,27438,0,0,9601,17153,27438,medsl,1
2012,WA,Grant,0,27558,0,0,8950,17852,27558,medsl,1
2016,WA,Grant,0,28346,0,0,7810,18518,28346,medsl,1
2020,WA,Grant,0,37680,0,0,11819,24764,37680,medsl,1
2024,WA,Grant,0,36253,0,0,10806,24326,36253,medsl,1
2004,WA,Grays Harbor,0,27953,0,0,14583,12871,27953,medsl,1
2008,WA,Grays Harbor,0,29184,0,0,16354,12104,29184,medsl,1
2012,WA,Grays Harbor,0,28684,0,0,15960,11914,28684,medsl,1
2016,WA,Grays Harbor,0,28367,0,0,12020,14067,28367,medsl,1
2020,WA,Grays Harbor,0,38441,0,0,17354,19877,38441,medsl,1
2024,WA,Grays Harbor,0,37793,0,0,17161,19432,37793,medsl,1
2004,WA,Island,0,38559,0,0,18216,19754,38559,medsl,1
2008,WA,Island,0,42159,0,0,22058,19426,42159,medsl,1
2012,WA,Island,0,42099,0,0,21478,19605,42099,medsl,1
2016,WA,Island,0,42876,0,0,20960,18465,42876,medsl,1
2020,WA,Island,0,53925,0,0,29213,22746,53925,medsl,1
2024,WA,Island,0,52449,0,0,29595,20967,52449,medsl,1
2004,WA,Jefferson,0,18616,0,0,11610,6650,18616,medsl,1
2008,WA,Jefferson,0,19991,0,0,13252,6330,19991,medsl,1
2012,WA,Jefferson,0,19829,0,0,12739,6405,19829,medsl,1
2016,WA,Jefferson,0,20276,0,0,12656,6037,20276,medsl,1
2020,WA,Jefferson,0,24792,0,0,17204,6931,24792,medsl,1
2024,WA,Jefferson,0,24698,0,0,17459,6324,24698,medsl,1
2004,WA,King,0,893534,0,0,580378,301043,893534,medsl,1
2008,WA,King,0,922032,0,0,648230,259716,922032,medsl,1
2012,WA,King,0,967154,0,0,668004,275700,967154,medsl,1
2016,WA,King,0,998499,0,0,718322,216339,998499,medsl,1
2020,WA,King,0,1210507,0,0,907310,269167,1210507,medsl,1
2024,WA,King,0,1130502,0,0,832606,252193,1130502,medsl,1
2004,WA,King County,1082406,899199,233254,665945,580378,301043,899199,manual,1
2008,WA,King County,1108128,930038,117500,804532,648230,259716,922032,manual,1
2012,WA,King County,1170638,978377,967154,0,668004,275700,967154,manual,1
2016,WA,King County,1288327,1054564,1054564,0,718322,216339,1041613,manual,1
2020,WA,King County,1429453,1220062,1220062,0,907310,269167,1210507,manual,1
2024,WA,King County,1430421,1142444,1140521,0,828255,252193,1142444,manual,1
2004,WA,Kitsap,0,118453,0,0,60796,55608,118453,medsl,1
2008,WA,Kitsap,0,124337,0,0,68624,53297,124337,medsl,1
2012,WA,Kitsap,0,123367,0,0,67277,52846,123367,medsl,1
2016,WA,Kitsap,0,124317,0,0,63156,49018,124317,medsl,1
2020,WA,Kitsap,0,158672,0,0,90277,61563,158672,medsl,1
2024,WA,Kitsap,0,156872,0,0,91731,59080,156872,medsl,1
2004,WA,Kittitas,0,16084,0,0,6731,9052,16084,medsl,1
2008,WA,Kittitas,0,17868,0,0,8030,9471,17868,medsl,1
2012,WA,Kittitas,0,18171,0,0,7949,9782,18171,medsl,1
2016,WA,Kittitas,0,18955,0,0,7489,10100,18955,medsl,1
2020,WA,Kittitas,0,26364,0,0,11421,14105,26364,medsl,1
2024,WA,Kittitas,0,26499,0,0,10810,14645,26499,medsl,1
2004,WA,Klickitat,0,9237,0,0,4036,5016,9237,medsl,1
2008,WA,Klickitat,0,10164,0,0,4965,4944,10164,medsl,1
2012,WA,Klickitat,0,10274,0,0,4598,5316,10274,medsl,1
2016,WA,Klickitat,0,10769,0,0,4194,5789,10769,medsl,1
2020,WA,Klickitat,0,13560,0,0,5959,7237,13560,medsl,1
2024,WA,Klickitat,0,13607,0,0,5917,7178,13607,medsl,1
2004,WA,Lewis,0,32428,0,0,10726,21042,32428,medsl,1
2008,WA,Lewis,0,34705,0,0,13624,20278,34705,medsl,1
2012,WA,Lewis,0,34044,0,0,12664,20452,34044,medsl,1
2016,WA,Lewis,0,34149,0,0,9654,21992,34149,medsl,1
2020,WA,Lewis,0,45309,0,0,14520,29391,45309,medsl,1
2024,WA,Lewis,0,45338,0,0,14433,29322,45338,medsl,1
2004,WA,Lincoln,0,5811,0,0,1706,4015,5811,medsl,1
2008,WA,Lincoln,0,5977,0,0,2032,3803,5977,medsl,1
2012,WA,Lincoln,0,5872,0,0,1673,4063,5872,medsl,1
2016,WA,Lincoln,0,5713,0,0,1244,4108,5713,medsl,1
2020,WA,Lincoln,0,7033,0,0,1713,5150,7033,medsl,1
2024,WA,Lincoln,0,7144,0,0,1678,5272,7144,medsl,1
2004,WA,Mason,0,25394,0,0,12894,11987,25394,medsl,1
2008,WA,Mason,0,28306,0,0,15050,12600,28306,medsl,1
2012,WA,Mason,0,28235,0,0,14764,12761,28235,medsl,1
2016,WA,Mason,0,28073,0,0,11993,13677,28073,medsl,1
2020,WA,Mason,0,37303,0,0,17269,18710,37303,medsl,1
2024,WA,Mason,0,36689,0,0,17215,18127,36689,medsl,1
2004,WA,Okanogan,0,16342,0,0,6309,9636,16342,medsl,1
2008,WA,Okanogan,0,16870,0,0,7613,8798,16870,medsl,1
2012,WA,Okanogan,0,16846,0,0,7108,9221,16846,medsl,1
2016,WA,Okanogan,0,17091,0,0,6298,9610,17091,medsl,1
2020,WA,Okanogan,0,21282,0,0,8900,11840,21282,medsl,1
2024,WA,Okanogan,0,20732,0,0,8466,11555,20732,medsl,1
2004,WA,Pacific,0,10431,0,0,5570,4634,10431,medsl,0
2008,WA,Pacific,0,10937,0,0,6094,4555,10937,medsl,0
2012,WA,Pacific,0,10524,0,0,5711,4499,10524,medsl,0
2016,WA,Pacific,0,10716,0,0,4620,5360,10716,medsl,0
2020,WA,Pacific,0,14064,0,0,6794,6953,14064,medsl,0
2024,WA,Pacific,0,14244,0,0,6825,7010,14244,medsl,0
2004,WA,Pend Oreille,0,6198,0,0,2310,3693,6198,medsl,1
2008,WA,Pend Oreille,0,6552,0,0,2562,3717,6552,medsl,1
2012,WA,Pend Oreille,0,6668,0,0,2508,3952,6668,medsl,1
2016,WA,Pend Oreille,0,6802,0,0,1934,4373,6802,medsl,1
2020,WA,Pend Oreille,0,8553,0,0,2593,5728,8553,medsl,1
2024,WA,Pend Oreille,0,8545,0,0,2461,5826,8545,medsl,1
2004,WA,Pierce,0,313331,0,0,158231,150783,313331,medsl,1
2008,WA,Pierce,0,329520,0,0,181824,141673,329520,medsl,1
2012,WA,Pierce,0,342910,0,0,186430,148467,342910,medsl,1
2016,WA,Pierce,0,348485,0,0,172538,146824,348485,medsl,1
2020,WA,Pierce,0,464081,0,0,249506,197730,464081,medsl,1
2024,WA,Pierce,0,439581,0,0,235169,188194,439581,medsl,1
2004,WA,San Juan,0,10088,0,0,6589,3290,10088,medsl,1
2008,WA,San Juan,0,10531,0,0,7374,2958,10531,medsl,1
2012,WA,San Juan,0,10594,0,0,7125,3111,10594,medsl,1
2016,WA,San Juan,0,10774,0,0,7172,2688,10774,medsl,1
2020,WA,San Juan,0,13197,0,0,9725,3057,13197,medsl,1
2024,WA,San Juan,0,13006,0,0,9539,2890,13006,medsl,1
2004,WA,Skagit,0,52230,0,0,25131,26139,52230,medsl,1
2008,WA,Skagit,0,55886,0,0,30053,24687,55886,medsl,1
2012,WA,Skagit,0,55269,0,0,28688,25071,55269,medsl,1
2016,WA,Skagit,0,55968,0,0,26690,24736,55968,medsl,1
2020,WA,Skagit,0,73423,0,0,38252,32762,73423,medsl,1
2024,WA,Skagit,0,70256,0,0,36956,30765,70256,medsl,1
2004,WA,Skamania,0,5159,0,0,2374,2695,5159,medsl,1
2008,WA,Skamania,0,5490,0,0,2817,2524,5490,medsl,1
2012,WA,Skamania,0,5466,0,0,2628,2687,5466,medsl,1
2016,WA,Skamania,0,5639,0,0,2232,2928,5639,medsl,1
2020,WA,Skamania,0,7312,0,0,3192,3885,7312,medsl,1
2024,WA,Skamania,0,7355,0,0,3147,3961,7355,medsl,1
2004,WA,Snohomish,0,294997,0,0,156468,134317,294997,medsl,1
2008,WA,Snohomish,0,320333,0,0,187294,126722,320333,medsl,1
2012,WA,Snohomish,0,329817,0,0,188516,133016,329817,medsl,1
2016,WA,Snohomish,0,342173,0,0,185227,128255,342173,medsl,1
2020,WA,Snohomish,0,438796,0,0,256728,166428,438796,medsl,1
2024,WA,Snohomish,0,418221,0,0,240099,161371,418221,medsl,1
2004,WA,Spokane,0,202587,0,0,87490,111606,202587,medsl,1
2008,WA,Spokane,0,219511,0,0,105786,108314,219511,medsl,1
2012,WA,Spokane,0,223830,0,0,102295,115285,223830,medsl,1
2016,WA,Spokane,0,227246,0,0,93767,113435,227246,medsl,1
2020,WA,Spokane,0,295430,0,0,135765,148576,295430,medsl,1
2024,WA,Spokane,0,287082,0,0,131163,145338,287082,medsl,1
2004,WA,Stevens,0,20340,0,0,6822,13015,20340,medsl,1
2008,WA,Stevens,0,22341,0,0,8499,13132,22341,medsl,1
2012,WA,Stevens,0,22161,0,0,7762,13691,22161,medsl,1
2016,WA,Stevens,0,22677,0,0,5767,15161,22677,medsl,1
2020,WA,Stevens,0,28430,0,0,7839,19808,28430,medsl,1
2024,WA,Stevens,0,28246,0,0,7492,19895,28246,medsl,1
2004,WA,Thurston,0,112789,0,0,62650,47992,112789,medsl,1
2008,WA,Thurston,0,126709,0,0,75882,48366,126709,medsl,1
2012,WA,Thurston,0,127063,0,0,74037,49287,127063,medsl,1
2016,WA,Thurston,0,129410,0,0,68798,48624,129410,medsl,1
2020,WA,Thurston,0,168134,0,0,96608,65277,168134,medsl,1
2024,WA,Thurston,0,164537,0,0,95663,62282,164537,medsl,1
2004,WA,Wahkiakum,0,2235,0,0,1021,1171,2235,medsl,0
2008,WA,Wahkiakum,0,2294,0,0,1121,1105,2294,medsl,0
2012,WA,Wahkiakum,0,2294,0,0,1094,1119,2294,medsl,0
2016,WA,Wahkiakum,0,2358,0,0,832,1344,2358,medsl,0
2020,WA,Wahkiakum,0,2981,0,0,1165,1741,2981,medsl,0
2024,WA,Wahkiakum,0,3062,0,0,1204,1757,3062,medsl,0
2004,WA,Walla Walla,0,22925,0,0,8257,14323,22925,medsl,1
2008,WA,Walla Walla,0,24727,0,0,10081,14182,24727,medsl,1
2012,WA,Walla Walla,0,25108,0,0,9768,14648,25108,medsl,1
2016,WA,Walla Walla,0,25419,0,0,9694,13651,25419,medsl,1
2020,WA,Walla Walla,0,31261,0,0,13690,16400,31261,medsl,1
2024,WA,Walla Walla,0,29568,0,0,13106,15476,29568,medsl,1
2004,WA,Whatcom,0,90394,0,0,48268,40296,90394,medsl,1
2008,WA,Whatcom,0,100339,0,0,58236,40205,100339,medsl,1
2012,WA,Whatcom,0,103029,0,0,57089,42703,103029,medsl,1
2016,WA,Whatcom,0,109673,0,0,60340,40599,109673,medsl,1
2020,WA,Whatcom,0,138620,0,0,83660,50489,138620,medsl,1
2024,WA,Whatcom,0,137868,0,0,83295,49213,137868,medsl,1
2004,WA,Whitman,0,18012,0,0,8287,9397,18012,medsl,1
2008,WA,Whitman,0,17589,0,0,9070,8104,17589,medsl,1
2012,WA,Whitman,0,17121,0,0,8037,8507,17121,medsl,1
2016,WA,Whitman,0,17305,0,0,8146,7403,17305,medsl,1
2020,WA,Whitman,0,21126,0,0,11184,9067,21126,medsl,1
2024,WA,Whitman,0,20027,0,0,10480,8699,20027,medsl,1
2004,WA,Yakima,0,72790,0,0,28474,43352,72790,medsl,1
2008,WA,Yakima,0,77062,0,0,33792,41946,77062,medsl,1
2012,WA,Yakima,0,76973,0,0,33217,42239,76973,medsl,1
2016,WA,Yakima,0,77750,0,0,31291,41735,77750,medsl,1
2020,WA,Yakima,0,96193,0,0,43179,50555,96193,medsl,1
2024,WA,Yakima,0,88751,0,0,36706,49368,88751,medsl,1
2004,WI,Adams,0,10456,0,0,5447,4890,10456,medsl,0
2008,WI,Adams,0,9986,0,0,5806,3974,9986,medsl,0
2012,WI,Adams,0,10287,0,0,5542,4644,10287,medsl,0
2016,WI,Adams,0,10164,0,0,3770,5983,10164,medsl,0
2020,WI,Adams,0,11818,0,0,4329,7362,11818,medsl,0
2024,WI,Adams,0,12882,0,0,4443,7763,12882,medsl,0
2004,WI,Ashland,0,9199,0,0,5805,3313,9199,medsl,1
2008,WI,Ashland,0,8574,0,0,5818,2634,8574,medsl,1
2012,WI,Ashland,0,8372,0,0,5399,2820,8372,medsl,1
2016,WI,Ashland,0,8029,0,0,4228,3302,8029,medsl,1
2020,WI,Ashland,0,8757,0,0,4801,3841,8757,medsl,1
2024,WI,Ashland,0,8955,0,0,4612,4191,8955,medsl,1
2004,WI,Barron,0,23937,0,0,11696,12030,23937,medsl,1
2008,WI,Barron,0,22886,0,0,12078,10457,22886,medsl,1
2012,WI,Barron,0,22692,0,0,10890,11443,22692,medsl,1
2016,WI,Barron,0,22643,0,0,7879,13606,22643,medsl,1
2020,WI,Barron,0,25346,0,0,9194,15803,25346,medsl,1
2024,WI,Barron,0,26809,0,0,8941,16726,26809,medsl,1
2004,WI,Bayfield,0,9699,0,0,5845,3754,9699,medsl,1
2008,WI,Bayfield,0,9468,0,0,5972,3365,9468,medsl,1
2012,WI,Bayfield,0,9788,0,0,6033,3603,9788,medsl,1
2016,WI,Bayfield,0,9529,0,0,4954,4125,9529,medsl,1
2020,WI,Bayfield,0,10880,0,0,6147,4617,10880,medsl,1
2024,WI,Bayfield,0,11240,0,0,6107,4860,11240,medsl,1
2004,WI,Brown,0,123294,0,0,54935,67173,123294,medsl,0
2008,WI,Brown,0,124754,0,0,67269,55854,124754,medsl,0
2012,WI,Brown,0,128928,0,0,62526,64836,128928,medsl,0
2016,WI,Brown,0,128979,0,0,53364,67199,128979,medsl,0
2020,WI,Brown,0,144017,0,0,65511,75871,144017,medsl,0
2024,WI,Brown,0,149333,0,0,67937,79132,149333,medsl,0
2004,WI,Buffalo,0,7591,0,0,3998,3502,7591,medsl,1
2008,WI,Buffalo,0,7000,0,0,3949,2923,7000,medsl,1
2012,WI,Buffalo,0,7039,0,0,3570,3364,7039,medsl,1
2016,WI,Buffalo,0,6988,0,0,2531,4049,6988,medsl,1
2020,WI,Buffalo,0,7816,0,0,2860,4834,7816,medsl,1
2024,WI,Buffalo,0,8100,0,0,2765,5213,8100,medsl,1
2004,WI,Burnett,0,9321,0,0,4499,4743,9321,medsl,0
2008,WI,Burnett,0,8688,0,0,4337,4200,8688,medsl,0
2012,WI,Burnett,0,8677,0,0,3986,4550,8677,medsl,0
2016,WI,Burnett,0,8743,0,0,2948,5412,8743,medsl,0
2020,WI,Burnett,0,10141,0,0,3569,6462,10141,medsl,0
2024,WI,Burnett,0,10810,0,0,3665,7008,10810,medsl,0
2004,WI,Calumet,0,25276,0,0,10290,14721,25276,medsl,0
2008,WI,Calumet,0,26474,0,0,13295,12722,26474,medsl,0
2012,WI,Calumet,0,26420,0,0,11489,14539,26420,medsl,0
2016,WI,Calumet,0,26650,0,0,9646,15348,26650,medsl,0
2020,WI,Calumet,0,30774,0,0,12116,18156,30774,medsl,0
2024,WI,Calumet,0,32916,0,0,12927,19488,32916,medsl,0
2004,WI,Chippewa,0,30524,0,0,14751,15450,30524,medsl,0
2008,WI,Chippewa,0,30231,0,0,16239,13492,30231,medsl,0
2012,WI,Chippewa,0,30932,0,0,15237,15322,30932,medsl,0
2016,WI,Chippewa,0,31561,0,0,11886,17909,31561,medsl,0
2020,WI,Chippewa,0,35938,0,0,13983,21317,35938,medsl,0
2024,WI,Chippewa,0,38471,0,0,14573,23399,38471,medsl,0
2004,WI,Clark,0,15125,0,0,6966,7966,15125,medsl,1
2008,WI,Clark,0,14187,0,0,7454,6383,14187,medsl,1
2012,WI,Clark,0,13801,0,0,6172,7412,13801,medsl,1
2016,WI,Clark,0,13596,0,0,4227,8646,13596,medsl,1
2020,WI,Clark,0,14898,0,0,4524,10002,14898,medsl,1
2024,WI,Clark,0,15340,0,0,4509,10481,15340,medsl,1
2004,WI,Columbia,0,29555,0,0,14300,14956,29555,medsl,1
2008,WI,Columbia,0,29272,0,0,16661,12193,29272,medsl,1
2012,WI,Columbia,0,30546,0,0,17175,13026,30546,medsl,1
2016,WI,Columbia,0,29771,0,0,13526,14160,29771,medsl,1
2020,WI,Columbia,0,33869,0,0,16410,16927,33869,medsl,1
2024,WI,Columbia,0,34914,0,0,16388,17988,34914,medsl,1
2004,WI,Crawford,0,8459,0,0,4656,3680,8459,medsl,1
2008,WI,Crawford,0,7981,0,0,4987,2830,7981,medsl,1
2012,WI,Crawford,0,7817,0,0,4629,3067,7817,medsl,1
2016,WI,Crawford,0,7744,0,0,3425,3844,7744,medsl,1
2020,WI,Crawford,0,8695,0,0,3953,4620,8695,medsl,1
2024,WI,Crawford,0,9105,0,0,3860,5113,9105,medsl,1
2004,WI,Dane,0,274249,0,0,181052,90369,274249,medsl,0
2008,WI,Dane,0,282939,0,0,205984,73065,282939,medsl,0
2012,WI,Dane,0,304181,0,0,216071,83644,304181,medsl,0
2016,WI,Dane,0,310017,0,0,217526,71279,310017,medsl,0
2020,WI,Dane,0,344791,0,0,260185,78800,344791,medsl,0
2024,WI,Dane,0,365929,0,0,273995,85454,365929,medsl,0
2004,WI,Dodge,0,44336,0,0,16690,27201,44336,medsl,0
2008,WI,Dodge,0,42823,0,0,19183,23015,42823,medsl,0
2012,WI,Dodge,0,44488,0,0,18762,25211,44488,medsl,0
2016,WI,Dodge,0,43065,0,0,13968,26643,43065,medsl,0
2020,WI,Dodge,0,48436,0,0,16356,31355,48436,medsl,0
2024,WI,Dodge,0,50300,0,0,16518,33067,50300,medsl,0
2004,WI,Door,0,17491,0,0,8367,8910,17491,medsl,0
2008,WI,Door,0,17481,0,0,10142,7112,17481,medsl,0
2012,WI,Door,0,17671,0,0,9357,8121,17671,medsl,0
2016,WI,Door,0,17608,0,0,8026,8584,17608,medsl,0
2020,WI,Door,0,20117,0,0,10044,9752,20117,medsl,0
2024,WI,Door,0,20944,0,0,10565,10099,20944,medsl,0
2004,WI,Douglas,0,25187,0,0,16537,8448,25187,medsl,1
2008,WI,Douglas,0,24066,0,0,15830,7835,24066,medsl,1
2012,WI,Douglas,0,22894,0,0,14863,7705,22894,medsl,1
2016,WI,Douglas,0,22511,0,0,11345,9659,22511,medsl,1
2020,WI,Douglas,0,24677,0,0,13218,10923,24677,medsl,1
2024,WI,Douglas,0,25234,0,0,13073,11732,25234,medsl,1
2004,WI,Dunn,0,23172,0,0,12039,10879,23172,medsl,0
2008,WI,Dunn,0,22989,0,0,13002,9566,22989,medsl,0
2012,WI,Dunn,0,21992,0,0,11316,10224,21992,medsl,0
2016,WI,Dunn,0,22091,0,0,9026,11488,22091,medsl,0
2020,WI,Dunn,0,23524,0,0,9897,13173,23524,medsl,0
2024,WI,Dunn,0,25678,0,0,10643,14726,25678,medsl,0
2004,WI,Eau Claire,0,55437,0,0,30068,24653,55437,medsl,0
2008,WI,Eau Claire,0,55010,0,0,33146,20959,55010,medsl,0
2012,WI,Eau Claire,0,54806,0,0,30666,23256,54806,medsl,0
2016,WI,Eau Claire,0,54885,0,0,27294,23311,54885,medsl,0
2020,WI,Eau Claire,0,58275,0,0,31620,25341,58275,medsl,0
2024,WI,Eau Claire,0,63177,0,0,34400,27728,63177,medsl,0
2004,WI,Florence,0,2724,0,0,993,1703,2724,medsl,0
2008,WI,Florence,0,2685,0,0,1134,1512,2685,medsl,0
2012,WI,Florence,0,2625,0,0,953,1645,2625,medsl,0
2016,WI,Florence,0,2657,0,0,666,1897,2657,medsl,0
2020,WI,Florence,0,2940,0,0,781,2133,2940,medsl,0
2024,WI,Florence,0,3158,0,0,783,2356,3158,medsl,0
2004,WI,Fond Du Lac,0,53036,0,0,19216,33291,53036,medsl,1
2008,WI,Fond Du Lac,0,52323,0,0,23463,28164,52323,medsl,1
2012,WI,Fond Du Lac,0,53402,0,0,22379,30355,53402,medsl,1
2016,WI,Fond Du Lac,0,51327,0,0,17391,31044,51327,medsl,1
2020,WI,Fond Du Lac,0,57251,0,0,20588,35754,57251,medsl,1
2024,WI,Fond Du Lac,0,58527,0,0,20495,37272,58527,medsl,1
2004,WI,Forest,0,5153,0,0,2509,2608,5153,medsl,1
2008,WI,Forest,0,4683,0,0,2673,1963,4683,medsl,1
2012,WI,Forest,0,4648,0,0,2425,2172,4648,medsl,1
2016,WI,Forest,0,4540,0,0,1584,2788,4540,medsl,1
2020,WI,Forest,0,5053,0,0,1721,3285,5053,medsl,1
2024,WI,Forest,0,5097,0,0,1681,3382,5097,medsl,1
2004,WI,Grant,0,25264,0,0,12864,12208,25264,medsl,1
2008,WI,Grant,0,24320,0,0,14875,9068,24320,medsl,1
2012,WI,Grant,0,24248,0,0,13594,10255,24248,medsl,1
2016,WI,Grant,0,24321,0,0,10046,12349,24321,medsl,1
2020,WI,Grant,0,25608,0,0,10998,14142,25608,medsl,1
2024,WI,Grant,0,27306,0,0,10966,15922,27306,medsl,1
2004,WI,Green,0,18248,0,0,9575,8497,18248,medsl,0
2008,WI,Green,0,18534,0,0,11502,6730,18534,medsl,0
2012,WI,Green,0,19322,0,0,11206,7857,19322,medsl,0
2016,WI,Green,0,18985,0,0,9122,8693,18985,medsl,0
2020,WI,Green,0,21406,0,0,10851,10169,21406,medsl,0
2024,WI,Green,0,22076,0,0,10903,10843,22076,medsl,0
2004,WI,Green Lake,0,10178,0,0,3605,6472,10178,medsl,0
2008,WI,Green Lake,0,9536,0,0,4000,5393,9536,medsl,0
2012,WI,Green Lake,0,9675,0,0,3793,5782,9675,medsl,0
2016,WI,Green Lake,0,9388,0,0,2701,6213,9388,medsl,0
2020,WI,Green Lake,0,10671,0,0,3344,7168,10671,medsl,0
2024,WI,Green Lake,0,11052,0,0,3449,7458,11052,medsl,0
2004,WI,Iowa,0,12542,0,0,7122,5348,12542,medsl,1
2008,WI,Iowa,0,11969,0,0,7987,3829,11969,medsl,1
2012,WI,Iowa,0,12534,0,0,8105,4287,12534,medsl,1
2016,WI,Iowa,0,12260,0,0,6669,4809,12260,medsl,1
2020,WI,Iowa,0,13992,0,0,7828,5909,13992,medsl,1
2024,WI,Iowa,0,14677,0,0,7750,6631,14677,medsl,1
2004,WI,Iron,0,3879,0,0,1956,1884,3879,medsl,1
2008,WI,Iron,0,3432,0,0,1914,1464,3432,medsl,1
2012,WI,Iron,0,3632,0,0,1784,1790,3632,medsl,1
2016,WI,Iron,0,3497,0,0,1273,2090,3497,medsl,1
2020,WI,Iron,0,4010,0,0,1533,2438,4010,medsl,1
2024,WI,Iron,0,4084,0,0,1487,2557,4084,medsl,1
2004,WI,Jackson,0,9726,0,0,5249,4387,9726,medsl,1
2008,WI,Jackson,0,9251,0,0,5572,3552,9251,medsl,1
2012,WI,Jackson,0,9313,0,0,5298,3900,9313,medsl,1
2016,WI,Jackson,0,9272,0,0,3821,4907,9272,medsl,1
2020,WI,Jackson,0,10184,0,0,4256,5791,10184,medsl,1
2024,WI,Jackson,0,10502,0,0,4157,6204,10502,medsl,1
2004,WI,Jefferson,0,42115,0,0,17925,23776,42115,medsl,0
2008,WI,Jefferson,0,43166,0,0,21448,21096,43166,medsl,0
2012,WI,Jefferson,0,44281,0,0,20158,23517,44281,medsl,0
2016,WI,Jefferson,0,43146,0,0,16561,23410,43146,medsl,0
2020,WI,Jefferson,0,47979,0,0,19904,27208,47979,medsl,0
2024,WI,Jefferson,0,50146,0,0,20574,28771,50146,medsl,0
2004,WI,Juneau,0,12379,0,0,5734,6473,12379,medsl,0
2008,WI,Juneau,0,11530,0,0,6186,5148,11530,medsl,0
2012,WI,Juneau,0,11827,0,0,6242,5411,11827,medsl,0
2016,WI,Juneau,0,11732,0,0,4073,7123,11732,medsl,0
2020,WI,Juneau,0,13709,0,0,4746,8749,13709,medsl,0
2024,WI,Juneau,0,14553,0,0,4854,9525,14553,medsl,0
2004,WI,Kenosha,0,76428,0,0,40107,35587,76428,medsl,1
2008,WI,Kenosha,0,78789,0,0,45836,31609,78789,medsl,1
2012,WI,Kenosha,0,80897,0,0,44867,34977,80897,medsl,1
2016,WI,Kenosha,0,77076,0,0,35771,36025,77076,medsl,1
2020,WI,Kenosha,0,88738,0,0,42193,44972,88738,medsl,1
2024,WI,Kenosha,0,90680,0,0,41826,47478,90680,medsl,1
2004,WI,Kewaunee,0,11273,0,0,5175,5970,11273,medsl,0
2008,WI,Kewaunee,0,10787,0,0,5902,4711,10787,medsl,0
2012,WI,Kewaunee,0,11037,0,0,5153,5747,11037,medsl,0
2016,WI,Kewaunee,0,10758,0,0,3623,6616,10758,medsl,0
2020,WI,Kewaunee,0,12095,0,0,3976,7927,12095,medsl,0
2024,WI,Kewaunee,0,12484,0,0,4059,8267,12484,medsl,0
2004,WI,La Crosse,0,62136,0,0,33170,28289,62136,medsl,0
2008,WI,La Crosse,0,63218,0,0,38524,23701,63218,medsl,0
2012,WI,La Crosse,0,63462,0,0,36693,25751,63462,medsl,0
2016,WI,La Crosse,0,62968,0,0,32406,26389,62968,medsl,0
2020,WI,La Crosse,0,67884,0,0,37846,28684,67884,medsl,0
2024,WI,La Crosse,0,72261,0,0,39008,32247,72261,medsl,0
2004,WI,Lafayette,0,8388,0,0,4402,3929,8388,medsl,1
2008,WI,Lafayette,0,7831,0,0,4732,2984,7831,medsl,1
2012,WI,Lafayette,0,7952,0,0,4536,3314,7952,medsl,1
2016,WI,Lafayette,0,7662,0,0,3288,3977,7662,medsl,1
2020,WI,Lafayette,0,8555,0,0,3647,4821,8555,medsl,1
2024,WI,Lafayette,0,8832,0,0,3469,5256,8832,medsl,1
2004,WI,Langlade,0,11074,0,0,4751,6235,11074,medsl,0
2008,WI,Langlade,0,10402,0,0,5182,5081,10402,medsl,0
2012,WI,Langlade,0,10519,0,0,4573,5816,10519,medsl,0
2016,WI,Langlade,0,10132,0,0,3260,6436,10132,medsl,0
2020,WI,Langlade,0,11165,0,0,3704,7330,11165,medsl,0
2024,WI,Langlade,0,11664,0,0,3746,7782,11664,medsl,0
2004,WI,Lincoln,0,15700,0,0,7484,8024,15700,medsl,0
2008,WI,Lincoln,0,15268,0,0,8424,6519,15268,medsl,0
2012,WI,Lincoln,0,15216,0,0,7563,7455,15216,medsl,0
2016,WI,Lincoln,0,14706,0,0,5370,8400,14706,medsl,0
2020,WI,Lincoln,0,16497,0,0,6261,10017,16497,medsl,0
2024,WI,Lincoln,0,17209,0,0,6306,10633,17209,medsl,0
2004,WI,Manitowoc,0,44160,0,0,20652,23027,44160,medsl,0
2008,WI,Manitowoc,0,42414,0,0,22428,19234,42414,medsl,0
2012,WI,Manitowoc,0,42617,0,0,20403,21604,42617,medsl,0
2016,WI,Manitowoc,0,40346,0,0,14506,23193,40346,medsl,0
2020,WI,Manitowoc,0,44829,0,0,16818,27218,44829,medsl,0
2024,WI,Manitowoc,0,46316,0,0,17399,28200,46316,medsl,0
2004,WI,Marathon,0,68059,0,0,30899,36394,68059,medsl,0
2008,WI,Marathon,0,67940,0,0,36367,30345,67940,medsl,0
2012,WI,Marathon,0,69862,0,0,32363,36617,69862,medsl,0
2016,WI,Marathon,0,69515,0,0,26477,39013,69515,medsl,0
2020,WI,Marathon,0,76751,0,0,30808,44624,76751,medsl,0
2024,WI,Marathon,0,78826,0,0,31529,46213,78826,medsl,0
2004,WI,Marinette,0,22270,0,0,10190,11866,22270,medsl,0
2008,WI,Marinette,0,21255,0,0,11195,9726,21255,medsl,0
2012,WI,Marinette,0,20777,0,0,9882,10619,20777,medsl,0
2016,WI,Marinette,0,20046,0,0,6243,12995,20046,medsl,0
2020,WI,Marinette,0,22979,0,0,7366,15304,22979,medsl,0
2024,WI,Marinette,0,24415,0,0,7415,16670,24415,medsl,0
2004,WI,Marquette,0,8477,0,0,3785,4604,8477,medsl,0
2008,WI,Marquette,0,7846,0,0,4068,3654,7846,medsl,0
2012,WI,Marquette,0,8105,0,0,4014,3992,8105,medsl,0
2016,WI,Marquette,0,7893,0,0,2809,4714,7893,medsl,0
2020,WI,Marquette,0,9065,0,0,3239,5719,9065,medsl,0
2024,WI,Marquette,0,9427,0,0,3252,6041,9427,medsl,0
2004,WI,Menominee,0,1710,0,0,1412,288,1710,medsl,1
2008,WI,Menominee,0,1448,0,0,1257,185,1448,medsl,1
2012,WI,Menominee,0,1377,0,0,1191,179,1377,medsl,1
2016,WI,Menominee,0,1279,0,0,1003,269,1279,medsl,1
2020,WI,Menominee,0,1590,0,0,1303,278,1590,medsl,1
2024,WI,Menominee,0,1572,0,0,1266,296,1572,medsl,1
2004,WI,Milwaukee,0,482236,0,0,297653,180287,482236,medsl,1
2008,WI,Milwaukee,0,475192,0,0,319819,149445,475192,medsl,1
2012,WI,Milwaukee,0,492576,0,0,332438,154924,492576,medsl,1
2016,WI,Milwaukee,0,440247,0,0,288797,125846,440247,medsl,1
2020,WI,Milwaukee,0,458971,0,0,317270,134357,458971,medsl,1
2024,WI,Milwaukee,0,464107,0,0,316292,138022,464107,medsl,1
2004,WI,Milwaukee County,561048,482236,333973,148263,297653,180287,482236,manual,1
2008,WI,Milwaukee County,617143,475192,323825,151367,319819,149445,475192,manual,1
2012,WI,Milwaukee County,415773,492576,338924,153106,332438,154924,492576,manual,1
2016,WI,Milwaukee County,556690,441053,304261,128792,288822,126069,441053,manual,1
2020,WI,Milwaukee County,550132,459723,317527,134482,317527,134482,459723,manual,1
2024,WI,Milwaukee County,523802,464147,316292,138022,316292,138022,464147,manual,1
2004,WI,Monroe,0,19554,0,0,8973,10375,19554,medsl,0
2008,WI,Monroe,0,19152,0,0,10198,8666,19152,medsl,0
2012,WI,Monroe,0,19485,0,0,9515,9675,19485,medsl,0
2016,WI,Monroe,0,19670,0,0,7048,11352,19670,medsl,0
2020,WI,Monroe,0,22611,0,0,8433,13775,22611,medsl,0
2024,WI,Monroe,0,23369,0,0,8476,14563,23369,medsl,0
2004,WI,Oconto,0,19794,0,0,8534,11043,19794,medsl,0
2008,WI,Oconto,0,18968,0,0,9927,8755,18968,medsl,0
2012,WI,Oconto,0,19859,0,0,8865,10741,19859,medsl,0
2016,WI,Oconto,0,19978,0,0,5884,13253,19978,medsl,0
2020,WI,Oconto,0,23215,0,0,6715,16226,23215,medsl,0
2024,WI,Oconto,0,24912,0,0,6967,17675,24912,medsl,0
2004,WI,Oneida,0,22039,0,0,10464,11351,22039,medsl,1
2008,WI,Oneida,0,21927,0,0,11907,9630,21927,medsl,1
2012,WI,Oneida,0,21652,0,0,10452,10917,21652,medsl,1
2016,WI,Oneida,0,21473,0,0,8104,12117,21473,medsl,1
2020,WI,Oneida,0,24159,0,0,10105,13671,24159,medsl,1
2024,WI,Oneida,0,24895,0,0,10080,14455,24895,medsl,1
2004,WI,Outagamie,0,90050,0,0,40169,48903,90050,medsl,0
2008,WI,Outagamie,0,91563,0,0,50294,39677,91563,medsl,0
2012,WI,Outagamie,0,94596,0,0,45659,47372,94596,medsl,0
2016,WI,Outagamie,0,93868,0,0,38087,49884,93868,medsl,0
2020,WI,Outagamie,0,108022,0,0,47667,58385,108022,medsl,0
2024,WI,Outagamie,0,111932,0,0,49438,60827,111932,medsl,0
2004,WI,Ozaukee,0,53032,0,0,17714,34904,53032,medsl,0
2008,WI,Ozaukee,0,53365,0,0,20579,32172,53365,medsl,0
2012,WI,Ozaukee,0,55817,0,0,19159,36077,55817,medsl,0
2016,WI,Ozaukee,0,54523,0,0,20168,30430,54523,medsl,0
2020,WI,Ozaukee,0,61486,0,0,26517,33912,61486,medsl,0
2024,WI,Ozaukee,0,63472,0,0,27874,34504,63472,medsl,0
2004,WI,Pepin,0,4066,0,0,2181,1853,4066,medsl,0
2008,WI,Pepin,0,3771,0,0,2102,1616,3771,medsl,0
2012,WI,Pepin,0,3699,0,0,1876,1794,3699,medsl,0
2016,WI,Pepin,0,3739,0,0,1345,2206,3739,medsl,0
2020,WI,Pepin,0,4144,0,0,1489,2584,4144,medsl,0
2024,WI,Pepin,0,4354,0,0,1523,2798,4354,medsl,0
2004,WI,Pierce,0,21876,0,0,11176,10437,21876,medsl,0
2008,WI,Pierce,0,22107,0,0,11803,9812,22107,medsl,0
2012,WI,Pierce,0,21020,0,0,10235,10397,21020,medsl,0
2016,WI,Pierce,0,21189,0,0,8382,11258,21189,medsl,0
2020,WI,Pierce,0,23317,0,0,9796,12815,23317,medsl,0
2024,WI,Pierce,0,25392,0,0,10171,14417,25392,medsl,0
2004,WI,Polk,0,23503,0,0,11173,12095,23503,medsl,0
2008,WI,Polk,0,22643,0,0,10876,11282,22643,medsl,0
2012,WI,Polk,0,22573,0,0,10073,12094,22573,medsl,0
2016,WI,Polk,0,22749,0,0,7570,13815,22749,medsl,0
2020,WI,Polk,0,26371,0,0,9370,16611,26371,medsl,0
2024,WI,Polk,0,28222,0,0,9567,18296,28222,medsl,0
2004,WI,Portage,0,38961,0,0,21861,16546,38961,medsl,0
2008,WI,Portage,0,39422,0,0,24817,13810,39422,medsl,0
2012,WI,Portage,0,39337,0,0,22075,16615,39337,medsl,0
2016,WI,Portage,0,38496,0,0,18521,17306,38496,medsl,0
2020,WI,Portage,0,40603,0,0,20428,19299,40603,medsl,0
2024,WI,Portage,0,43258,0,0,21503,20987,43258,medsl,0
2004,WI,Price,0,8763,0,0,4349,4312,8763,medsl,1
2008,WI,Price,0,8194,0,0,4559,3461,8194,medsl,1
2012,WI,Price,0,7901,0,0,3887,3884,7901,medsl,1
2016,WI,Price,0,7577,0,0,2669,4562,7577,medsl,1
2020,WI,Price,0,8546,0,0,3032,5394,8546,medsl,1
2024,WI,Price,0,8856,0,0,3005,5763,8856,medsl,1
2004,WI,Racine,0,101569,0,0,48229,52456,101569,medsl,1
2008,WI,Racine,0,100642,0,0,53408,45954,100642,medsl,1
2012,WI,Racine,0,103364,0,0,53008,49347,103364,medsl,1
2016,WI,Racine,0,94133,0,0,42512,46611,94133,medsl,1
2020,WI,Racine,0,106451,0,0,50159,54479,106451,medsl,1
2024,WI,Racine,0,107686,0,0,49721,56347,107686,medsl,1
2004,WI,Richland,0,9420,0,0,4501,4836,9420,medsl,1
2008,WI,Richland,0,8450,0,0,5041,3298,8450,medsl,1
2012,WI,Richland,0,8655,0,0,4969,3573,8655,medsl,1
2016,WI,Richland,0,8055,0,0,3577,4023,8055,medsl,1
2020,WI,Richland,0,9014,0,0,3995,4871,9014,medsl,1
2024,WI,Richland,0,9323,0,0,3985,5207,9323,medsl,1
2004,WI,Rock,0,80479,0,0,46598,33151,80479,medsl,1
2008,WI,Rock,0,79169,0,0,50529,27364,79169,medsl,1
2012,WI,Rock,0,80690,0,0,49219,30517,80690,medsl,1
2016,WI,Rock,0,76068,0,0,39343,31488,76068,medsl,1
2020,WI,Rock,0,85360,0,0,46658,37138,85360,medsl,1
2024,WI,Rock,0,88310,0,0,46642,40218,88310,medsl,1
2004,WI,Rusk,0,7927,0,0,3820,3985,7927,medsl,1
2008,WI,Rusk,0,7272,0,0,3855,3253,7272,medsl,1
2012,WI,Rusk,0,7191,0,0,3397,3676,7191,medsl,1
2016,WI,Rusk,0,7087,0,0,2171,4564,7087,medsl,1
2020,WI,Rusk,0,7886,0,0,2517,5257,7886,medsl,1
2024,WI,Rusk,0,8270,0,0,2516,5660,8270,medsl,1
2004,WI,Sauk,0,30417,0,0,15708,14415,30417,medsl,0
2008,WI,Sauk,0,30626,0,0,18617,11562,30626,medsl,0
2012,WI,Sauk,0,31927,0,0,18736,12838,31927,medsl,0
2016,WI,Sauk,0,31318,0,0,14692,14791,31318,medsl,0
2020,WI,Sauk,0,36203,0,0,18108,17493,36203,medsl,0
2024,WI,Sauk,0,37584,0,0,18172,18798,37584,medsl,0
2004,WI,Sawyer,0,9453,0,0,4411,4951,9453,medsl,0
2008,WI,Sawyer,0,9085,0,0,4765,4199,9085,medsl,0
2012,WI,Sawyer,0,9025,0,0,4486,4442,9025,medsl,0
2016,WI,Sawyer,0,9121,0,0,3504,5185,9121,medsl,0
2020,WI,Sawyer,0,10510,0,0,4498,5909,10510,medsl,0
2024,WI,Sawyer,0,11140,0,0,4599,6422,11140,medsl,0
2004,WI,Shawano,0,20999,0,0,8657,12150,20999,medsl,0
2008,WI,Shawano,0,20089,0,0,10259,9538,20089,medsl,0
2012,WI,Shawano,0,20279,0,0,9000,11022,20279,medsl,0
2016,WI,Shawano,0,19751,0,0,6056,12742,19751,medsl,0
2020,WI,Shawano,0,22615,0,0,7131,15173,22615,medsl,0
2024,WI,Shawano,0,23500,0,0,7336,15850,23500,medsl,0
2004,WI,Sheboygan,0,62625,0,0,27608,34458,62625,medsl,0
2008,WI,Sheboygan,0,62107,0,0,30395,30801,62107,medsl,0
2012,WI,Sheboygan,0,62651,0,0,27918,34072,62651,medsl,0
2016,WI,Sheboygan,0,59655,0,0,22956,32458,59655,medsl,0
2020,WI,Sheboygan,0,66011,0,0,27101,37609,66011,medsl,0
2024,WI,Sheboygan,0,67562,0,0,27735,38763,67562,medsl,0
2004,WI,St. Croix,0,41835,0,0,18784,22679,41835,medsl,0
2008,WI,St. Croix,0,44821,0,0,21177,22837,44821,medsl,0
2012,WI,St. Croix,0,46225,0,0,19910,25503,46225,medsl,0
2016,WI,St. Croix,0,47508,0,0,17486,26220,47508,medsl,0
2020,WI,St. Croix,0,56707,0,0,23190,32199,56707,medsl,0
2024,WI,St. Croix,0,60642,0,0,23870,35537,60642,medsl,0
2004,WI,Taylor,0,9543,0,0,3829,5582,9543,medsl,0
2008,WI,Taylor,0,9346,0,0,4563,4586,9346,medsl,0
2012,WI,Taylor,0,9512,0,0,3763,5601,9512,medsl,0
2016,WI,Taylor,0,9484,0,0,2398,6589,9484,medsl,0
2020,WI,Taylor,0,10686,0,0,2693,7657,10686,medsl,0
2024,WI,Taylor,0,11186,0,0,2823,8209,11186,medsl,0
2004,WI,Trempealeau,0,14062,0,0,8075,5878,14062,medsl,1
2008,WI,Trempealeau,0,13314,0,0,8321,4808,13314,medsl,1
2012,WI,Trempealeau,0,13481,0,0,7605,5707,13481,medsl,1
2016,WI,Trempealeau,0,13675,0,0,5636,7364,13675,medsl,1
2020,WI,Trempealeau,0,15380,0,0,6285,8833,15380,medsl,1
2024,WI,Trempealeau,0,16079,0,0,6219,9661,16079,medsl,1
2004,WI,Vernon,0,14845,0,0,7924,6774,14845,medsl,0
2008,WI,Vernon,0,14075,0,0,8463,5367,14075,medsl,0
2012,WI,Vernon,0,14269,0,0,8044,5942,14269,medsl,0
2016,WI,Vernon,0,14213,0,0,6352,6996,14213,medsl,0
2020,WI,Vernon,0,15923,0,0,7457,8218,15923,medsl,0
2024,WI,Vernon,0,16609,0,0,7514,8807,16609,medsl,0
2004,WI,Vilas,0,14002,0,0,5713,8155,14002,medsl,0
2008,WI,Vilas,0,13750,0,0,6491,7055,13750,medsl,0
2012,WI,Vilas,0,13842,0,0,5951,7749,13842,medsl,0
2016,WI,Vilas,0,13612,0,0,4770,8169,13612,medsl,0
2020,WI,Vilas,0,15369,0,0,5903,9261,15369,medsl,0
2024,WI,Vilas,0,16135,0,0,6119,9837,16135,medsl,0
2004,WI,Walworth,0,48446,0,0,19177,28754,48446,medsl,0
2008,WI,Walworth,0,50422,0,0,24177,25485,50422,medsl,0
2012,WI,Walworth,0,52303,0,0,22552,29006,52303,medsl,0
2016,WI,Walworth,0,51324,0,0,18706,28851,51324,medsl,0
2020,WI,Walworth,0,57600,0,0,22789,33851,57600,medsl,0
2024,WI,Walworth,0,60597,0,0,23161,36603,60597,medsl,0
2004,WI,Washburn,0,9567,0,0,4705,4762,9567,medsl,0
2008,WI,Washburn,0,9112,0,0,4693,4303,9112,medsl,0
2012,WI,Washburn,0,9287,0,0,4447,4699,9287,medsl,0
2016,WI,Washburn,0,9148,0,0,3284,5404,9148,medsl,0
2020,WI,Washburn,0,10378,0,0,3867,6334,10378,medsl,0
2024,WI,Washburn,0,10978,0,0,3867,6962,10978,medsl,0
2004,WI,Washington,0,72467,0,0,21234,50641,72467,medsl,0
2008,WI,Washington,0,74411,0,0,25719,47729,74411,medsl,0
2012,WI,Washington,0,78742,0,0,23166,54765,78742,medsl,0
2016,WI,Washington,0,78003,0,0,20855,51729,78003,medsl,0
2020,WI,Washington,0,88070,0,0,26650,60237,88070,medsl,0
2024,WI,Washington,0,91407,0,0,28504,61604,91407,medsl,0
2004,WI,Waukesha,0,230363,0,0,73626,154926,230363,medsl,0
2008,WI,Waukesha,0,232897,0,0,85339,145152,232897,medsl,0
2012,WI,Waukesha,0,243856,0,0,78779,162798,243856,medsl,0
2016,WI,Waukesha,0,239042,0,0,79200,142521,239042,medsl,0
2020,WI,Waukesha,0,267996,0,0,103906,159649,267996,medsl,0
2024,WI,Waukesha,0,275787,0,0,108478,162768,275787,medsl,0
2004,WI,Waupaca,0,26974,0,0,10792,15941,26974,medsl,0
2008,WI,Waupaca,0,25511,0,0,12952,12232,25511,medsl,0
2012,WI,Waupaca,0,28840,0,0,11578,17002,28840,medsl,0
2016,WI,Waupaca,0,26024,0,0,8440,16189,26024,medsl,0
2020,WI,Waupaca,0,29130,0,0,9703,18952,29130,medsl,0
2024,WI,Waupaca,0,30403,0,0,9947,20093,30403,medsl,0
2004,WI,Waushara,0,12246,0,0,5257,6888,12246,medsl,0
2008,WI,Waushara,0,11849,0,0,5868,5770,11849,medsl,0
2012,WI,Waushara,0,12048,0,0,5335,6562,12048,medsl,0
2016,WI,Waushara,0,11999,0,0,3792,7669,11999,medsl,0
2020,WI,Waushara,0,13568,0,0,4388,9016,13568,medsl,0
2024,WI,Waushara,0,14363,0,0,4571,9625,14363,medsl,0
2004,WI,Winnebago,0,88596,0,0,40943,46542,88596,medsl,0
2008,WI,Winnebago,0,87677,0,0,48167,37946,87677,medsl,0
2012,WI,Winnebago,0,89173,0,0,45449,42122,89173,medsl,0
2016,WI,Winnebago,0,87144,0,0,37054,43448,87144,medsl,0
2020,WI,Winnebago,0,94032,0,0,44060,47796,94032,medsl,0
2024,WI,Winnebago,0,95371,0,0,44660,49179,95371,medsl,0
2004,WI,Wood,0,40071,0,0,18950,20592,40071,medsl,0
2008,WI,Wood,0,39052,0,0,21710,16581,39052,medsl,0
2012,WI,Wood,0,38900,0,0,18581,19704,38900,medsl,0
2016,WI,Wood,0,37800,0,0,14232,21503,37800,medsl,0
2020,WI,Wood,0,41298,0,0,16365,24308,41298,medsl,0
2024,WI,Wood,0,42216,0,0,16599,24997,42216,medsl,0
2004,WV,Barbour,0,6655,0,0,2610,4004,6655,medsl,1
2008,WV,Barbour,0,6232,0,0,2419,3685,6232,medsl,1
2012,WV,Barbour,0,5761,0,0,1768,3824,5761,medsl,1
2016,WV,Barbour,0,6054,0,0,1222,4527,6054,medsl,1
2020,WV,Barbour,0,6677,0,0,1457,5116,6677,medsl,1
2024,WV,Barbour,0,6395,0,0,1199,5071,6395,medsl,1
2004,WV,Berkeley,0,33785,0,0,12244,21293,33785,medsl,0
2008,WV,Berkeley,0,37292,0,0,15994,20841,37292,medsl,0
2012,WV,Berkeley,0,37172,0,0,14275,22156,37172,medsl,0
2016,WV,Berkeley,0,42850,0,0,12321,28244,42850,medsl,0
2020,WV,Berkeley,0,51535,0,0,17186,33279,51535,medsl,0
2024,WV,Berkeley,0,56102,0,0,17500,37580,56102,medsl,0
2004,WV,Boone,0,10198,0,0,5933,4207,10198,medsl,1
2008,WV,Boone,0,8370,0,0,4529,3632,8370,medsl,1
2012,WV,Boone,0,8500,0,0,2790,5467,8500,medsl,1
2016,WV,Boone,0,8683,0,0,1790,6504,8683,medsl,1
2020,WV,Boone,0,9012,0,0,2041,6816,9012,medsl,1
2024,WV,Boone,0,8142,0,0,1641,6314,8142,medsl,1
2004,WV,Braxton,0,6051,0,0,3035,2986,6051,medsl,1
2008,WV,Braxton,0,5409,0,0,2704,2629,5409,medsl,1
2012,WV,Braxton,0,4804,0,0,1998,2725,4804,medsl,1
2016,WV,Braxton,0,5090,0,0,1321,3537,5090,medsl,1
2020,WV,Braxton,0,5664,0,0,1457,4120,5664,medsl,1
2024,WV,Braxton,0,5313,0,0,1233,3991,5313,medsl,1
2004,WV,Brooke,0,10773,0,0,5493,5189,10773,medsl,1
2008,WV,Brooke,0,9857,0,0,4717,4961,9857,medsl,1
2012,WV,Brooke,0,9294,0,0,4005,5060,9294,medsl,1
2016,WV,Brooke,0,9613,0,0,2568,6625,9613,medsl,1
2020,WV,Brooke,0,10656,0,0,2947,7545,10656,medsl,1
2024,WV,Brooke,0,9782,0,0,2621,6986,9782,medsl,1
2004,WV,Cabell,0,37950,0,0,16583,21035,37950,medsl,1
2008,WV,Cabell,0,34592,0,0,15292,18793,34592,medsl,1
2012,WV,Cabell,0,32144,0,0,13568,17985,32144,medsl,1
2016,WV,Cabell,0,33085,0,0,11447,19850,33085,medsl,1
2020,WV,Cabell,0,37360,0,0,14994,21721,37360,medsl,1
2024,WV,Cabell,0,35429,0,0,13474,21229,35429,medsl,1
2004,WV,Calhoun,0,2661,0,0,1266,1360,2661,medsl,1
2008,WV,Calhoun,0,2429,0,0,993,1366,2429,medsl,1
2012,WV,Calhoun,0,2207,0,0,818,1319,2207,medsl,1
2016,WV,Calhoun,0,2617,0,0,456,2035,2617,medsl,1
2020,WV,Calhoun,0,2971,0,0,568,2364,2971,medsl,1
2024,WV,Calhoun,0,2936,0,0,488,2391,2936,medsl,1
2004,WV,Clay,0,4072,0,0,1835,2198,4072,medsl,1
2008,WV,Clay,0,3265,0,0,1421,1755,3265,medsl,1
2012,WV,Clay,0,3012,0,0,931,1971,3012,medsl,1
2016,WV,Clay,0,2972,0,0,568,2300,2972,medsl,1
2020,WV,Clay,0,3365,0,0,641,2679,3365,medsl,1
2024,WV,Clay,0,3240,0,0,580,2597,3240,medsl,1
2004,WV,Doddridge,0,3179,0,0,800,2362,3179,medsl,1
2008,WV,Doddridge,0,3018,0,0,735,2218,3018,medsl,1
2012,WV,Doddridge,0,2769,0,0,575,2130,2769,medsl,1
2016,WV,Doddridge,0,2840,0,0,362,2358,2840,medsl,1
2020,WV,Doddridge,0,3101,0,0,435,2619,3101,medsl,1
2024,WV,Doddridge,0,2956,0,0,374,2541,2956,medsl,1
2004,WV,Fayette,0,16967,0,0,8971,7881,16967,medsl,1
2008,WV,Fayette,0,15194,0,0,7242,7658,15194,medsl,1
2012,WV,Fayette,0,14070,0,0,5419,8350,14070,medsl,1
2016,WV,Fayette,0,15337,0,0,4290,10357,15337,medsl,1
2020,WV,Fayette,0,16862,0,0,5063,11580,16862,medsl,1
2024,WV,Fayette,0,15620,0,0,4387,10910,15620,medsl,1
2004,WV,Gilmer,0,2852,0,0,1159,1665,2852,medsl,1
2008,WV,Gilmer,0,2521,0,0,1004,1445,2521,medsl,1
2012,WV,Gilmer,0,2509,0,0,840,1595,2509,medsl,1
2016,WV,Gilmer,0,2543,0,0,545,1896,2543,medsl,1
2020,WV,Gilmer,0,2662,0,0,599,2012,2662,medsl,1
2024,WV,Gilmer,0,2344,0,0,486,1822,2344,medsl,1
2004,WV,Grant,0,5047,0,0,963,4063,5047,medsl,1
2008,WV,Grant,0,4218,0,0,997,3166,4218,medsl,1
2012,WV,Grant,0,4586,0,0,718,3783,4586,medsl,1
2016,WV,Grant,0,4956,0,0,512,4346,4956,medsl,1
2020,WV,Grant,0,5509,0,0,607,4871,5509,medsl,1
2024,WV,Grant,0,5568,0,0,552,4949,5568,medsl,1
2004,WV,Greenbrier,0,14553,0,0,6084,8358,14553,medsl,1
2008,WV,Greenbrier,0,13732,0,0,5881,7567,13732,medsl,1
2012,WV,Greenbrier,0,12963,0,0,4710,7930,12963,medsl,1
2016,WV,Greenbrier,0,14066,0,0,3765,9556,14066,medsl,1
2020,WV,Greenbrier,0,15850,0,0,4655,10925,15850,medsl,1
2024,WV,Greenbrier,0,14996,0,0,4196,10517,14996,medsl,1
2004,WV,Hampshire,0,7996,0,0,2455,5489,7996,medsl,1
2008,WV,Hampshire,0,8347,0,0,2983,5222,8347,medsl,1
2012,WV,Hampshire,0,7986,0,0,2299,5523,7986,medsl,1
2016,WV,Hampshire,0,8608,0,0,1580,6692,8608,medsl,1
2020,WV,Hampshire,0,10086,0,0,1939,8033,10086,medsl,1
2024,WV,Hampshire,0,10500,0,0,1890,8464,10500,medsl,1
2004,WV,Hancock,0,14321,0,0,6906,7298,14321,medsl,1
2008,WV,Hancock,0,13220,0,0,5504,7518,13220,medsl,1
2012,WV,Hancock,0,12118,0,0,4627,7226,12118,medsl,1
2016,WV,Hancock,0,12702,0,0,3262,8909,12702,medsl,1
2020,WV,Hancock,0,13800,0,0,3790,9806,13800,medsl,1
2024,WV,Hancock,0,13030,0,0,3360,9462,13030,medsl,1
2004,WV,Hardy,0,5276,0,0,1617,3635,5276,medsl,1
2008,WV,Hardy,0,5407,0,0,1901,3376,5407,medsl,1
2012,WV,Hardy,0,5168,0,0,1482,3536,5168,medsl,1
2016,WV,Hardy,0,5643,0,0,1155,4274,5643,medsl,1
2020,WV,Hardy,0,6331,0,0,1381,4859,6331,medsl,1
2024,WV,Hardy,0,6411,0,0,1297,4997,6411,medsl,1
2004,WV,Harrison,0,30588,0,0,13238,17111,30588,medsl,1
2008,WV,Harrison,0,31872,0,0,13582,17824,31872,medsl,1
2012,WV,Harrison,0,26147,0,0,9732,15876,26147,medsl,1
2016,WV,Harrison,0,27960,0,0,7694,18750,27960,medsl,1
2020,WV,Harrison,0,30465,0,0,9215,20683,30465,medsl,1
2024,WV,Harrison,0,29495,0,0,8402,20480,29495,medsl,1
2004,WV,Jackson,0,13158,0,0,5384,7686,13158,medsl,1
2008,WV,Jackson,0,12236,0,0,4861,7148,12236,medsl,1
2012,WV,Jackson,0,11544,0,0,3854,7408,11544,medsl,1
2016,WV,Jackson,0,12187,0,0,2663,9020,12187,medsl,1
2020,WV,Jackson,0,13508,0,0,3207,10093,13508,medsl,1
2024,WV,Jackson,0,12822,0,0,2699,9907,12822,medsl,1
2004,WV,Jefferson,0,19993,0,0,9301,10539,19993,medsl,1
2008,WV,Jefferson,0,22545,0,0,11687,10600,22545,medsl,1
2012,WV,Jefferson,0,22138,0,0,10398,11258,22138,medsl,1
2016,WV,Jefferson,0,24147,0,0,9518,13204,24147,medsl,1
2020,WV,Jefferson,0,27703,0,0,12127,15033,27703,medsl,1
2024,WV,Jefferson,0,29156,0,0,11967,16573,29156,medsl,1
2004,WV,Kanawha,0,87928,0,0,43010,44430,87928,medsl,1
2008,WV,Kanawha,0,82484,0,0,40594,40952,82484,medsl,1
2012,WV,Kanawha,0,75077,0,0,32480,41364,75077,medsl,1
2016,WV,Kanawha,0,75690,0,0,28263,43850,75690,medsl,1
2020,WV,Kanawha,0,82244,0,0,34344,46398,82244,medsl,1
2024,WV,Kanawha,0,75239,0,0,30231,43352,75239,medsl,1
2004,WV,Lewis,0,6999,0,0,2475,4445,6999,medsl,1
2008,WV,Lewis,0,6606,0,0,2109,4335,6606,medsl,1
2012,WV,Lewis,0,6287,0,0,1736,4375,6287,medsl,1
2016,WV,Lewis,0,6928,0,0,1347,5274,6928,medsl,1
2020,WV,Lewis,0,7457,0,0,1538,5782,7457,medsl,1
2024,WV,Lewis,0,7048,0,0,1372,5550,7048,medsl,1
2004,WV,Lincoln,0,8312,0,0,4048,4102,8312,medsl,1
2008,WV,Lincoln,0,6835,0,0,3029,3637,6835,medsl,1
2012,WV,Lincoln,0,6818,0,0,2227,4383,6818,medsl,1
2016,WV,Lincoln,0,7066,0,0,1459,5307,7066,medsl,1
2020,WV,Lincoln,0,7830,0,0,1711,6012,7830,medsl,1
2024,WV,Lincoln,0,7187,0,0,1279,5770,7187,medsl,1
2004,WV,Logan,0,14987,0,0,7877,7047,14987,medsl,1
2008,WV,Logan,0,13465,0,0,5873,7326,13465,medsl,1
2012,WV,Logan,0,11946,0,0,3469,8222,11946,medsl,1
2016,WV,Logan,0,12359,0,0,2092,9897,12359,medsl,1
2020,WV,Logan,0,13026,0,0,2333,10534,13026,medsl,1
2024,WV,Logan,0,11469,0,0,1848,9500,11469,medsl,1
2004,WV,Marion,0,25194,0,0,12771,12150,25194,medsl,1
2008,WV,Marion,0,23607,0,0,11618,11501,23607,medsl,1
2012,WV,Marion,0,21542,0,0,8959,12054,21542,medsl,1
2016,WV,Marion,0,23029,0,0,6964,14668,23029,medsl,1
2020,WV,Marion,0,25794,0,0,8901,16300,25794,medsl,1
2024,WV,Marion,0,24634,0,0,8185,15881,24634,medsl,1
2004,WV,Marshall,0,15072,0,0,6435,8516,15072,medsl,1
2008,WV,Marshall,0,14001,0,0,5996,7759,14001,medsl,1
2012,WV,Marshall,0,12916,0,0,4484,8135,12916,medsl,1
2016,WV,Marshall,0,13216,0,0,2918,9666,13216,medsl,1
2020,WV,Marshall,0,14080,0,0,3455,10435,14080,medsl,1
2024,WV,Marshall,0,13233,0,0,3186,9808,13233,medsl,1
2004,WV,Mason,0,11990,0,0,5408,6487,11990,medsl,1
2008,WV,Mason,0,10603,0,0,4484,5853,10603,medsl,1
2012,WV,Mason,0,9789,0,0,3778,5741,9789,medsl,1
2016,WV,Mason,0,10186,0,0,2081,7654,10186,medsl,1
2020,WV,Mason,0,11203,0,0,2526,8491,11203,medsl,1
2024,WV,Mason,0,10547,0,0,2111,8232,10547,medsl,1
2004,WV,Mcdowell,0,7299,0,0,4501,2762,7299,medsl,1
2008,WV,Mcdowell,0,6430,0,0,3430,2882,6430,medsl,1
2012,WV,Mcdowell,0,6188,0,0,2109,3959,6188,medsl,1
2016,WV,Mcdowell,0,6203,0,0,1438,4629,6203,medsl,1
2020,WV,Mcdowell,0,6527,0,0,1333,5148,6527,medsl,1
2024,WV,Mcdowell,0,5425,0,0,1036,4310,5425,medsl,1
2004,WV,Mercer,0,22379,0,0,9178,13057,22379,medsl,1
2008,WV,Mercer,0,21022,0,0,7450,13246,21022,medsl,1
2012,WV,Mercer,0,21276,0,0,5432,15450,21276,medsl,1
2016,WV,Mercer,0,22982,0,0,4704,17404,22982,medsl,1
2020,WV,Mercer,0,25134,0,0,5556,19237,25134,medsl,1
2024,WV,Mercer,0,23584,0,0,4851,18372,23584,medsl,1
2004,WV,Mineral,0,11461,0,0,3518,7854,11461,medsl,1
2008,WV,Mineral,0,11547,0,0,3750,7616,11547,medsl,1
2012,WV,Mineral,0,10979,0,0,2885,7833,10979,medsl,1
2016,WV,Mineral,0,11564,0,0,2050,9070,11564,medsl,1
2020,WV,Mineral,0,12872,0,0,2660,10040,12872,medsl,1
2024,WV,Mineral,0,12904,0,0,2483,10247,12904,medsl,1
2004,WV,Mingo,0,10655,0,0,5983,4612,10655,medsl,1
2008,WV,Mingo,0,8338,0,0,3582,4587,8338,medsl,1
2012,WV,Mingo,0,8830,0,0,2428,6191,8830,medsl,1
2016,WV,Mingo,0,9510,0,0,1370,7911,9510,medsl,1
2020,WV,Mingo,0,10022,0,0,1397,8544,10022,medsl,1
2024,WV,Mingo,0,8490,0,0,1061,7325,8490,medsl,1
2004,WV,Monongalia,0,34306,0,0,16313,17670,34306,medsl,1
2008,WV,Monongalia,0,33379,0,0,17060,15775,33379,medsl,1
2012,WV,Monongalia,0,31475,0,0,13826,16831,31475,medsl,1
2016,WV,Monongalia,0,36048,0,0,14699,18432,36048,medsl,1
2020,WV,Monongalia,0,42072,0,0,20282,20803,42072,medsl,1
2024,WV,Monongalia,0,41452,0,0,19265,21084,41452,medsl,1
2004,WV,Monroe,0,5951,0,0,2311,3590,5951,medsl,1
2008,WV,Monroe,0,5575,0,0,2014,3397,5575,medsl,1
2012,WV,Monroe,0,5212,0,0,1455,3616,5212,medsl,1
2016,WV,Monroe,0,5805,0,0,1111,4443,5805,medsl,1
2020,WV,Monroe,0,6490,0,0,1345,5068,6490,medsl,1
2024,WV,Monroe,0,6367,0,0,1155,5089,6367,medsl,1
2004,WV,Morgan,0,6847,0,0,2272,4511,6847,medsl,1
2008,WV,Morgan,0,7276,0,0,2721,4428,7276,medsl,1
2012,WV,Morgan,0,7044,0,0,2363,4513,7044,medsl,1
2016,WV,Morgan,0,7654,0,0,1573,5732,7654,medsl,1
2020,WV,Morgan,0,8695,0,0,1998,6537,8695,medsl,1
2024,WV,Morgan,0,9097,0,0,1947,7009,9097,medsl,1
2004,WV,Nicholas,0,10351,0,0,4788,5485,10351,medsl,1
2008,WV,Nicholas,0,9361,0,0,4357,4804,9361,medsl,1
2012,WV,Nicholas,0,8785,0,0,2664,5898,8785,medsl,1
2016,WV,Nicholas,0,9491,0,0,1840,7251,9491,medsl,1
2020,WV,Nicholas,0,10630,0,0,2226,8279,10630,medsl,1
2024,WV,Nicholas,0,10037,0,0,1919,7960,10037,medsl,1
2004,WV,Ohio,0,20392,0,0,8543,11694,20392,medsl,1
2008,WV,Ohio,0,19540,0,0,8593,10694,19540,medsl,1
2012,WV,Ohio,0,17911,0,0,6786,10768,17911,medsl,1
2016,WV,Ohio,0,17938,0,0,5493,11139,17938,medsl,1
2020,WV,Ohio,0,19898,0,0,7223,12354,19898,medsl,1
2024,WV,Ohio,0,18689,0,0,6727,11593,18689,medsl,1
2004,WV,Pendleton,0,3544,0,0,1381,2146,3544,medsl,1
2008,WV,Pendleton,0,3395,0,0,1310,2035,3395,medsl,1
2012,WV,Pendleton,0,3239,0,0,1074,2095,3239,medsl,1
2016,WV,Pendleton,0,3225,0,0,729,2398,3225,medsl,1
2020,WV,Pendleton,0,3659,0,0,820,2782,3659,medsl,1
2024,WV,Pendleton,0,3425,0,0,680,2687,3425,medsl,1
2004,WV,Pleasants,0,3435,0,0,1349,2061,3435,medsl,1
2008,WV,Pleasants,0,2975,0,0,1142,1772,2975,medsl,1
2012,WV,Pleasants,0,2840,0,0,955,1825,2840,medsl,1
2016,WV,Pleasants,0,3150,0,0,621,2358,3150,medsl,1
2020,WV,Pleasants,0,3491,0,0,699,2742,3491,medsl,1
2024,WV,Pleasants,0,3348,0,0,656,2632,3348,medsl,1
2004,WV,Pocahontas,0,3918,0,0,1573,2295,3918,medsl,1
2008,WV,Pocahontas,0,3642,0,0,1548,2011,3642,medsl,1
2012,WV,Pocahontas,0,3576,0,0,1303,2182,3576,medsl,1
2016,WV,Pocahontas,0,3646,0,0,928,2496,3646,medsl,1
2020,WV,Pocahontas,0,4008,0,0,1047,2895,4008,medsl,1
2024,WV,Pocahontas,0,3901,0,0,927,2889,3901,medsl,1
2004,WV,Preston,0,11929,0,0,3963,7855,11929,medsl,1
2008,WV,Preston,0,11796,0,0,4205,7325,11796,medsl,1
2012,WV,Preston,0,11155,0,0,2931,7889,11155,medsl,1
2016,WV,Preston,0,12659,0,0,2470,9538,12659,medsl,1
2020,WV,Preston,0,14572,0,0,3163,11190,14572,medsl,1
2024,WV,Preston,0,14426,0,0,2953,11176,14426,medsl,1
2004,WV,Putnam,0,25151,0,0,9301,15716,25151,medsl,1
2008,WV,Putnam,0,24780,0,0,9334,15162,24780,medsl,1
2012,WV,Putnam,0,23673,0,0,7256,16032,23673,medsl,1
2016,WV,Putnam,0,24893,0,0,5884,17788,24893,medsl,1
2020,WV,Putnam,0,28501,0,0,7878,20034,28501,medsl,1
2024,WV,Putnam,0,27507,0,0,7124,19868,27507,medsl,1
2004,WV,Raleigh,0,30525,0,0,11815,18519,30525,medsl,1
2008,WV,Raleigh,0,28259,0,0,10237,17548,28259,medsl,1
2012,WV,Raleigh,0,28829,0,0,7739,20614,28829,medsl,1
2016,WV,Raleigh,0,29618,0,0,6443,22048,29618,medsl,1
2020,WV,Raleigh,0,33106,0,0,7982,24673,33106,medsl,1
2024,WV,Raleigh,0,30966,0,0,6816,23644,30966,medsl,1
2004,WV,Randolph,0,11490,0,0,4892,6512,11490,medsl,1
2008,WV,Randolph,0,10833,0,0,4539,6060,10833,medsl,1
2012,WV,Randolph,0,9756,0,0,3342,6160,9756,medsl,1
2016,WV,Randolph,0,10876,0,0,2735,7629,10876,medsl,1
2020,WV,Randolph,0,12200,0,0,3362,8673,12200,medsl,1
2024,WV,Randolph,0,11594,0,0,3008,8356,11594,medsl,1
2004,WV,Ritchie,0,4196,0,0,1070,3086,4196,medsl,1
2008,WV,Ritchie,0,3846,0,0,998,2781,3846,medsl,1
2012,WV,Ritchie,0,3788,0,0,768,2921,3788,medsl,1
2016,WV,Ritchie,0,4075,0,0,496,3405,4075,medsl,1
2020,WV,Ritchie,0,4283,0,0,586,3649,4283,medsl,1
2024,WV,Ritchie,0,4050,0,0,517,3473,4050,medsl,1
2004,WV,Roane,0,6100,0,0,2612,3440,6100,medsl,1
2008,WV,Roane,0,5563,0,0,2511,2943,5563,medsl,1
2012,WV,Roane,0,5047,0,0,1939,2982,5047,medsl,1
2016,WV,Roane,0,5247,0,0,1222,3781,5247,medsl,1
2020,WV,Roane,0,5763,0,0,1455,4213,5763,medsl,1
2024,WV,Roane,0,5521,0,0,1218,4189,5521,medsl,1
2004,WV,Summers,0,5524,0,0,2504,2978,5524,medsl,1
2008,WV,Summers,0,5316,0,0,2290,2891,5316,medsl,1
2012,WV,Summers,0,4735,0,0,1621,2981,4735,medsl,1
2016,WV,Summers,0,4862,0,0,1190,3455,4862,medsl,1
2020,WV,Summers,0,5585,0,0,1448,4074,5585,medsl,1
2024,WV,Summers,0,5264,0,0,1226,3931,5264,medsl,1
2004,WV,Taylor,0,6551,0,0,2617,3893,6551,medsl,1
2008,WV,Taylor,0,6203,0,0,2462,3605,6203,medsl,1
2012,WV,Taylor,0,5908,0,0,1941,3840,5908,medsl,1
2016,WV,Taylor,0,6538,0,0,1491,4733,6538,medsl,1
2020,WV,Taylor,0,7383,0,0,1796,5477,7383,medsl,1
2024,WV,Taylor,0,7265,0,0,1694,5422,7265,medsl,1
2004,WV,Tucker,0,3600,0,0,1400,2179,3600,medsl,1
2008,WV,Tucker,0,3507,0,0,1288,2123,3507,medsl,1
2012,WV,Tucker,0,3138,0,0,880,2176,3138,medsl,1
2016,WV,Tucker,0,3475,0,0,751,2565,3475,medsl,1
2020,WV,Tucker,0,3844,0,0,938,2841,3844,medsl,1
2024,WV,Tucker,0,3636,0,0,890,2669,3636,medsl,1
2004,WV,Tyler,0,4245,0,0,1401,2798,4245,medsl,1
2008,WV,Tyler,0,3741,0,0,1241,2415,3741,medsl,1
2012,WV,Tyler,0,3279,0,0,890,2314,3279,medsl,1
2016,WV,Tyler,0,3654,0,0,507,2996,3654,medsl,1
2020,WV,Tyler,0,3922,0,0,631,3226,3922,medsl,1
2024,WV,Tyler,0,3617,0,0,554,2991,3617,medsl,1
2004,WV,Upshur,0,9293,0,0,3034,6191,9293,medsl,1
2008,WV,Upshur,0,8971,0,0,2925,5911,8971,medsl,1
2012,WV,Upshur,0,8273,0,0,2158,5939,8273,medsl,1
2016,WV,Upshur,0,9218,0,0,1766,7005,9218,medsl,1
2020,WV,Upshur,0,10221,0,0,2256,7771,10221,medsl,1
2024,WV,Upshur,0,9859,0,0,2033,7633,9859,medsl,1
2004,WV,Wayne,0,18609,0,0,8411,10070,18609,medsl,1
2008,WV,Wayne,0,15430,0,0,6137,8947,15430,medsl,1
2012,WV,Wayne,0,13955,0,0,4931,8688,13955,medsl,1
2016,WV,Wayne,0,15182,0,0,3357,11152,15182,medsl,1
2020,WV,Wayne,0,16947,0,0,4088,12585,16947,medsl,1
2024,WV,Wayne,0,15747,0,0,3532,11934,15747,medsl,1
2004,WV,Webster,0,3714,0,0,1965,1724,3714,medsl,1
2008,WV,Webster,0,3057,0,0,1552,1386,3057,medsl,1
2012,WV,Webster,0,2755,0,0,947,1710,2755,medsl,1
2016,WV,Webster,0,2978,0,0,556,2302,2978,medsl,1
2020,WV,Webster,0,3402,0,0,610,2759,3402,medsl,1
2024,WV,Webster,0,2998,0,0,479,2478,2998,medsl,1
2004,WV,Wetzel,0,7038,0,0,3330,3656,7038,medsl,1
2008,WV,Wetzel,0,6454,0,0,2942,3342,6454,medsl,1
2012,WV,Wetzel,0,5856,0,0,2217,3473,5856,medsl,1
2016,WV,Wetzel,0,6265,0,0,1359,4519,6265,medsl,1
2020,WV,Wetzel,0,6667,0,0,1539,4993,6667,medsl,1
2024,WV,Wetzel,0,6168,0,0,1294,4718,6168,medsl,1
2004,WV,Wirt,0,2654,0,0,896,1727,2654,medsl,1
2008,WV,Wirt,0,2326,0,0,782,1496,2326,medsl,1
2012,WV,Wirt,0,2171,0,0,676,1427,2171,medsl,1
2016,WV,Wirt,0,2422,0,0,386,1911,2422,medsl,1
2020,WV,Wirt,0,2653,0,0,466,2134,2653,medsl,1
2024,WV,Wirt,0,2581,0,0,409,2120,2581,medsl,1
2004,WV,Wood,0,39227,0,0,14025,24948,39227,medsl,1
2008,WV,Wood,0,36002,0,0,12573,22896,36002,medsl,1
2012,WV,Wood,0,33977,0,0,11230,22183,33977,medsl,1
2016,WV,Wood,0,35615,0,0,8400,25434,35615,medsl,1
2020,WV,Wood,0,38762,0,0,10926,27202,38762,medsl,1
2024,WV,Wood,0,37313,0,0,10317,26380,37313,medsl,1
2004,WV,Wyoming,0,8718,0,0,3694,4985,8718,medsl,1
2008,WV,Wyoming,0,7530,0,0,2735,4621,7530,medsl,1
2012,WV,Wyoming,0,7523,0,0,1583,5769,7523,medsl,1
2016,WV,Wyoming,0,7831,0,0,1062,6547,7831,medsl,1
2020,WV,Wyoming,0,8592,0,0,1157,7353,8592,medsl,1
2024,WV,Wyoming,0,7565,0,0,980,6503,7565,medsl,1
2004,WY,Albany,0,16624,0,0,7117,9006,16624,medsl,1
2008,WY,Albany,0,17201,0,0,8644,7936,17201,medsl,1
2012,WY,Albany,0,16300,0,0,7458,7866,16300,medsl,1
2016,WY,Albany,0,17060,0,0,6890,7602,17060,medsl,1
2020,WY,Albany,0,18744,0,0,9092,8579,18744,medsl,1
2024,WY,Albany,0,17877,0,0,8371,8930,17877,medsl,1
2004,WY,Big Horn,0,5283,0,0,960,4232,5283,medsl,1
2008,WY,Big Horn,0,5341,0,0,1108,4045,5341,medsl,1
2012,WY,Big Horn,0,5324,0,0,868,4285,5324,medsl,1
2016,WY,Big Horn,0,5317,0,0,604,4067,5317,medsl,1
2020,WY,Big Horn,0,5784,0,0,788,4806,5784,medsl,1
2024,WY,Big Horn,0,5735,0,0,742,4867,5735,medsl,1
2004,WY,Campbell,0,15099,0,0,2464,12415,15099,medsl,1
2008,WY,Campbell,0,16385,0,0,2990,13011,16385,medsl,1
2012,WY,Campbell,0,17571,0,0,2163,14953,17571,medsl,1
2016,WY,Campbell,0,18199,0,0,1324,15778,18199,medsl,1
2020,WY,Campbell,0,19735,0,0,1935,16975,19735,medsl,1
2024,WY,Campbell,0,18342,0,0,2004,16006,18342,medsl,1
2004,WY,Carbon,0,7077,0,0,2158,4758,7077,medsl,1
2008,WY,Carbon,0,6900,0,0,2336,4331,6900,medsl,1
2012,WY,Carbon,0,6509,0,0,2110,4148,6509,medsl,1
2016,WY,Carbon,0,6374,0,0,1279,4409,6374,medsl,1
2020,WY,Carbon,0,6706,0,0,1427,5014,6706,medsl,1
2024,WY,Carbon,0,6387,0,0,1274,4952,6387,medsl,1
2004,WY,Converse,0,5725,0,0,1184,4447,5725,medsl,1
2008,WY,Converse,0,6501,0,0,1380,4922,6501,medsl,1
2012,WY,Converse,0,6343,0,0,1089,5043,6343,medsl,1
2016,WY,Converse,0,6654,0,0,668,5520,6654,medsl,1
2020,WY,Converse,0,7010,0,0,861,5917,7010,medsl,1
2024,WY,Converse,0,6739,0,0,845,5756,6739,medsl,1
2004,WY,Crook,0,3396,0,0,501,2836,3396,medsl,0
2008,WY,Crook,0,3706,0,0,612,2967,3706,medsl,0
2012,WY,Crook,0,3685,0,0,426,3109,3685,medsl,0
2016,WY,Crook,0,3826,0,0,273,3348,3826,medsl,0
2020,WY,Crook,0,4143,0,0,378,3651,4143,medsl,0
2024,WY,Crook,0,4344,0,0,443,3805,4344,medsl,0
2004,WY,Fremont,0,17096,0,0,5338,11429,17096,medsl,1
2008,WY,Fremont,0,17715,0,0,6016,11083,17715,medsl,1
2012,WY,Fremont,0,16939,0,0,5333,11075,16939,medsl,1
2016,WY,Fremont,0,17023,0,0,4200,11167,17023,medsl,1
2020,WY,Fremont,0,18234,0,0,5519,12007,18234,medsl,1
2024,WY,Fremont,0,17256,0,0,5179,11552,17256,medsl,1
2004,WY,Goshen,0,5779,0,0,1566,4114,5779,medsl,1
2008,WY,Goshen,0,5965,0,0,1832,3942,5965,medsl,1
2012,WY,Goshen,0,5806,0,0,1458,4178,5806,medsl,1
2016,WY,Goshen,0,5796,0,0,924,4418,5796,medsl,1
2020,WY,Goshen,0,6272,0,0,1203,4878,6272,medsl,1
2024,WY,Goshen,0,6174,0,0,1156,4893,6174,medsl,1
2004,WY,Hot Springs,0,2480,0,0,623,1812,2480,medsl,0
2008,WY,Hot Springs,0,2564,0,0,619,1834,2564,medsl,0
2012,WY,Hot Springs,0,2515,0,0,523,1895,2515,medsl,0
2016,WY,Hot Springs,0,2586,0,0,400,1939,2586,medsl,0
2020,WY,Hot Springs,0,2588,0,0,482,1999,2588,medsl,0
2024,WY,Hot Springs,0,2620,0,0,488,2082,2620,medsl,0
2004,WY,Johnson,0,3991,0,0,676,3231,3991,medsl,1
2008,WY,Johnson,0,4375,0,0,908,3334,4375,medsl,1
2012,WY,Johnson,0,4259,0,0,749,3363,4259,medsl,1
2016,WY,Johnson,0,4417,0,0,638,3477,4417,medsl,1
2020,WY,Johnson,0,4952,0,0,897,3881,4952,medsl,1
2024,WY,Johnson,0,4898,0,0,847,3936,4898,medsl,1
2004,WY,Laramie,0,39879,0,0,13171,25951,39879,medsl,1
2008,WY,Laramie,0,41806,0,0,16072,24549,41806,medsl,1
2012,WY,Laramie,0,39505,0,0,14295,23904,39505,medsl,1
2016,WY,Laramie,0,40969,0,0,11573,24847,40969,medsl,1
2020,WY,Laramie,0,45237,0,0,15217,27891,45237,medsl,1
2024,WY,Laramie,0,43362,0,0,14153,28063,43362,medsl,1
2004,WY,Lincoln,0,7914,0,0,1364,6423,7914,medsl,0
2008,WY,Lincoln,0,8615,0,0,1823,6485,8615,medsl,0
2012,WY,Lincoln,0,8618,0,0,1287,7144,8618,medsl,0
2016,WY,Lincoln,0,8875,0,0,1105,6779,8875,medsl,0
2020,WY,Lincoln,0,10525,0,0,1509,8643,10525,medsl,0
2024,WY,Lincoln,0,10840,0,0,1623,8957,10840,medsl,0
2004,WY,Natrona,0,32068,0,0,9863,21512,32068,medsl,1
2008,WY,Natrona,0,33473,0,0,10475,21906,33473,medsl,1
2012,WY,Natrona,0,32373,0,0,8961,22132,32373,medsl,1
2016,WY,Natrona,0,33348,0,0,6577,23552,33348,medsl,1
2020,WY,Natrona,0,35391,0,0,8530,25271,35391,medsl,1
2024,WY,Natrona,0,33921,0,0,8337,24671,33921,medsl,1
2004,WY,Niobrara,0,1314,0,0,230,1064,1314,medsl,1
2008,WY,Niobrara,0,1304,0,0,244,1017,1304,medsl,1
2012,WY,Niobrara,0,1276,0,0,200,1022,1276,medsl,1
2016,WY,Niobrara,0,1314,0,0,115,1116,1314,medsl,1
2020,WY,Niobrara,0,1322,0,0,155,1118,1322,medsl,1
2024,WY,Niobrara,0,1234,0,0,112,1108,1234,medsl,1
2004,WY,Park,0,14231,0,0,3007,10917,14231,medsl,1
2008,WY,Park,0,15049,0,0,3757,10839,15049,medsl,1
2012,WY,Park,0,14608,0,0,2927,11234,14608,medsl,1
2016,WY,Park,0,15095,0,0,2535,11115,15095,medsl,1
2020,WY,Park,0,16815,0,0,3410,12813,16815,medsl,1
2024,WY,Park,0,16743,0,0,3259,13084,16743,medsl,1
2004,WY,Platte,0,4574,0,0,1328,3149,4574,medsl,1
2008,WY,Platte,0,4597,0,0,1407,3002,4597,medsl,1
2012,WY,Platte,0,4531,0,0,1223,3136,4531,medsl,1
2016,WY,Platte,0,4529,0,0,719,3437,4529,medsl,1
2020,WY,Platte,0,4963,0,0,890,3898,4963,medsl,1
2024,WY,Platte,0,4765,0,0,780,3874,4765,medsl,1
2004,WY,Sheridan,0,14029,0,0,4066,9689,14029,medsl,1
2008,WY,Sheridan,0,15039,0,0,4458,10177,15039,medsl,1
2012,WY,Sheridan,0,14322,0,0,3618,10267,14322,medsl,1
2016,WY,Sheridan,0,14510,0,0,2927,10266,14510,medsl,1
2020,WY,Sheridan,0,16546,0,0,4043,11843,16546,medsl,1
2024,WY,Sheridan,0,16425,0,0,3920,12041,16425,medsl,1
2004,WY,Sublette,0,3651,0,0,730,2847,3651,medsl,1
2008,WY,Sublette,0,4375,0,0,936,3316,4375,medsl,1
2012,WY,Sublette,0,4376,0,0,767,3472,4376,medsl,1
2016,WY,Sublette,0,4390,0,0,644,3409,4390,medsl,1
2020,WY,Sublette,0,5000,0,0,882,3957,5000,medsl,1
2024,WY,Sublette,0,4924,0,0,920,3905,4924,medsl,1
2004,WY,Sweetwater,0,16272,0,0,5208,10653,16272,medsl,1
2008,WY,Sweetwater,0,16833,0,0,5762,10360,16833,medsl,1
2012,WY,Sweetwater,0,16895,0,0,4774,11428,16895,medsl,1
2016,WY,Sweetwater,0,17130,0,0,3231,12154,17130,medsl,1
2020,WY,Sweetwater,0,16698,0,0,3823,12229,16698,medsl,1
2024,WY,Sweetwater,0,16698,0,0,3731,12541,16698,medsl,1
2004,WY,Teton,0,11359,0,0,5972,5124,11359,medsl,1
2008,WY,Teton,0,12359,0,0,7472,4565,12359,medsl,1
2012,WY,Teton,0,11464,0,0,6213,4858,11464,medsl,1
2016,WY,Teton,0,12627,0,0,7314,3921,12627,medsl,1
2020,WY,Teton,0,14787,0,0,9848,4341,14787,medsl,1
2024,WY,Teton,0,13286,0,0,8748,4134,13286,medsl,1
2004,WY,Uinta,0,8081,0,0,1815,6081,8081,medsl,1
2008,WY,Uinta,0,8418,0,0,2317,5763,8418,medsl,1
2012,WY,Uinta,0,8539,0,0,1628,6615,8539,medsl,1
2016,WY,Uinta,0,8470,0,0,1202,6154,8470,medsl,1
2020,WY,Uinta,0,9459,0,0,1591,7496,9459,medsl,1
2024,WY,Uinta,0,9089,0,0,1561,7282,9089,medsl,1
2004,WY,Washakie,0,4114,0,0,855,3200,4114,medsl,1
2008,WY,Washakie,0,4100,0,0,1042,2956,4100,medsl,1
2012,WY,Washakie,0,3944,0,0,794,3014,3944,medsl,1
2016,WY,Washakie,0,3814,0,0,532,2911,3814,medsl,1
2020,WY,Washakie,0,4032,0,0,651,3245,4032,medsl,1
2024,WY,Washakie,0,3877,0,0,656,3125,3877,medsl,1
2004,WY,Weston,0,3392,0,0,580,2739,3392,medsl,1
2008,WY,Weston,0,3414,0,0,658,2618,3414,medsl,1
2012,WY,Weston,0,3359,0,0,422,2821,3359,medsl,1
2016,WY,Weston,0,3526,0,0,299,3033,3526,medsl,1
2020,WY,Weston,0,3560,0,0,360,3107,3560,medsl,1
2024,WY,Weston,0,3512,0,0,378,3069,3512,medsl,1
